experiment,experiment_version,makespan,downtime_over_makespan,downtime_per_machine,usage,active_usage,total_work_content,status,runtime,gap
Experiment 0,4 Layers,20.0,"[[(0.0, 20.0)], [(6, 1), (13, 7.0)], [(15, 5.0)], [(12, 8.0)], [(6, 1), (13, 7.0)], [(6, 1), (13, 7.0)], [(12, 8.0)], [(0.0, 7.0), (19, 1.0)], [(0.0, 3.0)], [(0.0, 3.0), (8, 2)], [(0.0, 6.0), (11, 1), (19, 1.0)], [(0.0, 6.0), (13, 1), (19, 1.0)], [(0.0, 3.0)], [(0.0, 20.0)]]","[[20.0], [1, 7.0], [5.0], [8.0], [1, 7.0], [1, 7.0], [8.0], [7.0, 1.0], [3.0], [3.0, 2], [6.0, 1, 1.0], [6.0, 1, 1.0], [3.0], [20.0]]","[(0, 0.0, 0.0), (1, 12, 0.6), (2, 15, 0.75), (3, 12, 0.6), (4, 12, 0.6), (5, 12, 0.6), (6, 12, 0.6), (7, 12, 0.6), (8, 17, 0.85), (9, 15, 0.75), (10, 12, 0.6), (11, 12, 0.6), (12, 17, 0.85), (13, 0.0, 0.0)]","[(1, 12.0, 13.0, 0.9230769230769231, 0, 13), (2, 15.0, 15.0, 1.0, 0, 15), (3, 12.0, 12.0, 1.0, 0, 12), (4, 12.0, 13.0, 0.9230769230769231, 0, 13), (5, 12.0, 13.0, 0.9230769230769231, 0, 13), (6, 12.0, 12.0, 1.0, 0, 12), (7, 12.0, 12.0, 1.0, 7, 19), (8, 17.0, 17.0, 1.0, 3, 20), (9, 15.0, 17.0, 0.8823529411764706, 3, 20), (10, 12.0, 13.0, 0.9230769230769231, 6, 19), (11, 12.0, 13.0, 0.9230769230769231, 6, 19), (12, 17.0, 17.0, 1.0, 3, 20)]",160,2,7.582000017166138,0.0
Experiment 0,5 Layers,26.0,"[[(0.0, 26.0)], [(15, 1), (19, 7.0)], [(18, 8.0)], [(21, 5.0)], [(18, 8.0)], [(0.0, 7.0), (8, 3), (12, 2), (16, 2), (23, 3.0)], [(0.0, 13.0), (22, 4.0)], [(0.0, 7.0), (11, 1), (14, 5), (20, 6.0)], [(0.0, 3.0), (4, 2), (10, 16.0)], [(0.0, 10.0), (13, 1), (24, 2.0)], [(0.0, 11.0), (18, 1)], [(0.0, 8.0), (12, 3), (19, 1), (24, 2.0)], [(0.0, 8.0), (12, 2)], [(0.0, 26.0)]]","[[26.0], [1, 7.0], [8.0], [5.0], [8.0], [7.0, 3, 2, 2, 3.0], [13.0, 4.0], [7.0, 1, 5, 6.0], [3.0, 2, 16.0], [10.0, 1, 2.0], [11.0, 1], [8.0, 3, 1, 2.0], [8.0, 2], [26.0]]","[(0, 0.0, 0.0), (1, 18, 0.6923076923076923), (2, 18, 0.6923076923076923), (3, 21, 0.8076923076923077), (4, 18, 0.6923076923076923), (5, 9, 0.34615384615384615), (6, 9, 0.34615384615384615), (7, 7, 0.2692307692307692), (8, 5, 0.19230769230769232), (9, 13, 0.5), (10, 14, 0.5384615384615384), (11, 12, 0.46153846153846156), (12, 16, 0.6153846153846154), (13, 0.0, 0.0)]","[(1, 18.0, 19.0, 0.9473684210526315, 0, 19), (2, 18.0, 18.0, 1.0, 0, 18), (3, 21.0, 21.0, 1.0, 0, 21), (4, 18.0, 18.0, 1.0, 0, 18), (5, 9.0, 16.0, 0.5625, 7, 23), (6, 9.0, 9.0, 1.0, 13, 22), (7, 7.0, 13.0, 0.5384615384615384, 7, 20), (8, 5.0, 7.0, 0.7142857142857143, 3, 10), (9, 13.0, 14.0, 0.9285714285714286, 10, 24), (10, 14.0, 15.0, 0.9333333333333333, 11, 26), (11, 12.0, 16.0, 0.75, 8, 24), (12, 16.0, 18.0, 0.8888888888888888, 8, 26)]",160,2,15.032000064849854,0.0
Experiment 0,6 Layers,23.0,"[[(0.0, 23.0)], [(15, 8.0)], [(10, 13.0)], [(15, 8.0)], [(0.0, 2.0), (3, 1), (11, 4), (16, 7.0)], [(0.0, 2.0), (5, 1), (13, 2), (16, 7.0)], [(0.0, 1.0), (11, 1), (17, 6.0)], [(0.0, 3.0), (4, 3), (8, 3), (20, 3.0)], [(0.0, 3.0), (4, 1), (6, 4), (11, 1), (20, 3.0)], [(0.0, 4.0), (5, 3), (9, 2), (12, 1), (18, 5.0)], [(0.0, 4.0), (16, 1)], [(0.0, 4.0)], [(0.0, 5.0)], [(0.0, 23.0)]]","[[23.0], [8.0], [13.0], [8.0], [2.0, 1, 4, 7.0], [2.0, 1, 2, 7.0], [1.0, 1, 6.0], [3.0, 3, 3, 3.0], [3.0, 1, 4, 1, 3.0], [4.0, 3, 2, 1, 5.0], [4.0, 1], [4.0], [5.0], [23.0]]","[(0, 0.0, 0.0), (1, 15, 0.6521739130434783), (2, 10, 0.43478260869565216), (3, 15, 0.6521739130434783), (4, 9, 0.391304347826087), (5, 11, 0.4782608695652174), (6, 15, 0.6521739130434783), (7, 11, 0.4782608695652174), (8, 11, 0.4782608695652174), (9, 8, 0.34782608695652173), (10, 18, 0.782608695652174), (11, 19, 0.8260869565217391), (12, 18, 0.782608695652174), (13, 0.0, 0.0)]","[(1, 15.0, 15.0, 1.0, 0, 15), (2, 10.0, 10.0, 1.0, 0, 10), (3, 15.0, 15.0, 1.0, 0, 15), (4, 9.0, 14.0, 0.6428571428571429, 2, 16), (5, 11.0, 14.0, 0.7857142857142857, 2, 16), (6, 15.0, 16.0, 0.9375, 1, 17), (7, 11.0, 17.0, 0.6470588235294118, 3, 20), (8, 11.0, 17.0, 0.6470588235294118, 3, 20), (9, 8.0, 14.0, 0.5714285714285714, 4, 18), (10, 18.0, 19.0, 0.9473684210526315, 4, 23), (11, 19.0, 19.0, 1.0, 4, 23), (12, 18.0, 18.0, 1.0, 5, 23)]",160,2,57.22099995613098,0.0
Experiment 1,4 Layers,18.0,"[[(0.0, 18.0)], [(15, 3.0)], [(15, 3.0)], [(15, 3.0)], [(0.0, 1.0), (12, 6.0)], [(12, 6.0)], [(6, 1), (13, 5.0)], [(0.0, 7.0)], [(0.0, 5.0), (8, 3), (14, 1)], [(0.0, 6.0), (11, 1)], [(0.0, 12.0), (17, 1.0)], [(0.0, 6.0), (14, 1)], [(0.0, 5.0), (8, 4), (17, 1.0)], [(0.0, 18.0)]]","[[18.0], [3.0], [3.0], [3.0], [1.0, 6.0], [6.0], [1, 5.0], [7.0], [5.0, 3, 1], [6.0, 1], [12.0, 1.0], [6.0, 1], [5.0, 4, 1.0], [18.0]]","[(0, 0.0, 0.0), (1, 15, 0.8333333333333334), (2, 15, 0.8333333333333334), (3, 15, 0.8333333333333334), (4, 11, 0.6111111111111112), (5, 12, 0.6666666666666666), (6, 12, 0.6666666666666666), (7, 11, 0.6111111111111112), (8, 9, 0.5), (9, 11, 0.6111111111111112), (10, 5, 0.2777777777777778), (11, 11, 0.6111111111111112), (12, 8, 0.4444444444444444), (13, 0.0, 0.0)]","[(1, 15.0, 15.0, 1.0, 0, 15), (2, 15.0, 15.0, 1.0, 0, 15), (3, 15.0, 15.0, 1.0, 0, 15), (4, 11.0, 11.0, 1.0, 1, 12), (5, 12.0, 12.0, 1.0, 0, 12), (6, 12.0, 13.0, 0.9230769230769231, 0, 13), (7, 11.0, 11.0, 1.0, 7, 18), (8, 9.0, 13.0, 0.6923076923076923, 5, 18), (9, 11.0, 12.0, 0.9166666666666666, 6, 18), (10, 5.0, 5.0, 1.0, 12, 17), (11, 11.0, 12.0, 0.9166666666666666, 6, 18), (12, 8.0, 12.0, 0.6666666666666666, 5, 17)]",135,2,12.240000009536743,0.0
Experiment 1,5 Layers,24.0,"[[(0.0, 24.0)], [(21, 3.0)], [(17, 7.0)], [(21, 3.0)], [(21, 3.0)], [(0.0, 5.0), (6, 4), (11, 5), (18, 3), (23, 1.0)], [(0.0, 5.0), (6, 5), (13, 4), (19, 5.0)], [(0.0, 5.0), (6, 5), (13, 3), (18, 3), (23, 1.0)], [(0.0, 5.0), (6, 5), (13, 3), (18, 3), (23, 1.0)], [(0.0, 6.0), (8, 3), (13, 5), (21, 2)], [(0.0, 6.0), (8, 5), (16, 3), (22, 2.0)], [(0.0, 6.0), (8, 5), (16, 2), (19, 4)], [(0.0, 6.0), (8, 5), (16, 2), (19, 4)], [(0.0, 24.0)]]","[[24.0], [3.0], [7.0], [3.0], [3.0], [5.0, 4, 5, 3, 1.0], [5.0, 5, 4, 5.0], [5.0, 5, 3, 3, 1.0], [5.0, 5, 3, 3, 1.0], [6.0, 3, 5, 2], [6.0, 5, 3, 2.0], [6.0, 5, 2, 4], [6.0, 5, 2, 4], [24.0]]","[(0, 0.0, 0.0), (1, 21, 0.875), (2, 17, 0.7083333333333334), (3, 21, 0.875), (4, 21, 0.875), (5, 6, 0.25), (6, 5, 0.20833333333333334), (7, 7, 0.2916666666666667), (8, 7, 0.2916666666666667), (9, 8, 0.3333333333333333), (10, 8, 0.3333333333333333), (11, 7, 0.2916666666666667), (12, 7, 0.2916666666666667), (13, 0.0, 0.0)]","[(1, 21.0, 21.0, 1.0, 0, 21), (2, 17.0, 17.0, 1.0, 0, 17), (3, 21.0, 21.0, 1.0, 0, 21), (4, 21.0, 21.0, 1.0, 0, 21), (5, 6.0, 18.0, 0.3333333333333333, 5, 23), (6, 5.0, 14.0, 0.35714285714285715, 5, 19), (7, 7.0, 18.0, 0.3888888888888889, 5, 23), (8, 7.0, 18.0, 0.3888888888888889, 5, 23), (9, 8.0, 18.0, 0.4444444444444444, 6, 24), (10, 8.0, 16.0, 0.5, 6, 22), (11, 7.0, 18.0, 0.3888888888888889, 6, 24), (12, 7.0, 18.0, 0.3888888888888889, 6, 24)]",135,2,1.6700000762939453,0.0
Experiment 1,6 Layers,19.0,"[[(0.0, 19.0)], [(12, 7.0)], [(14, 5.0)], [(14, 5.0)], [(0.0, 3.0), (15, 4.0)], [(0.0, 1.0), (15, 4.0)], [(0.0, 1.0), (15, 4.0)], [(0.0, 6.0), (11, 2), (14, 1), (16, 3.0)], [(0.0, 5.0), (7, 2), (11, 1), (18, 1.0)], [(0.0, 6.0), (10, 1), (13, 2), (17, 2.0)], [(0.0, 9.0)], [(0.0, 11.0)], [(0.0, 7.0)], [(0.0, 19.0)]]","[[19.0], [7.0], [5.0], [5.0], [3.0, 4.0], [1.0, 4.0], [1.0, 4.0], [6.0, 2, 1, 3.0], [5.0, 2, 1, 1.0], [6.0, 1, 2, 2.0], [9.0], [11.0], [7.0], [19.0]]","[(0, 0.0, 0.0), (1, 12, 0.631578947368421), (2, 14, 0.7368421052631579), (3, 14, 0.7368421052631579), (4, 12, 0.631578947368421), (5, 14, 0.7368421052631579), (6, 14, 0.7368421052631579), (7, 7, 0.3684210526315789), (8, 10, 0.5263157894736842), (9, 8, 0.42105263157894735), (10, 10, 0.5263157894736842), (11, 8, 0.42105263157894735), (12, 12, 0.631578947368421), (13, 0.0, 0.0)]","[(1, 12.0, 12.0, 1.0, 0, 12), (2, 14.0, 14.0, 1.0, 0, 14), (3, 14.0, 14.0, 1.0, 0, 14), (4, 12.0, 12.0, 1.0, 3, 15), (5, 14.0, 14.0, 1.0, 1, 15), (6, 14.0, 14.0, 1.0, 1, 15), (7, 7.0, 10.0, 0.7, 6, 16), (8, 10.0, 13.0, 0.7692307692307693, 5, 18), (9, 8.0, 11.0, 0.7272727272727273, 6, 17), (10, 10.0, 10.0, 1.0, 9, 19), (11, 8.0, 8.0, 1.0, 11, 19), (12, 12.0, 12.0, 1.0, 7, 19)]",135,2,162.31700015068054,0.0
Experiment 2,4 Layers,19.0,"[[(0.0, 19.0)], [(12, 7.0)], [(13, 6.0)], [(13, 6.0)], [(13, 6.0)], [(15, 4.0)], [(14, 5.0)], [(0.0, 3.0)], [(0.0, 7.0), (12, 1)], [(0.0, 3.0), (9, 1)], [(0.0, 6.0)], [(0.0, 7.0), (12, 1)], [(0.0, 10.0)], [(0.0, 19.0)]]","[[19.0], [7.0], [6.0], [6.0], [6.0], [4.0], [5.0], [3.0], [7.0, 1], [3.0, 1], [6.0], [7.0, 1], [10.0], [19.0]]","[(0, 0.0, 0.0), (1, 12, 0.631578947368421), (2, 13, 0.6842105263157895), (3, 13, 0.6842105263157895), (4, 13, 0.6842105263157895), (5, 15, 0.7894736842105263), (6, 14, 0.7368421052631579), (7, 16, 0.8421052631578947), (8, 11, 0.5789473684210527), (9, 15, 0.7894736842105263), (10, 13, 0.6842105263157895), (11, 11, 0.5789473684210527), (12, 9, 0.47368421052631576), (13, 0.0, 0.0)]","[(1, 12.0, 12.0, 1.0, 0, 12), (2, 13.0, 13.0, 1.0, 0, 13), (3, 13.0, 13.0, 1.0, 0, 13), (4, 13.0, 13.0, 1.0, 0, 13), (5, 15.0, 15.0, 1.0, 0, 15), (6, 14.0, 14.0, 1.0, 0, 14), (7, 16.0, 16.0, 1.0, 3, 19), (8, 11.0, 12.0, 0.9166666666666666, 7, 19), (9, 15.0, 16.0, 0.9375, 3, 19), (10, 13.0, 13.0, 1.0, 6, 19), (11, 11.0, 12.0, 0.9166666666666666, 7, 19), (12, 9.0, 9.0, 1.0, 10, 19)]",155,2,21.27500009536743,0.0
Experiment 2,5 Layers,25.0,"[[(0.0, 25.0)], [(20, 5.0)], [(20, 5.0)], [(21, 4.0)], [(19, 6.0)], [(0.0, 8.0), (21, 4.0)], [(0.0, 12.0), (22, 3.0)], [(0.0, 9.0), (15, 10.0)], [(0.0, 3.0), (6, 2), (12, 7), (23, 2.0)], [(0.0, 12.0), (13, 3)], [(0.0, 11.0), (14, 4), (21, 1)], [(0.0, 18.0), (21, 1), (24, 1.0)], [(0.0, 6.0), (9, 5), (15, 1), (19, 1), (24, 1.0)], [(0.0, 25.0)]]","[[25.0], [5.0], [5.0], [4.0], [6.0], [8.0, 4.0], [12.0, 3.0], [9.0, 10.0], [3.0, 2, 7, 2.0], [12.0, 3], [11.0, 4, 1], [18.0, 1, 1.0], [6.0, 5, 1, 1, 1.0], [25.0]]","[(0, 0.0, 0.0), (1, 20, 0.8), (2, 20, 0.8), (3, 21, 0.84), (4, 19, 0.76), (5, 13, 0.52), (6, 10, 0.4), (7, 6, 0.24), (8, 11, 0.44), (9, 10, 0.4), (10, 9, 0.36), (11, 5, 0.2), (12, 11, 0.44), (13, 0.0, 0.0)]","[(1, 20.0, 20.0, 1.0, 0, 20), (2, 20.0, 20.0, 1.0, 0, 20), (3, 21.0, 21.0, 1.0, 0, 21), (4, 19.0, 19.0, 1.0, 0, 19), (5, 13.0, 13.0, 1.0, 8, 21), (6, 10.0, 10.0, 1.0, 12, 22), (7, 6.0, 6.0, 1.0, 9, 15), (8, 11.0, 20.0, 0.55, 3, 23), (9, 10.0, 13.0, 0.7692307692307693, 12, 25), (10, 9.0, 14.0, 0.6428571428571429, 11, 25), (11, 5.0, 6.0, 0.8333333333333334, 18, 24), (12, 11.0, 18.0, 0.6111111111111112, 6, 24)]",155,2,20.078999996185303,0.0
Experiment 2,6 Layers,26.0,"[[(0.0, 26.0)], [(20, 6.0)], [(19, 7.0)], [(21, 5.0)], [(0.0, 2.0), (4, 5), (12, 2), (16, 10.0)], [(0.0, 1.0), (6, 5), (12, 4), (17, 4), (22, 4.0)], [(0.0, 2.0), (4, 9), (14, 5), (21, 5.0)], [(0.0, 3.0), (12, 4), (25, 1.0)], [(0.0, 6.0), (7, 6), (18, 3), (25, 1.0)], [(0.0, 5.0), (8, 4), (20, 2), (23, 3.0)], [(0.0, 7.0), (10, 4), (17, 1), (21, 1)], [(0.0, 11.0), (21, 1)], [(0.0, 10.0), (13, 3), (17, 3), (21, 2)], [(0.0, 26.0)]]","[[26.0], [6.0], [7.0], [5.0], [2.0, 5, 2, 10.0], [1.0, 5, 4, 4, 4.0], [2.0, 9, 5, 5.0], [3.0, 4, 1.0], [6.0, 6, 3, 1.0], [5.0, 4, 2, 3.0], [7.0, 4, 1, 1], [11.0, 1], [10.0, 3, 3, 2], [26.0]]","[(0, 0.0, 0.0), (1, 20, 0.7692307692307693), (2, 19, 0.7307692307692307), (3, 21, 0.8076923076923077), (4, 7, 0.2692307692307692), (5, 8, 0.3076923076923077), (6, 5, 0.19230769230769232), (7, 18, 0.6923076923076923), (8, 10, 0.38461538461538464), (9, 12, 0.46153846153846156), (10, 13, 0.5), (11, 14, 0.5384615384615384), (12, 8, 0.3076923076923077), (13, 0.0, 0.0)]","[(1, 20.0, 20.0, 1.0, 0, 20), (2, 19.0, 19.0, 1.0, 0, 19), (3, 21.0, 21.0, 1.0, 0, 21), (4, 7.0, 14.0, 0.5, 2, 16), (5, 8.0, 21.0, 0.38095238095238093, 1, 22), (6, 5.0, 19.0, 0.2631578947368421, 2, 21), (7, 18.0, 22.0, 0.8181818181818182, 3, 25), (8, 10.0, 19.0, 0.5263157894736842, 6, 25), (9, 12.0, 18.0, 0.6666666666666666, 5, 23), (10, 13.0, 19.0, 0.6842105263157895, 7, 26), (11, 14.0, 15.0, 0.9333333333333333, 11, 26), (12, 8.0, 16.0, 0.5, 10, 26)]",155,2,19.187000036239624,0.0
Experiment 3,4 Layers,23.0,"[[(0.0, 23.0)], [(12, 1), (18, 5.0)], [(0.0, 1.0), (17, 6.0)], [(18, 5.0)], [(13, 10.0)], [(13, 10.0)], [(7, 3), (16, 7.0)], [(0.0, 7.0)], [(0.0, 7.0), (17, 1)], [(0.0, 7.0)], [(0.0, 7.0), (19, 4.0)], [(0.0, 8.0), (19, 4.0)], [(0.0, 10.0), (15, 2), (22, 1.0)], [(0.0, 23.0)]]","[[23.0], [1, 5.0], [1.0, 6.0], [5.0], [10.0], [10.0], [3, 7.0], [7.0], [7.0, 1], [7.0], [7.0, 4.0], [8.0, 4.0], [10.0, 2, 1.0], [23.0]]","[(0, 0.0, 0.0), (1, 17, 0.7391304347826086), (2, 16, 0.6956521739130435), (3, 18, 0.782608695652174), (4, 13, 0.5652173913043478), (5, 13, 0.5652173913043478), (6, 13, 0.5652173913043478), (7, 16, 0.6956521739130435), (8, 15, 0.6521739130434783), (9, 16, 0.6956521739130435), (10, 12, 0.5217391304347826), (11, 11, 0.4782608695652174), (12, 10, 0.43478260869565216), (13, 0.0, 0.0)]","[(1, 17.0, 18.0, 0.9444444444444444, 0, 18), (2, 16.0, 16.0, 1.0, 1, 17), (3, 18.0, 18.0, 1.0, 0, 18), (4, 13.0, 13.0, 1.0, 0, 13), (5, 13.0, 13.0, 1.0, 0, 13), (6, 13.0, 16.0, 0.8125, 0, 16), (7, 16.0, 16.0, 1.0, 7, 23), (8, 15.0, 16.0, 0.9375, 7, 23), (9, 16.0, 16.0, 1.0, 7, 23), (10, 12.0, 12.0, 1.0, 7, 19), (11, 11.0, 11.0, 1.0, 8, 19), (12, 10.0, 12.0, 0.8333333333333334, 10, 22)]",170,2,9.087000131607056,0.0
Experiment 3,5 Layers,28.0,"[[(0.0, 28.0)], [(23, 5.0)], [(23, 5.0)], [(21, 7.0)], [(23, 5.0)], [(0.0, 9.0), (18, 1), (22, 1), (26, 2.0)], [(0.0, 13.0), (22, 1), (26, 2.0)], [(0.0, 5.0), (11, 3), (17, 1), (24, 4.0)], [(0.0, 23.0), (26, 2.0)], [(0.0, 18.0), (20, 3), (25, 1)], [(0.0, 17.0)], [(0.0, 18.0), (22, 4)], [(0.0, 10.0), (12, 6)], [(0.0, 28.0)]]","[[28.0], [5.0], [5.0], [7.0], [5.0], [9.0, 1, 1, 2.0], [13.0, 1, 2.0], [5.0, 3, 1, 4.0], [23.0, 2.0], [18.0, 3, 1], [17.0], [18.0, 4], [10.0, 6], [28.0]]","[(0, 0.0, 0.0), (1, 23, 0.8214285714285714), (2, 23, 0.8214285714285714), (3, 21, 0.75), (4, 23, 0.8214285714285714), (5, 15, 0.5357142857142857), (6, 12, 0.42857142857142855), (7, 15, 0.5357142857142857), (8, 3, 0.10714285714285714), (9, 6, 0.21428571428571427), (10, 11, 0.39285714285714285), (11, 6, 0.21428571428571427), (12, 12, 0.42857142857142855), (13, 0.0, 0.0)]","[(1, 23.0, 23.0, 1.0, 0, 23), (2, 23.0, 23.0, 1.0, 0, 23), (3, 21.0, 21.0, 1.0, 0, 21), (4, 23.0, 23.0, 1.0, 0, 23), (5, 15.0, 17.0, 0.8823529411764706, 9, 26), (6, 12.0, 13.0, 0.9230769230769231, 13, 26), (7, 15.0, 19.0, 0.7894736842105263, 5, 24), (8, 3.0, 3.0, 1.0, 23, 26), (9, 6.0, 10.0, 0.6, 18, 28), (10, 11.0, 11.0, 1.0, 17, 28), (11, 6.0, 10.0, 0.6, 18, 28), (12, 12.0, 18.0, 0.6666666666666666, 10, 28)]",170,2,19.213000059127808,0.0
Experiment 3,6 Layers,27.0,"[[(0.0, 27.0)], [(20, 7.0)], [(20, 7.0)], [(20, 7.0)], [(0.0, 3.0), (5, 3), (10, 2), (14, 6), (22, 5.0)], [(0.0, 4.0), (6, 3), (13, 2), (19, 1), (22, 5.0)], [(0.0, 3.0), (5, 3), (10, 4), (16, 1), (19, 1), (22, 5.0)], [(0.0, 6.0), (9, 1), (13, 1), (17, 2), (25, 2.0)], [(0.0, 5.0), (8, 2), (25, 2.0)], [(0.0, 5.0), (8, 3), (14, 3), (20, 2), (25, 2.0)], [(0.0, 9.0), (12, 3), (17, 1), (24, 1)], [(0.0, 11.0), (15, 2), (20, 1), (24, 1)], [(0.0, 14.0), (17, 2), (21, 1)], [(0.0, 27.0)]]","[[27.0], [7.0], [7.0], [7.0], [3.0, 3, 2, 6, 5.0], [4.0, 3, 2, 1, 5.0], [3.0, 3, 4, 1, 1, 5.0], [6.0, 1, 1, 2, 2.0], [5.0, 2, 2.0], [5.0, 3, 3, 2, 2.0], [9.0, 3, 1, 1], [11.0, 2, 1, 1], [14.0, 2, 1], [27.0]]","[(0, 0.0, 0.0), (1, 20, 0.7407407407407407), (2, 20, 0.7407407407407407), (3, 20, 0.7407407407407407), (4, 8, 0.2962962962962963), (5, 12, 0.4444444444444444), (6, 10, 0.37037037037037035), (7, 15, 0.5555555555555556), (8, 18, 0.6666666666666666), (9, 12, 0.4444444444444444), (10, 13, 0.48148148148148145), (11, 12, 0.4444444444444444), (12, 10, 0.37037037037037035), (13, 0.0, 0.0)]","[(1, 20.0, 20.0, 1.0, 0, 20), (2, 20.0, 20.0, 1.0, 0, 20), (3, 20.0, 20.0, 1.0, 0, 20), (4, 8.0, 19.0, 0.42105263157894735, 3, 22), (5, 12.0, 18.0, 0.6666666666666666, 4, 22), (6, 10.0, 19.0, 0.5263157894736842, 3, 22), (7, 15.0, 19.0, 0.7894736842105263, 6, 25), (8, 18.0, 20.0, 0.9, 5, 25), (9, 12.0, 20.0, 0.6, 5, 25), (10, 13.0, 18.0, 0.7222222222222222, 9, 27), (11, 12.0, 16.0, 0.75, 11, 27), (12, 10.0, 13.0, 0.7692307692307693, 14, 27)]",170,2,43.71799993515015,0.0
Experiment 4,4 Layers,19.0,"[[(0.0, 19.0)], [(14, 5.0)], [(12, 7.0)], [(14, 5.0)], [(12, 7.0)], [(13, 6.0)], [(15, 4.0)], [(0.0, 5.0), (8, 1), (13, 2)], [(0.0, 12.0), (17, 2.0)], [(0.0, 7.0), (12, 2)], [(0.0, 5.0), (8, 1), (17, 2.0)], [(0.0, 5.0), (8, 1), (17, 2.0)], [(0.0, 7.0)], [(0.0, 19.0)]]","[[19.0], [5.0], [7.0], [5.0], [7.0], [6.0], [4.0], [5.0, 1, 2], [12.0, 2.0], [7.0, 2], [5.0, 1, 2.0], [5.0, 1, 2.0], [7.0], [19.0]]","[(0, 0.0, 0.0), (1, 14, 0.7368421052631579), (2, 12, 0.631578947368421), (3, 14, 0.7368421052631579), (4, 12, 0.631578947368421), (5, 13, 0.6842105263157895), (6, 15, 0.7894736842105263), (7, 11, 0.5789473684210527), (8, 5, 0.2631578947368421), (9, 10, 0.5263157894736842), (10, 11, 0.5789473684210527), (11, 11, 0.5789473684210527), (12, 12, 0.631578947368421), (13, 0.0, 0.0)]","[(1, 14.0, 14.0, 1.0, 0, 14), (2, 12.0, 12.0, 1.0, 0, 12), (3, 14.0, 14.0, 1.0, 0, 14), (4, 12.0, 12.0, 1.0, 0, 12), (5, 13.0, 13.0, 1.0, 0, 13), (6, 15.0, 15.0, 1.0, 0, 15), (7, 11.0, 14.0, 0.7857142857142857, 5, 19), (8, 5.0, 5.0, 1.0, 12, 17), (9, 10.0, 12.0, 0.8333333333333334, 7, 19), (10, 11.0, 12.0, 0.9166666666666666, 5, 17), (11, 11.0, 12.0, 0.9166666666666666, 5, 17), (12, 12.0, 12.0, 1.0, 7, 19)]",140,2,6.9690001010894775,0.0
Experiment 4,5 Layers,24.0,"[[(0.0, 24.0)], [(20, 4.0)], [(21, 3.0)], [(14, 1), (20, 4.0)], [(20, 4.0)], [(0.0, 10.0), (11, 5), (17, 3), (23, 1.0)], [(0.0, 4.0), (8, 3), (12, 2), (15, 5), (22, 2.0)], [(0.0, 12.0), (13, 3), (17, 1), (19, 1), (23, 1.0)], [(0.0, 4.0), (7, 6), (16, 8.0)], [(0.0, 10.0), (14, 5), (23, 1.0)], [(0.0, 14.0), (16, 3)], [(0.0, 7.0), (8, 6), (18, 1), (22, 1)], [(0.0, 8.0), (9, 3), (20, 2)], [(0.0, 24.0)]]","[[24.0], [4.0], [3.0], [1, 4.0], [4.0], [10.0, 5, 3, 1.0], [4.0, 3, 2, 5, 2.0], [12.0, 3, 1, 1, 1.0], [4.0, 6, 8.0], [10.0, 5, 1.0], [14.0, 3], [7.0, 6, 1, 1], [8.0, 3, 2], [24.0]]","[(0, 0.0, 0.0), (1, 20, 0.8333333333333334), (2, 21, 0.875), (3, 19, 0.7916666666666666), (4, 20, 0.8333333333333334), (5, 5, 0.20833333333333334), (6, 8, 0.3333333333333333), (7, 6, 0.25), (8, 6, 0.25), (9, 8, 0.3333333333333333), (10, 7, 0.2916666666666667), (11, 9, 0.375), (12, 11, 0.4583333333333333), (13, 0.0, 0.0)]","[(1, 20.0, 20.0, 1.0, 0, 20), (2, 21.0, 21.0, 1.0, 0, 21), (3, 19.0, 20.0, 0.95, 0, 20), (4, 20.0, 20.0, 1.0, 0, 20), (5, 5.0, 13.0, 0.38461538461538464, 10, 23), (6, 8.0, 18.0, 0.4444444444444444, 4, 22), (7, 6.0, 11.0, 0.5454545454545454, 12, 23), (8, 6.0, 12.0, 0.5, 4, 16), (9, 8.0, 13.0, 0.6153846153846154, 10, 23), (10, 7.0, 10.0, 0.7, 14, 24), (11, 9.0, 17.0, 0.5294117647058824, 7, 24), (12, 11.0, 16.0, 0.6875, 8, 24)]",140,2,19.403000116348267,0.0
Experiment 4,6 Layers,22.0,"[[(0.0, 22.0)], [(17, 5.0)], [(17, 5.0)], [(16, 6.0)], [(0.0, 1.0), (9, 2), (12, 2), (15, 2), (19, 3.0)], [(0.0, 2.0), (5, 7), (18, 4.0)], [(0.0, 1.0), (4, 2), (7, 3), (11, 3), (16, 1), (19, 3.0)], [(0.0, 7.0), (8, 2), (11, 2), (14, 1), (16, 2), (20, 2.0)], [(0.0, 7.0), (10, 1), (12, 4), (17, 1), (21, 1.0)], [(0.0, 4.0), (7, 2), (13, 2), (18, 1), (20, 2.0)], [(0.0, 10.0), (11, 1)], [(0.0, 8.0)], [(0.0, 11.0), (17, 1)], [(0.0, 22.0)]]","[[22.0], [5.0], [5.0], [6.0], [1.0, 2, 2, 2, 3.0], [2.0, 7, 4.0], [1.0, 2, 3, 3, 1, 3.0], [7.0, 2, 2, 1, 2, 2.0], [7.0, 1, 4, 1, 1.0], [4.0, 2, 2, 1, 2.0], [10.0, 1], [8.0], [11.0, 1], [22.0]]","[(0, 0.0, 0.0), (1, 17, 0.7727272727272727), (2, 17, 0.7727272727272727), (3, 16, 0.7272727272727273), (4, 12, 0.5454545454545454), (5, 9, 0.4090909090909091), (6, 9, 0.4090909090909091), (7, 6, 0.2727272727272727), (8, 8, 0.36363636363636365), (9, 11, 0.5), (10, 11, 0.5), (11, 14, 0.6363636363636364), (12, 10, 0.45454545454545453), (13, 0.0, 0.0)]","[(1, 17.0, 17.0, 1.0, 0, 17), (2, 17.0, 17.0, 1.0, 0, 17), (3, 16.0, 16.0, 1.0, 0, 16), (4, 12.0, 18.0, 0.6666666666666666, 1, 19), (5, 9.0, 16.0, 0.5625, 2, 18), (6, 9.0, 18.0, 0.5, 1, 19), (7, 6.0, 13.0, 0.46153846153846156, 7, 20), (8, 8.0, 14.0, 0.5714285714285714, 7, 21), (9, 11.0, 16.0, 0.6875, 4, 20), (10, 11.0, 12.0, 0.9166666666666666, 10, 22), (11, 14.0, 14.0, 1.0, 8, 22), (12, 10.0, 11.0, 0.9090909090909091, 11, 22)]",140,2,33.82599997520447,0.0
Experiment 5,4 Layers,19.0,"[[(0.0, 19.0)], [(14, 5.0)], [(14, 5.0)], [(9, 10.0)], [(9, 10.0)], [(13, 6.0)], [(11, 8.0)], [(0.0, 3.0)], [(0.0, 3.0)], [(0.0, 3.0)], [(0.0, 3.0), (14, 5.0)], [(0.0, 3.0), (14, 5.0)], [(0.0, 6.0), (16, 3.0)], [(0.0, 19.0)]]","[[19.0], [5.0], [5.0], [10.0], [10.0], [6.0], [8.0], [3.0], [3.0], [3.0], [3.0, 5.0], [3.0, 5.0], [6.0, 3.0], [19.0]]","[(0, 0.0, 0.0), (1, 14, 0.7368421052631579), (2, 14, 0.7368421052631579), (3, 9, 0.47368421052631576), (4, 9, 0.47368421052631576), (5, 13, 0.6842105263157895), (6, 11, 0.5789473684210527), (7, 16, 0.8421052631578947), (8, 16, 0.8421052631578947), (9, 16, 0.8421052631578947), (10, 11, 0.5789473684210527), (11, 11, 0.5789473684210527), (12, 10, 0.5263157894736842), (13, 0.0, 0.0)]","[(1, 14.0, 14.0, 1.0, 0, 14), (2, 14.0, 14.0, 1.0, 0, 14), (3, 9.0, 9.0, 1.0, 0, 9), (4, 9.0, 9.0, 1.0, 0, 9), (5, 13.0, 13.0, 1.0, 0, 13), (6, 11.0, 11.0, 1.0, 0, 11), (7, 16.0, 16.0, 1.0, 3, 19), (8, 16.0, 16.0, 1.0, 3, 19), (9, 16.0, 16.0, 1.0, 3, 19), (10, 11.0, 11.0, 1.0, 3, 14), (11, 11.0, 11.0, 1.0, 3, 14), (12, 10.0, 10.0, 1.0, 6, 16)]",150,2,5.877000093460083,0.0
Experiment 5,5 Layers,23.0,"[[(0.0, 23.0)], [(18, 5.0)], [(16, 7.0)], [(18, 5.0)], [(18, 5.0)], [(0.0, 3.0), (4, 2), (7, 9), (20, 3.0)], [(0.0, 3.0), (4, 1), (7, 6), (14, 4), (19, 4.0)], [(0.0, 13.0), (15, 8.0)], [(0.0, 7.0), (10, 1), (13, 2), (16, 2), (19, 4.0)], [(0.0, 5.0), (10, 1)], [(0.0, 6.0), (14, 1), (18, 1)], [(0.0, 7.0), (12, 2), (21, 2.0)], [(0.0, 4.0), (16, 3)], [(0.0, 23.0)]]","[[23.0], [5.0], [7.0], [5.0], [5.0], [3.0, 2, 9, 3.0], [3.0, 1, 6, 4, 4.0], [13.0, 8.0], [7.0, 1, 2, 2, 4.0], [5.0, 1], [6.0, 1, 1], [7.0, 2, 2.0], [4.0, 3], [23.0]]","[(0, 0.0, 0.0), (1, 18, 0.782608695652174), (2, 16, 0.6956521739130435), (3, 18, 0.782608695652174), (4, 18, 0.782608695652174), (5, 6, 0.2608695652173913), (6, 5, 0.21739130434782608), (7, 2, 0.08695652173913043), (8, 7, 0.30434782608695654), (9, 17, 0.7391304347826086), (10, 15, 0.6521739130434783), (11, 12, 0.5217391304347826), (12, 16, 0.6956521739130435), (13, 0.0, 0.0)]","[(1, 18.0, 18.0, 1.0, 0, 18), (2, 16.0, 16.0, 1.0, 0, 16), (3, 18.0, 18.0, 1.0, 0, 18), (4, 18.0, 18.0, 1.0, 0, 18), (5, 6.0, 17.0, 0.35294117647058826, 3, 20), (6, 5.0, 16.0, 0.3125, 3, 19), (7, 2.0, 2.0, 1.0, 13, 15), (8, 7.0, 12.0, 0.5833333333333334, 7, 19), (9, 17.0, 18.0, 0.9444444444444444, 5, 23), (10, 15.0, 17.0, 0.8823529411764706, 6, 23), (11, 12.0, 14.0, 0.8571428571428571, 7, 21), (12, 16.0, 19.0, 0.8421052631578947, 4, 23)]",150,2,16.39299988746643,0.0
Experiment 5,6 Layers,24.0,"[[(0.0, 24.0)], [(14, 10.0)], [(13, 11.0)], [(13, 11.0)], [(0.0, 1.0), (5, 2), (8, 4), (16, 8.0)], [(0.0, 1.0), (5, 2), (8, 1), (18, 6.0)], [(0.0, 1.0), (3, 3), (7, 4), (12, 1), (16, 8.0)], [(0.0, 3.0), (4, 1), (6, 2), (9, 4), (14, 2), (18, 6.0)], [(0.0, 3.0), (4, 1), (6, 2), (9, 3), (14, 2), (18, 6.0)], [(0.0, 3.0), (4, 3), (8, 4), (13, 2), (17, 1), (20, 4.0)], [(0.0, 4.0)], [(0.0, 4.0)], [(0.0, 4.0)], [(0.0, 24.0)]]","[[24.0], [10.0], [11.0], [11.0], [1.0, 2, 4, 8.0], [1.0, 2, 1, 6.0], [1.0, 3, 4, 1, 8.0], [3.0, 1, 2, 4, 2, 6.0], [3.0, 1, 2, 3, 2, 6.0], [3.0, 3, 4, 2, 1, 4.0], [4.0], [4.0], [4.0], [24.0]]","[(0, 0.0, 0.0), (1, 14, 0.5833333333333334), (2, 13, 0.5416666666666666), (3, 13, 0.5416666666666666), (4, 9, 0.375), (5, 14, 0.5833333333333334), (6, 7, 0.2916666666666667), (7, 6, 0.25), (8, 7, 0.2916666666666667), (9, 7, 0.2916666666666667), (10, 20, 0.8333333333333334), (11, 20, 0.8333333333333334), (12, 20, 0.8333333333333334), (13, 0.0, 0.0)]","[(1, 14.0, 14.0, 1.0, 0, 14), (2, 13.0, 13.0, 1.0, 0, 13), (3, 13.0, 13.0, 1.0, 0, 13), (4, 9.0, 15.0, 0.6, 1, 16), (5, 14.0, 17.0, 0.8235294117647058, 1, 18), (6, 7.0, 15.0, 0.4666666666666667, 1, 16), (7, 6.0, 15.0, 0.4, 3, 18), (8, 7.0, 15.0, 0.4666666666666667, 3, 18), (9, 7.0, 17.0, 0.4117647058823529, 3, 20), (10, 20.0, 20.0, 1.0, 4, 24), (11, 20.0, 20.0, 1.0, 4, 24), (12, 20.0, 20.0, 1.0, 4, 24)]",150,2,1.0299999713897705,0.0
Experiment 6,4 Layers,18.0,"[[(0.0, 18.0)], [(11, 7.0)], [(4, 2), (10, 8.0)], [(4, 2), (10, 8.0)], [(11, 7.0)], [(9, 9.0)], [(13, 5.0)], [(0.0, 3.0)], [(0.0, 4.0), (10, 1), (17, 1.0)], [(0.0, 4.0), (16, 2.0)], [(0.0, 3.0)], [(0.0, 7.0)], [(0.0, 3.0)], [(0.0, 18.0)]]","[[18.0], [7.0], [2, 8.0], [2, 8.0], [7.0], [9.0], [5.0], [3.0], [4.0, 1, 1.0], [4.0, 2.0], [3.0], [7.0], [3.0], [18.0]]","[(0, 0.0, 0.0), (1, 11, 0.6111111111111112), (2, 8, 0.4444444444444444), (3, 8, 0.4444444444444444), (4, 11, 0.6111111111111112), (5, 9, 0.5), (6, 13, 0.7222222222222222), (7, 15, 0.8333333333333334), (8, 12, 0.6666666666666666), (9, 12, 0.6666666666666666), (10, 15, 0.8333333333333334), (11, 11, 0.6111111111111112), (12, 15, 0.8333333333333334), (13, 0.0, 0.0)]","[(1, 11.0, 11.0, 1.0, 0, 11), (2, 8.0, 10.0, 0.8, 0, 10), (3, 8.0, 10.0, 0.8, 0, 10), (4, 11.0, 11.0, 1.0, 0, 11), (5, 9.0, 9.0, 1.0, 0, 9), (6, 13.0, 13.0, 1.0, 0, 13), (7, 15.0, 15.0, 1.0, 3, 18), (8, 12.0, 13.0, 0.9230769230769231, 4, 17), (9, 12.0, 12.0, 1.0, 4, 16), (10, 15.0, 15.0, 1.0, 3, 18), (11, 11.0, 11.0, 1.0, 7, 18), (12, 15.0, 15.0, 1.0, 3, 18)]",140,2,8.838000059127808,0.0
Experiment 6,5 Layers,21.0,"[[(0.0, 21.0)], [(15, 6.0)], [(14, 7.0)], [(16, 5.0)], [(15, 6.0)], [(0.0, 10.0), (20, 1.0)], [(0.0, 3.0), (4, 1), (9, 2), (20, 1.0)], [(0.0, 4.0), (14, 1), (20, 1.0)], [(0.0, 3.0), (4, 5), (19, 2.0)], [(0.0, 9.0), (10, 4), (19, 1)], [(0.0, 9.0), (16, 3)], [(0.0, 4.0), (8, 2), (14, 5)], [(0.0, 17.0)], [(0.0, 21.0)]]","[[21.0], [6.0], [7.0], [5.0], [6.0], [10.0, 1.0], [3.0, 1, 2, 1.0], [4.0, 1, 1.0], [3.0, 5, 2.0], [9.0, 4, 1], [9.0, 3], [4.0, 2, 5], [17.0], [21.0]]","[(0, 0.0, 0.0), (1, 15, 0.7142857142857143), (2, 14, 0.6666666666666666), (3, 16, 0.7619047619047619), (4, 15, 0.7142857142857143), (5, 10, 0.47619047619047616), (6, 14, 0.6666666666666666), (7, 15, 0.7142857142857143), (8, 11, 0.5238095238095238), (9, 7, 0.3333333333333333), (10, 9, 0.42857142857142855), (11, 10, 0.47619047619047616), (12, 4, 0.19047619047619047), (13, 0.0, 0.0)]","[(1, 15.0, 15.0, 1.0, 0, 15), (2, 14.0, 14.0, 1.0, 0, 14), (3, 16.0, 16.0, 1.0, 0, 16), (4, 15.0, 15.0, 1.0, 0, 15), (5, 10.0, 10.0, 1.0, 10, 20), (6, 14.0, 17.0, 0.8235294117647058, 3, 20), (7, 15.0, 16.0, 0.9375, 4, 20), (8, 11.0, 16.0, 0.6875, 3, 19), (9, 7.0, 12.0, 0.5833333333333334, 9, 21), (10, 9.0, 12.0, 0.75, 9, 21), (11, 10.0, 17.0, 0.5882352941176471, 4, 21), (12, 4.0, 4.0, 1.0, 17, 21)]",140,2,11.757999897003174,0.0
Experiment 6,6 Layers,22.0,"[[(0.0, 22.0)], [(14, 8.0)], [(14, 8.0)], [(10, 1), (13, 9.0)], [(0.0, 2.0), (4, 5), (11, 1), (16, 6.0)], [(0.0, 2.0), (4, 4), (9, 1), (13, 9.0)], [(0.0, 2.0), (4, 2), (9, 4), (14, 8.0)], [(0.0, 4.0), (20, 2.0)], [(0.0, 4.0), (21, 1.0)], [(0.0, 4.0), (21, 1.0)], [(0.0, 11.0)], [(0.0, 9.0), (10, 5)], [(0.0, 9.0), (10, 1), (15, 1)], [(0.0, 22.0)]]","[[22.0], [8.0], [8.0], [1, 9.0], [2.0, 5, 1, 6.0], [2.0, 4, 1, 9.0], [2.0, 2, 4, 8.0], [4.0, 2.0], [4.0, 1.0], [4.0, 1.0], [11.0], [9.0, 5], [9.0, 1, 1], [22.0]]","[(0, 0.0, 0.0), (1, 14, 0.6363636363636364), (2, 14, 0.6363636363636364), (3, 12, 0.5454545454545454), (4, 8, 0.36363636363636365), (5, 6, 0.2727272727272727), (6, 6, 0.2727272727272727), (7, 16, 0.7272727272727273), (8, 17, 0.7727272727272727), (9, 17, 0.7727272727272727), (10, 11, 0.5), (11, 8, 0.36363636363636365), (12, 11, 0.5), (13, 0.0, 0.0)]","[(1, 14.0, 14.0, 1.0, 0, 14), (2, 14.0, 14.0, 1.0, 0, 14), (3, 12.0, 13.0, 0.9230769230769231, 0, 13), (4, 8.0, 14.0, 0.5714285714285714, 2, 16), (5, 6.0, 11.0, 0.5454545454545454, 2, 13), (6, 6.0, 12.0, 0.5, 2, 14), (7, 16.0, 16.0, 1.0, 4, 20), (8, 17.0, 17.0, 1.0, 4, 21), (9, 17.0, 17.0, 1.0, 4, 21), (10, 11.0, 11.0, 1.0, 11, 22), (11, 8.0, 13.0, 0.6153846153846154, 9, 22), (12, 11.0, 13.0, 0.8461538461538461, 9, 22)]",140,2,16.19599986076355,0.0
Experiment 7,4 Layers,17.0,"[[(0.0, 17.0)], [(14, 3.0)], [(10, 7.0)], [(11, 6.0)], [(11, 6.0)], [(14, 3.0)], [(6, 1), (11, 6.0)], [(0.0, 7.0), (16, 1.0)], [(0.0, 4.0), (9, 1), (14, 3.0)], [(0.0, 7.0), (14, 3.0)], [(0.0, 3.0), (15, 2.0)], [(0.0, 3.0), (8, 2)], [(0.0, 6.0)], [(0.0, 17.0)]]","[[17.0], [3.0], [7.0], [6.0], [6.0], [3.0], [1, 6.0], [7.0, 1.0], [4.0, 1, 3.0], [7.0, 3.0], [3.0, 2.0], [3.0, 2], [6.0], [17.0]]","[(0, 0.0, 0.0), (1, 14, 0.8235294117647058), (2, 10, 0.5882352941176471), (3, 11, 0.6470588235294118), (4, 11, 0.6470588235294118), (5, 14, 0.8235294117647058), (6, 10, 0.5882352941176471), (7, 9, 0.5294117647058824), (8, 9, 0.5294117647058824), (9, 7, 0.4117647058823529), (10, 12, 0.7058823529411765), (11, 12, 0.7058823529411765), (12, 11, 0.6470588235294118), (13, 0.0, 0.0)]","[(1, 14.0, 14.0, 1.0, 0, 14), (2, 10.0, 10.0, 1.0, 0, 10), (3, 11.0, 11.0, 1.0, 0, 11), (4, 11.0, 11.0, 1.0, 0, 11), (5, 14.0, 14.0, 1.0, 0, 14), (6, 10.0, 11.0, 0.9090909090909091, 0, 11), (7, 9.0, 9.0, 1.0, 7, 16), (8, 9.0, 10.0, 0.9, 4, 14), (9, 7.0, 7.0, 1.0, 7, 14), (10, 12.0, 12.0, 1.0, 3, 15), (11, 12.0, 14.0, 0.8571428571428571, 3, 17), (12, 11.0, 11.0, 1.0, 6, 17)]",130,2,58.95800018310547,0.0
Experiment 7,5 Layers,21.0,"[[(0.0, 21.0)], [(18, 3.0)], [(17, 4.0)], [(3, 1), (18, 3.0)], [(18, 3.0)], [(0.0, 8.0), (10, 5), (20, 1.0)], [(0.0, 3.0), (6, 2), (10, 1), (13, 1), (19, 2.0)], [(0.0, 11.0), (13, 5), (20, 1.0)], [(0.0, 3.0), (6, 4), (12, 1), (20, 1.0)], [(0.0, 13.0), (17, 1)], [(0.0, 10.0), (11, 3), (16, 1)], [(0.0, 11.0), (13, 4)], [(0.0, 8.0), (10, 3), (15, 5)], [(0.0, 21.0)]]","[[21.0], [3.0], [4.0], [1, 3.0], [3.0], [8.0, 5, 1.0], [3.0, 2, 1, 1, 2.0], [11.0, 5, 1.0], [3.0, 4, 1, 1.0], [13.0, 1], [10.0, 3, 1], [11.0, 4], [8.0, 3, 5], [21.0]]","[(0, 0.0, 0.0), (1, 18, 0.8571428571428571), (2, 17, 0.8095238095238095), (3, 17, 0.8095238095238095), (4, 18, 0.8571428571428571), (5, 7, 0.3333333333333333), (6, 12, 0.5714285714285714), (7, 4, 0.19047619047619047), (8, 12, 0.5714285714285714), (9, 7, 0.3333333333333333), (10, 7, 0.3333333333333333), (11, 6, 0.2857142857142857), (12, 5, 0.23809523809523808), (13, 0.0, 0.0)]","[(1, 18.0, 18.0, 1.0, 0, 18), (2, 17.0, 17.0, 1.0, 0, 17), (3, 17.0, 18.0, 0.9444444444444444, 0, 18), (4, 18.0, 18.0, 1.0, 0, 18), (5, 7.0, 12.0, 0.5833333333333334, 8, 20), (6, 12.0, 16.0, 0.75, 3, 19), (7, 4.0, 9.0, 0.4444444444444444, 11, 20), (8, 12.0, 17.0, 0.7058823529411765, 3, 20), (9, 7.0, 8.0, 0.875, 13, 21), (10, 7.0, 11.0, 0.6363636363636364, 10, 21), (11, 6.0, 10.0, 0.6, 11, 21), (12, 5.0, 13.0, 0.38461538461538464, 8, 21)]",130,2,10.536999940872192,0.0
Experiment 7,6 Layers,20.0,"[[(0.0, 20.0)], [(9, 4), (15, 5.0)], [(3, 1), (8, 12.0)], [(7, 13.0)], [(0.0, 1.0), (16, 4.0)], [(0.0, 1.0), (17, 3.0)], [(0.0, 2.0), (14, 1), (17, 3.0)], [(0.0, 7.0), (12, 1), (16, 1), (19, 1.0)], [(0.0, 3.0), (6, 1), (11, 1), (14, 1), (19, 1.0)], [(0.0, 4.0), (7, 1), (11, 1), (18, 2.0)], [(0.0, 7.0), (9, 3)], [(0.0, 10.0), (17, 1)], [(0.0, 8.0), (10, 4), (15, 2)], [(0.0, 20.0)]]","[[20.0], [4, 5.0], [1, 12.0], [13.0], [1.0, 4.0], [1.0, 3.0], [2.0, 1, 3.0], [7.0, 1, 1, 1.0], [3.0, 1, 1, 1, 1.0], [4.0, 1, 1, 2.0], [7.0, 3], [10.0, 1], [8.0, 4, 2], [20.0]]","[(0, 0.0, 0.0), (1, 11, 0.55), (2, 7, 0.35), (3, 7, 0.35), (4, 15, 0.75), (5, 16, 0.8), (6, 14, 0.7), (7, 10, 0.5), (8, 13, 0.65), (9, 12, 0.6), (10, 10, 0.5), (11, 9, 0.45), (12, 6, 0.3), (13, 0.0, 0.0)]","[(1, 11.0, 15.0, 0.7333333333333333, 0, 15), (2, 7.0, 8.0, 0.875, 0, 8), (3, 7.0, 7.0, 1.0, 0, 7), (4, 15.0, 15.0, 1.0, 1, 16), (5, 16.0, 16.0, 1.0, 1, 17), (6, 14.0, 15.0, 0.9333333333333333, 2, 17), (7, 10.0, 12.0, 0.8333333333333334, 7, 19), (8, 13.0, 16.0, 0.8125, 3, 19), (9, 12.0, 14.0, 0.8571428571428571, 4, 18), (10, 10.0, 13.0, 0.7692307692307693, 7, 20), (11, 9.0, 10.0, 0.9, 10, 20), (12, 6.0, 12.0, 0.5, 8, 20)]",130,2,101.66899991035461,0.0
Experiment 8,4 Layers,25.0,"[[(0.0, 25.0)], [(18, 7.0)], [(18, 7.0)], [(18, 7.0)], [(12, 13.0)], [(12, 13.0)], [(12, 13.0)], [(0.0, 6.0)], [(0.0, 6.0), (20, 5.0)], [(0.0, 6.0), (20, 5.0)], [(0.0, 6.0), (20, 5.0)], [(0.0, 6.0), (23, 2.0)], [(0.0, 6.0), (23, 2.0)], [(0.0, 25.0)]]","[[25.0], [7.0], [7.0], [7.0], [13.0], [13.0], [13.0], [6.0], [6.0, 5.0], [6.0, 5.0], [6.0, 5.0], [6.0, 2.0], [6.0, 2.0], [25.0]]","[(0, 0.0, 0.0), (1, 18, 0.72), (2, 18, 0.72), (3, 18, 0.72), (4, 12, 0.48), (5, 12, 0.48), (6, 12, 0.48), (7, 19, 0.76), (8, 14, 0.56), (9, 14, 0.56), (10, 14, 0.56), (11, 17, 0.68), (12, 17, 0.68), (13, 0.0, 0.0)]","[(1, 18.0, 18.0, 1.0, 0, 18), (2, 18.0, 18.0, 1.0, 0, 18), (3, 18.0, 18.0, 1.0, 0, 18), (4, 12.0, 12.0, 1.0, 0, 12), (5, 12.0, 12.0, 1.0, 0, 12), (6, 12.0, 12.0, 1.0, 0, 12), (7, 19.0, 19.0, 1.0, 6, 25), (8, 14.0, 14.0, 1.0, 6, 20), (9, 14.0, 14.0, 1.0, 6, 20), (10, 14.0, 14.0, 1.0, 6, 20), (11, 17.0, 17.0, 1.0, 6, 23), (12, 17.0, 17.0, 1.0, 6, 23)]",185,2,4.580999851226807,0.0
Experiment 8,5 Layers,29.0,"[[(0.0, 29.0)], [(24, 5.0)], [(24, 5.0)], [(24, 5.0)], [(18, 11.0)], [(0.0, 6.0), (8, 4), (14, 4), (23, 1), (26, 3.0)], [(0.0, 6.0), (8, 4), (17, 1), (23, 6.0)], [(0.0, 6.0), (8, 4), (17, 1), (20, 4), (26, 3.0)], [(0.0, 6.0), (8, 4), (17, 1), (20, 4), (26, 3.0)], [(0.0, 8.0), (13, 1), (19, 4), (25, 1)], [(0.0, 8.0), (13, 4), (19, 4), (25, 4.0)], [(0.0, 8.0), (13, 4), (19, 1), (23, 3)], [(0.0, 8.0), (13, 4), (19, 1), (23, 3)], [(0.0, 29.0)]]","[[29.0], [5.0], [5.0], [5.0], [11.0], [6.0, 4, 4, 1, 3.0], [6.0, 4, 1, 6.0], [6.0, 4, 1, 4, 3.0], [6.0, 4, 1, 4, 3.0], [8.0, 1, 4, 1], [8.0, 4, 4, 4.0], [8.0, 4, 1, 3], [8.0, 4, 1, 3], [29.0]]","[(0, 0.0, 0.0), (1, 24, 0.8275862068965517), (2, 24, 0.8275862068965517), (3, 24, 0.8275862068965517), (4, 18, 0.6206896551724138), (5, 11, 0.3793103448275862), (6, 12, 0.41379310344827586), (7, 11, 0.3793103448275862), (8, 11, 0.3793103448275862), (9, 15, 0.5172413793103449), (10, 9, 0.3103448275862069), (11, 13, 0.4482758620689655), (12, 13, 0.4482758620689655), (13, 0.0, 0.0)]","[(1, 24.0, 24.0, 1.0, 0, 24), (2, 24.0, 24.0, 1.0, 0, 24), (3, 24.0, 24.0, 1.0, 0, 24), (4, 18.0, 18.0, 1.0, 0, 18), (5, 11.0, 20.0, 0.55, 6, 26), (6, 12.0, 17.0, 0.7058823529411765, 6, 23), (7, 11.0, 20.0, 0.55, 6, 26), (8, 11.0, 20.0, 0.55, 6, 26), (9, 15.0, 21.0, 0.7142857142857143, 8, 29), (10, 9.0, 17.0, 0.5294117647058824, 8, 25), (11, 13.0, 21.0, 0.6190476190476191, 8, 29), (12, 13.0, 21.0, 0.6190476190476191, 8, 29)]",185,2,1.557999849319458,0.0
Experiment 8,6 Layers,27.0,"[[(0.0, 27.0)], [(19, 8.0)], [(17, 10.0)], [(19, 8.0)], [(0.0, 2.0), (12, 3), (18, 9.0)], [(0.0, 5.0), (6, 2), (10, 1), (13, 2), (21, 6.0)], [(0.0, 4.0), (8, 2), (16, 3), (20, 7.0)], [(0.0, 7.0), (9, 1), (14, 2), (21, 6.0)], [(0.0, 6.0), (15, 1), (25, 2.0)], [(0.0, 6.0), (16, 1), (19, 1), (24, 3.0)], [(0.0, 11.0), (13, 1)], [(0.0, 9.0), (14, 1)], [(0.0, 8.0), (23, 1)], [(0.0, 27.0)]]","[[27.0], [8.0], [10.0], [8.0], [2.0, 3, 9.0], [5.0, 2, 1, 2, 6.0], [4.0, 2, 3, 7.0], [7.0, 1, 2, 6.0], [6.0, 1, 2.0], [6.0, 1, 1, 3.0], [11.0, 1], [9.0, 1], [8.0, 1], [27.0]]","[(0, 0.0, 0.0), (1, 19, 0.7037037037037037), (2, 17, 0.6296296296296297), (3, 19, 0.7037037037037037), (4, 13, 0.48148148148148145), (5, 11, 0.4074074074074074), (6, 11, 0.4074074074074074), (7, 11, 0.4074074074074074), (8, 18, 0.6666666666666666), (9, 16, 0.5925925925925926), (10, 15, 0.5555555555555556), (11, 17, 0.6296296296296297), (12, 18, 0.6666666666666666), (13, 0.0, 0.0)]","[(1, 19.0, 19.0, 1.0, 0, 19), (2, 17.0, 17.0, 1.0, 0, 17), (3, 19.0, 19.0, 1.0, 0, 19), (4, 13.0, 16.0, 0.8125, 2, 18), (5, 11.0, 16.0, 0.6875, 5, 21), (6, 11.0, 16.0, 0.6875, 4, 20), (7, 11.0, 14.0, 0.7857142857142857, 7, 21), (8, 18.0, 19.0, 0.9473684210526315, 6, 25), (9, 16.0, 18.0, 0.8888888888888888, 6, 24), (10, 15.0, 16.0, 0.9375, 11, 27), (11, 17.0, 18.0, 0.9444444444444444, 9, 27), (12, 18.0, 19.0, 0.9473684210526315, 8, 27)]",185,9,1800.1110000610352,0.037037037037037035
Experiment 9,4 Layers,22.0,"[[(0.0, 22.0)], [(18, 4.0)], [(18, 4.0)], [(18, 4.0)], [(11, 11.0)], [(11, 11.0)], [(14, 8.0)], [(0.0, 4.0), (8, 3), (15, 3)], [(0.0, 4.0), (8, 3), (15, 3)], [(0.0, 4.0), (8, 3), (15, 3)], [(0.0, 4.0), (8, 3), (15, 7.0)], [(0.0, 4.0), (8, 3), (15, 7.0)], [(0.0, 7.0), (11, 3), (18, 4.0)], [(0.0, 22.0)]]","[[22.0], [4.0], [4.0], [4.0], [11.0], [11.0], [8.0], [4.0, 3, 3], [4.0, 3, 3], [4.0, 3, 3], [4.0, 3, 7.0], [4.0, 3, 7.0], [7.0, 3, 4.0], [22.0]]","[(0, 0.0, 0.0), (1, 18, 0.8181818181818182), (2, 18, 0.8181818181818182), (3, 18, 0.8181818181818182), (4, 11, 0.5), (5, 11, 0.5), (6, 14, 0.6363636363636364), (7, 12, 0.5454545454545454), (8, 12, 0.5454545454545454), (9, 12, 0.5454545454545454), (10, 8, 0.36363636363636365), (11, 8, 0.36363636363636365), (12, 8, 0.36363636363636365), (13, 0.0, 0.0)]","[(1, 18.0, 18.0, 1.0, 0, 18), (2, 18.0, 18.0, 1.0, 0, 18), (3, 18.0, 18.0, 1.0, 0, 18), (4, 11.0, 11.0, 1.0, 0, 11), (5, 11.0, 11.0, 1.0, 0, 11), (6, 14.0, 14.0, 1.0, 0, 14), (7, 12.0, 18.0, 0.6666666666666666, 4, 22), (8, 12.0, 18.0, 0.6666666666666666, 4, 22), (9, 12.0, 18.0, 0.6666666666666666, 4, 22), (10, 8.0, 11.0, 0.7272727272727273, 4, 15), (11, 8.0, 11.0, 0.7272727272727273, 4, 15), (12, 8.0, 11.0, 0.7272727272727273, 7, 18)]",150,2,4.605999946594238,0.0
Experiment 9,5 Layers,29.0,"[[(0.0, 29.0)], [(22, 7.0)], [(25, 4.0)], [(25, 4.0)], [(18, 11.0)], [(0.0, 4.0), (5, 3), (9, 6), (18, 4), (25, 4.0)], [(0.0, 4.0), (5, 6), (14, 4), (21, 4), (28, 1.0)], [(0.0, 4.0), (5, 6), (14, 4), (21, 4), (28, 1.0)], [(0.0, 4.0), (5, 6), (14, 4), (21, 8.0)], [(0.0, 5.0), (8, 1), (12, 6), (19, 6), (26, 3.0)], [(0.0, 5.0), (8, 6), (15, 6), (22, 6)], [(0.0, 5.0), (8, 6), (15, 6), (22, 6)], [(0.0, 5.0), (8, 6), (15, 6), (22, 7.0)], [(0.0, 29.0)]]","[[29.0], [7.0], [4.0], [4.0], [11.0], [4.0, 3, 6, 4, 4.0], [4.0, 6, 4, 4, 1.0], [4.0, 6, 4, 4, 1.0], [4.0, 6, 4, 8.0], [5.0, 1, 6, 6, 3.0], [5.0, 6, 6, 6], [5.0, 6, 6, 6], [5.0, 6, 6, 7.0], [29.0]]","[(0, 0.0, 0.0), (1, 22, 0.7586206896551724), (2, 25, 0.8620689655172413), (3, 25, 0.8620689655172413), (4, 18, 0.6206896551724138), (5, 8, 0.27586206896551724), (6, 10, 0.3448275862068966), (7, 10, 0.3448275862068966), (8, 7, 0.2413793103448276), (9, 8, 0.27586206896551724), (10, 6, 0.20689655172413793), (11, 6, 0.20689655172413793), (12, 5, 0.1724137931034483), (13, 0.0, 0.0)]","[(1, 22.0, 22.0, 1.0, 0, 22), (2, 25.0, 25.0, 1.0, 0, 25), (3, 25.0, 25.0, 1.0, 0, 25), (4, 18.0, 18.0, 1.0, 0, 18), (5, 8.0, 21.0, 0.38095238095238093, 4, 25), (6, 10.0, 24.0, 0.4166666666666667, 4, 28), (7, 10.0, 24.0, 0.4166666666666667, 4, 28), (8, 7.0, 17.0, 0.4117647058823529, 4, 21), (9, 8.0, 21.0, 0.38095238095238093, 5, 26), (10, 6.0, 24.0, 0.25, 5, 29), (11, 6.0, 24.0, 0.25, 5, 29), (12, 5.0, 17.0, 0.29411764705882354, 5, 22)]",150,2,8.671000003814697,0.0
Experiment 9,6 Layers,22.0,"[[(0.0, 22.0)], [(14, 8.0)], [(13, 9.0)], [(13, 9.0)], [(0.0, 1.0), (18, 4.0)], [(0.0, 1.0), (17, 5.0)], [(0.0, 1.0), (18, 4.0)], [(0.0, 4.0), (5, 2), (8, 1), (12, 1), (17, 1), (21, 1.0)], [(0.0, 9.0), (21, 1.0)], [(0.0, 4.0), (5, 2), (8, 3), (20, 2.0)], [(0.0, 5.0), (8, 1), (12, 1), (16, 1), (19, 2)], [(0.0, 14.0), (15, 1), (18, 1), (21, 1.0)], [(0.0, 5.0), (8, 9)], [(0.0, 22.0)]]","[[22.0], [8.0], [9.0], [9.0], [1.0, 4.0], [1.0, 5.0], [1.0, 4.0], [4.0, 2, 1, 1, 1, 1.0], [9.0, 1.0], [4.0, 2, 3, 2.0], [5.0, 1, 1, 1, 2], [14.0, 1, 1, 1.0], [5.0, 9], [22.0]]","[(0, 0.0, 0.0), (1, 14, 0.6363636363636364), (2, 13, 0.5909090909090909), (3, 13, 0.5909090909090909), (4, 17, 0.7727272727272727), (5, 16, 0.7272727272727273), (6, 17, 0.7727272727272727), (7, 12, 0.5454545454545454), (8, 12, 0.5454545454545454), (9, 11, 0.5), (10, 12, 0.5454545454545454), (11, 5, 0.22727272727272727), (12, 8, 0.36363636363636365), (13, 0.0, 0.0)]","[(1, 14.0, 14.0, 1.0, 0, 14), (2, 13.0, 13.0, 1.0, 0, 13), (3, 13.0, 13.0, 1.0, 0, 13), (4, 17.0, 17.0, 1.0, 1, 18), (5, 16.0, 16.0, 1.0, 1, 17), (6, 17.0, 17.0, 1.0, 1, 18), (7, 12.0, 17.0, 0.7058823529411765, 4, 21), (8, 12.0, 12.0, 1.0, 9, 21), (9, 11.0, 16.0, 0.6875, 4, 20), (10, 12.0, 17.0, 0.7058823529411765, 5, 22), (11, 5.0, 7.0, 0.7142857142857143, 14, 21), (12, 8.0, 17.0, 0.47058823529411764, 5, 22)]",150,2,39.60599994659424,0.0
Experiment 10,4 Layers,21.0,"[[(0.0, 21.0)], [(7, 2), (15, 6.0)], [(0.0, 1.0), (15, 6.0)], [(14, 7.0)], [(15, 6.0)], [(16, 5.0)], [(0.0, 1.0), (14, 7.0)], [(0.0, 7.0), (12, 2), (19, 2.0)], [(0.0, 5.0), (20, 1.0)], [(0.0, 4.0), (14, 1), (20, 1.0)], [(0.0, 5.0), (20, 1.0)], [(0.0, 9.0), (14, 1), (20, 1.0)], [(0.0, 11.0)], [(0.0, 21.0)]]","[[21.0], [2, 6.0], [1.0, 6.0], [7.0], [6.0], [5.0], [1.0, 7.0], [7.0, 2, 2.0], [5.0, 1.0], [4.0, 1, 1.0], [5.0, 1.0], [9.0, 1, 1.0], [11.0], [21.0]]","[(0, 0.0, 0.0), (1, 13, 0.6190476190476191), (2, 14, 0.6666666666666666), (3, 14, 0.6666666666666666), (4, 15, 0.7142857142857143), (5, 16, 0.7619047619047619), (6, 13, 0.6190476190476191), (7, 10, 0.47619047619047616), (8, 15, 0.7142857142857143), (9, 15, 0.7142857142857143), (10, 15, 0.7142857142857143), (11, 10, 0.47619047619047616), (12, 10, 0.47619047619047616), (13, 0.0, 0.0)]","[(1, 13.0, 15.0, 0.8666666666666667, 0, 15), (2, 14.0, 14.0, 1.0, 1, 15), (3, 14.0, 14.0, 1.0, 0, 14), (4, 15.0, 15.0, 1.0, 0, 15), (5, 16.0, 16.0, 1.0, 0, 16), (6, 13.0, 13.0, 1.0, 1, 14), (7, 10.0, 12.0, 0.8333333333333334, 7, 19), (8, 15.0, 15.0, 1.0, 5, 20), (9, 15.0, 16.0, 0.9375, 4, 20), (10, 15.0, 15.0, 1.0, 5, 20), (11, 10.0, 11.0, 0.9090909090909091, 9, 20), (12, 10.0, 10.0, 1.0, 11, 21)]",160,2,7.601999998092651,0.0
Experiment 10,5 Layers,27.0,"[[(0.0, 27.0)], [(0.0, 1.0), (21, 6.0)], [(4, 1), (22, 5.0)], [(22, 5.0)], [(22, 5.0)], [(0.0, 10.0), (11, 7), (26, 1.0)], [(0.0, 4.0), (5, 3), (20, 1), (23, 4.0)], [(0.0, 5.0), (6, 4), (12, 3), (16, 1), (21, 1), (24, 3.0)], [(0.0, 22.0), (23, 4.0)], [(0.0, 11.0), (15, 6), (22, 1)], [(0.0, 5.0), (9, 7), (20, 3)], [(0.0, 14.0), (15, 2), (18, 3)], [(0.0, 8.0), (12, 2), (17, 6)], [(0.0, 27.0)]]","[[27.0], [1.0, 6.0], [1, 5.0], [5.0], [5.0], [10.0, 7, 1.0], [4.0, 3, 1, 4.0], [5.0, 4, 3, 1, 1, 3.0], [22.0, 4.0], [11.0, 6, 1], [5.0, 7, 3], [14.0, 2, 3], [8.0, 2, 6], [27.0]]","[(0, 0.0, 0.0), (1, 20, 0.7407407407407407), (2, 21, 0.7777777777777778), (3, 22, 0.8148148148148148), (4, 22, 0.8148148148148148), (5, 9, 0.3333333333333333), (6, 15, 0.5555555555555556), (7, 10, 0.37037037037037035), (8, 1, 0.037037037037037035), (9, 9, 0.3333333333333333), (10, 12, 0.4444444444444444), (11, 8, 0.2962962962962963), (12, 11, 0.4074074074074074), (13, 0.0, 0.0)]","[(1, 20.0, 20.0, 1.0, 1, 21), (2, 21.0, 22.0, 0.9545454545454546, 0, 22), (3, 22.0, 22.0, 1.0, 0, 22), (4, 22.0, 22.0, 1.0, 0, 22), (5, 9.0, 16.0, 0.5625, 10, 26), (6, 15.0, 19.0, 0.7894736842105263, 4, 23), (7, 10.0, 19.0, 0.5263157894736842, 5, 24), (8, 1.0, 1.0, 1.0, 22, 23), (9, 9.0, 16.0, 0.5625, 11, 27), (10, 12.0, 22.0, 0.5454545454545454, 5, 27), (11, 8.0, 13.0, 0.6153846153846154, 14, 27), (12, 11.0, 19.0, 0.5789473684210527, 8, 27)]",160,2,20.41699981689453,0.0
Experiment 10,6 Layers,23.0,"[[(0.0, 23.0)], [(14, 9.0)], [(4, 1), (11, 12.0)], [(7, 3), (14, 9.0)], [(0.0, 1.0), (17, 6.0)], [(0.0, 1.0), (18, 5.0)], [(0.0, 1.0), (18, 5.0)], [(0.0, 7.0), (11, 1), (15, 2), (22, 1.0)], [(0.0, 8.0), (15, 3), (20, 3.0)], [(0.0, 8.0), (22, 1.0)], [(0.0, 9.0)], [(0.0, 11.0)], [(0.0, 9.0)], [(0.0, 23.0)]]","[[23.0], [9.0], [1, 12.0], [3, 9.0], [1.0, 6.0], [1.0, 5.0], [1.0, 5.0], [7.0, 1, 2, 1.0], [8.0, 3, 3.0], [8.0, 1.0], [9.0], [11.0], [9.0], [23.0]]","[(0, 0.0, 0.0), (1, 14, 0.6086956521739131), (2, 10, 0.43478260869565216), (3, 11, 0.4782608695652174), (4, 16, 0.6956521739130435), (5, 17, 0.7391304347826086), (6, 17, 0.7391304347826086), (7, 12, 0.5217391304347826), (8, 9, 0.391304347826087), (9, 14, 0.6086956521739131), (10, 14, 0.6086956521739131), (11, 12, 0.5217391304347826), (12, 14, 0.6086956521739131), (13, 0.0, 0.0)]","[(1, 14.0, 14.0, 1.0, 0, 14), (2, 10.0, 11.0, 0.9090909090909091, 0, 11), (3, 11.0, 14.0, 0.7857142857142857, 0, 14), (4, 16.0, 16.0, 1.0, 1, 17), (5, 17.0, 17.0, 1.0, 1, 18), (6, 17.0, 17.0, 1.0, 1, 18), (7, 12.0, 15.0, 0.8, 7, 22), (8, 9.0, 12.0, 0.75, 8, 20), (9, 14.0, 14.0, 1.0, 8, 22), (10, 14.0, 14.0, 1.0, 9, 23), (11, 12.0, 12.0, 1.0, 11, 23), (12, 14.0, 14.0, 1.0, 9, 23)]",160,2,33.74900007247925,0.0
Experiment 11,4 Layers,20.0,"[[(0.0, 20.0)], [(6, 1), (13, 7.0)], [(15, 5.0)], [(3, 1), (10, 10.0)], [(15, 5.0)], [(12, 8.0)], [(3, 1), (13, 7.0)], [(0.0, 6.0), (12, 1), (19, 1.0)], [(0.0, 3.0), (17, 3.0)], [(0.0, 3.0)], [(0.0, 4.0), (19, 1.0)], [(0.0, 4.0), (19, 1.0)], [(0.0, 6.0), (12, 1), (19, 1.0)], [(0.0, 20.0)]]","[[20.0], [1, 7.0], [5.0], [1, 10.0], [5.0], [8.0], [1, 7.0], [6.0, 1, 1.0], [3.0, 3.0], [3.0], [4.0, 1.0], [4.0, 1.0], [6.0, 1, 1.0], [20.0]]","[(0, 0.0, 0.0), (1, 12, 0.6), (2, 15, 0.75), (3, 9, 0.45), (4, 15, 0.75), (5, 12, 0.6), (6, 12, 0.6), (7, 12, 0.6), (8, 14, 0.7), (9, 17, 0.85), (10, 15, 0.75), (11, 15, 0.75), (12, 12, 0.6), (13, 0.0, 0.0)]","[(1, 12.0, 13.0, 0.9230769230769231, 0, 13), (2, 15.0, 15.0, 1.0, 0, 15), (3, 9.0, 10.0, 0.9, 0, 10), (4, 15.0, 15.0, 1.0, 0, 15), (5, 12.0, 12.0, 1.0, 0, 12), (6, 12.0, 13.0, 0.9230769230769231, 0, 13), (7, 12.0, 13.0, 0.9230769230769231, 6, 19), (8, 14.0, 14.0, 1.0, 3, 17), (9, 17.0, 17.0, 1.0, 3, 20), (10, 15.0, 15.0, 1.0, 4, 19), (11, 15.0, 15.0, 1.0, 4, 19), (12, 12.0, 13.0, 0.9230769230769231, 6, 19)]",160,2,12.5239999294281,0.0
Experiment 11,5 Layers,25.0,"[[(0.0, 25.0)], [(18, 7.0)], [(18, 7.0)], [(18, 7.0)], [(21, 4.0)], [(0.0, 6.0), (9, 3), (15, 3), (19, 6.0)], [(0.0, 6.0), (15, 3), (19, 6.0)], [(0.0, 6.0), (15, 3), (19, 6.0)], [(0.0, 6.0), (12, 3), (16, 5), (22, 3.0)], [(0.0, 9.0), (12, 3), (18, 1), (22, 3.0)], [(0.0, 9.0), (23, 2.0)], [(0.0, 9.0), (20, 2)], [(0.0, 9.0), (22, 3.0)], [(0.0, 25.0)]]","[[25.0], [7.0], [7.0], [7.0], [4.0], [6.0, 3, 3, 6.0], [6.0, 3, 6.0], [6.0, 3, 6.0], [6.0, 3, 5, 3.0], [9.0, 3, 1, 3.0], [9.0, 2.0], [9.0, 2], [9.0, 3.0], [25.0]]","[(0, 0.0, 0.0), (1, 18, 0.72), (2, 18, 0.72), (3, 18, 0.72), (4, 21, 0.84), (5, 7, 0.28), (6, 10, 0.4), (7, 10, 0.4), (8, 8, 0.32), (9, 9, 0.36), (10, 14, 0.56), (11, 14, 0.56), (12, 13, 0.52), (13, 0.0, 0.0)]","[(1, 18.0, 18.0, 1.0, 0, 18), (2, 18.0, 18.0, 1.0, 0, 18), (3, 18.0, 18.0, 1.0, 0, 18), (4, 21.0, 21.0, 1.0, 0, 21), (5, 7.0, 13.0, 0.5384615384615384, 6, 19), (6, 10.0, 13.0, 0.7692307692307693, 6, 19), (7, 10.0, 13.0, 0.7692307692307693, 6, 19), (8, 8.0, 16.0, 0.5, 6, 22), (9, 9.0, 13.0, 0.6923076923076923, 9, 22), (10, 14.0, 14.0, 1.0, 9, 23), (11, 14.0, 16.0, 0.875, 9, 25), (12, 13.0, 13.0, 1.0, 9, 22)]",160,2,8.546000003814697,0.0
Experiment 11,6 Layers,23.0,"[[(0.0, 23.0)], [(16, 7.0)], [(17, 6.0)], [(17, 6.0)], [(0.0, 1.0), (5, 4), (11, 2), (14, 2), (19, 4.0)], [(0.0, 1.0), (3, 3), (7, 1), (9, 5), (16, 1), (19, 4.0)], [(0.0, 1.0), (5, 3), (10, 2), (13, 10.0)], [(0.0, 3.0), (9, 1), (11, 5), (20, 3.0)], [(0.0, 3.0), (6, 1), (10, 2), (13, 1), (17, 2), (20, 3.0)], [(0.0, 3.0), (6, 1), (16, 3), (20, 3.0)], [(0.0, 6.0), (19, 1)], [(0.0, 6.0)], [(0.0, 6.0)], [(0.0, 23.0)]]","[[23.0], [7.0], [6.0], [6.0], [1.0, 4, 2, 2, 4.0], [1.0, 3, 1, 5, 1, 4.0], [1.0, 3, 2, 10.0], [3.0, 1, 5, 3.0], [3.0, 1, 2, 1, 2, 3.0], [3.0, 1, 3, 3.0], [6.0, 1], [6.0], [6.0], [23.0]]","[(0, 0.0, 0.0), (1, 16, 0.6956521739130435), (2, 17, 0.7391304347826086), (3, 17, 0.7391304347826086), (4, 10, 0.43478260869565216), (5, 8, 0.34782608695652173), (6, 7, 0.30434782608695654), (7, 11, 0.4782608695652174), (8, 11, 0.4782608695652174), (9, 13, 0.5652173913043478), (10, 16, 0.6956521739130435), (11, 17, 0.7391304347826086), (12, 17, 0.7391304347826086), (13, 0.0, 0.0)]","[(1, 16.0, 16.0, 1.0, 0, 16), (2, 17.0, 17.0, 1.0, 0, 17), (3, 17.0, 17.0, 1.0, 0, 17), (4, 10.0, 18.0, 0.5555555555555556, 1, 19), (5, 8.0, 18.0, 0.4444444444444444, 1, 19), (6, 7.0, 12.0, 0.5833333333333334, 1, 13), (7, 11.0, 17.0, 0.6470588235294118, 3, 20), (8, 11.0, 17.0, 0.6470588235294118, 3, 20), (9, 13.0, 17.0, 0.7647058823529411, 3, 20), (10, 16.0, 17.0, 0.9411764705882353, 6, 23), (11, 17.0, 17.0, 1.0, 6, 23), (12, 17.0, 17.0, 1.0, 6, 23)]",160,2,85.1029999256134,0.0
Experiment 12,4 Layers,17.0,"[[(0.0, 17.0)], [(12, 5.0)], [(12, 5.0)], [(12, 5.0)], [(8, 9.0)], [(8, 9.0)], [(8, 9.0)], [(0.0, 4.0)], [(0.0, 4.0), (14, 3.0)], [(0.0, 4.0), (14, 3.0)], [(0.0, 4.0), (14, 3.0)], [(0.0, 4.0), (15, 2.0)], [(0.0, 4.0), (15, 2.0)], [(0.0, 17.0)]]","[[17.0], [5.0], [5.0], [5.0], [9.0], [9.0], [9.0], [4.0], [4.0, 3.0], [4.0, 3.0], [4.0, 3.0], [4.0, 2.0], [4.0, 2.0], [17.0]]","[(0, 0.0, 0.0), (1, 12, 0.7058823529411765), (2, 12, 0.7058823529411765), (3, 12, 0.7058823529411765), (4, 8, 0.47058823529411764), (5, 8, 0.47058823529411764), (6, 8, 0.47058823529411764), (7, 13, 0.7647058823529411), (8, 10, 0.5882352941176471), (9, 10, 0.5882352941176471), (10, 10, 0.5882352941176471), (11, 11, 0.6470588235294118), (12, 11, 0.6470588235294118), (13, 0.0, 0.0)]","[(1, 12.0, 12.0, 1.0, 0, 12), (2, 12.0, 12.0, 1.0, 0, 12), (3, 12.0, 12.0, 1.0, 0, 12), (4, 8.0, 8.0, 1.0, 0, 8), (5, 8.0, 8.0, 1.0, 0, 8), (6, 8.0, 8.0, 1.0, 0, 8), (7, 13.0, 13.0, 1.0, 4, 17), (8, 10.0, 10.0, 1.0, 4, 14), (9, 10.0, 10.0, 1.0, 4, 14), (10, 10.0, 10.0, 1.0, 4, 14), (11, 11.0, 11.0, 1.0, 4, 15), (12, 11.0, 11.0, 1.0, 4, 15)]",125,2,13.40500020980835,0.0
Experiment 12,5 Layers,19.0,"[[(0.0, 19.0)], [(16, 3.0)], [(16, 3.0)], [(16, 3.0)], [(12, 7.0)], [(0.0, 4.0), (18, 1.0)], [(0.0, 4.0), (16, 3.0)], [(0.0, 4.0), (14, 2), (18, 1.0)], [(0.0, 4.0), (14, 2), (18, 1.0)], [(0.0, 8.0), (9, 3), (13, 3), (17, 1)], [(0.0, 8.0), (9, 3), (13, 3), (17, 2.0)], [(0.0, 8.0), (9, 3), (13, 1), (15, 3)], [(0.0, 8.0), (9, 3), (13, 1), (15, 3)], [(0.0, 19.0)]]","[[19.0], [3.0], [3.0], [3.0], [7.0], [4.0, 1.0], [4.0, 3.0], [4.0, 2, 1.0], [4.0, 2, 1.0], [8.0, 3, 3, 1], [8.0, 3, 3, 2.0], [8.0, 3, 1, 3], [8.0, 3, 1, 3], [19.0]]","[(0, 0.0, 0.0), (1, 16, 0.8421052631578947), (2, 16, 0.8421052631578947), (3, 16, 0.8421052631578947), (4, 12, 0.631578947368421), (5, 14, 0.7368421052631579), (6, 12, 0.631578947368421), (7, 12, 0.631578947368421), (8, 12, 0.631578947368421), (9, 4, 0.21052631578947367), (10, 3, 0.15789473684210525), (11, 4, 0.21052631578947367), (12, 4, 0.21052631578947367), (13, 0.0, 0.0)]","[(1, 16.0, 16.0, 1.0, 0, 16), (2, 16.0, 16.0, 1.0, 0, 16), (3, 16.0, 16.0, 1.0, 0, 16), (4, 12.0, 12.0, 1.0, 0, 12), (5, 14.0, 14.0, 1.0, 4, 18), (6, 12.0, 12.0, 1.0, 4, 16), (7, 12.0, 14.0, 0.8571428571428571, 4, 18), (8, 12.0, 14.0, 0.8571428571428571, 4, 18), (9, 4.0, 11.0, 0.36363636363636365, 8, 19), (10, 3.0, 9.0, 0.3333333333333333, 8, 17), (11, 4.0, 11.0, 0.36363636363636365, 8, 19), (12, 4.0, 11.0, 0.36363636363636365, 8, 19)]",125,2,3.996999979019165,0.0
Experiment 12,6 Layers,23.0,"[[(0.0, 23.0)], [(9, 14.0)], [(9, 14.0)], [(7, 16.0)], [(0.0, 2.0), (14, 9.0)], [(0.0, 2.0), (13, 10.0)], [(0.0, 2.0), (14, 9.0)], [(0.0, 4.0), (22, 1.0)], [(0.0, 4.0), (20, 3.0)], [(0.0, 4.0), (20, 3.0)], [(0.0, 8.0), (9, 3), (13, 3), (17, 3), (21, 1)], [(0.0, 8.0), (9, 3), (13, 3), (17, 1), (19, 1), (21, 2.0)], [(0.0, 8.0), (9, 3), (13, 3), (17, 1), (19, 1), (21, 2.0)], [(0.0, 23.0)]]","[[23.0], [14.0], [14.0], [16.0], [2.0, 9.0], [2.0, 10.0], [2.0, 9.0], [4.0, 1.0], [4.0, 3.0], [4.0, 3.0], [8.0, 3, 3, 3, 1], [8.0, 3, 3, 1, 1, 2.0], [8.0, 3, 3, 1, 1, 2.0], [23.0]]","[(0, 0.0, 0.0), (1, 9, 0.391304347826087), (2, 9, 0.391304347826087), (3, 7, 0.30434782608695654), (4, 12, 0.5217391304347826), (5, 11, 0.4782608695652174), (6, 12, 0.5217391304347826), (7, 18, 0.782608695652174), (8, 16, 0.6956521739130435), (9, 16, 0.6956521739130435), (10, 5, 0.21739130434782608), (11, 5, 0.21739130434782608), (12, 5, 0.21739130434782608), (13, 0.0, 0.0)]","[(1, 9.0, 9.0, 1.0, 0, 9), (2, 9.0, 9.0, 1.0, 0, 9), (3, 7.0, 7.0, 1.0, 0, 7), (4, 12.0, 12.0, 1.0, 2, 14), (5, 11.0, 11.0, 1.0, 2, 13), (6, 12.0, 12.0, 1.0, 2, 14), (7, 18.0, 18.0, 1.0, 4, 22), (8, 16.0, 16.0, 1.0, 4, 20), (9, 16.0, 16.0, 1.0, 4, 20), (10, 5.0, 15.0, 0.3333333333333333, 8, 23), (11, 5.0, 13.0, 0.38461538461538464, 8, 21), (12, 5.0, 13.0, 0.38461538461538464, 8, 21)]",125,2,1.7009999752044678,0.0
Experiment 13,4 Layers,24.0,"[[(0.0, 24.0)], [(20, 4.0)], [(14, 10.0)], [(14, 10.0)], [(14, 10.0)], [(19, 5.0)], [(19, 5.0)], [(0.0, 7.0), (18, 1), (23, 1.0)], [(0.0, 7.0), (18, 1), (23, 1.0)], [(0.0, 7.0), (18, 2)], [(0.0, 7.0), (18, 6.0)], [(0.0, 7.0), (18, 6.0)], [(0.0, 7.0), (11, 3), (18, 6.0)], [(0.0, 24.0)]]","[[24.0], [4.0], [10.0], [10.0], [10.0], [5.0], [5.0], [7.0, 1, 1.0], [7.0, 1, 1.0], [7.0, 2], [7.0, 6.0], [7.0, 6.0], [7.0, 3, 6.0], [24.0]]","[(0, 0.0, 0.0), (1, 20, 0.8333333333333334), (2, 14, 0.5833333333333334), (3, 14, 0.5833333333333334), (4, 14, 0.5833333333333334), (5, 19, 0.7916666666666666), (6, 19, 0.7916666666666666), (7, 15, 0.625), (8, 15, 0.625), (9, 15, 0.625), (10, 11, 0.4583333333333333), (11, 11, 0.4583333333333333), (12, 8, 0.3333333333333333), (13, 0.0, 0.0)]","[(1, 20.0, 20.0, 1.0, 0, 20), (2, 14.0, 14.0, 1.0, 0, 14), (3, 14.0, 14.0, 1.0, 0, 14), (4, 14.0, 14.0, 1.0, 0, 14), (5, 19.0, 19.0, 1.0, 0, 19), (6, 19.0, 19.0, 1.0, 0, 19), (7, 15.0, 16.0, 0.9375, 7, 23), (8, 15.0, 16.0, 0.9375, 7, 23), (9, 15.0, 17.0, 0.8823529411764706, 7, 24), (10, 11.0, 11.0, 1.0, 7, 18), (11, 11.0, 11.0, 1.0, 7, 18), (12, 8.0, 11.0, 0.7272727272727273, 7, 18)]",175,2,8.093000173568726,0.0
Experiment 13,5 Layers,31.0,"[[(0.0, 31.0)], [(27, 4.0)], [(21, 10.0)], [(26, 5.0)], [(26, 5.0)], [(0.0, 7.0), (12, 2), (19, 1), (22, 4), (28, 3.0)], [(0.0, 7.0), (12, 2), (16, 5), (23, 4), (29, 2.0)], [(0.0, 7.0), (12, 2), (16, 5), (23, 8.0)], [(0.0, 7.0), (12, 2), (16, 4), (22, 4), (28, 3.0)], [(0.0, 12.0), (14, 5), (21, 1), (24, 4), (30, 1.0)], [(0.0, 12.0), (14, 2), (18, 5), (25, 4)], [(0.0, 12.0), (14, 2), (18, 5), (25, 6.0)], [(0.0, 12.0), (14, 2), (18, 4), (24, 4), (30, 1.0)], [(0.0, 31.0)]]","[[31.0], [4.0], [10.0], [5.0], [5.0], [7.0, 2, 1, 4, 3.0], [7.0, 2, 5, 4, 2.0], [7.0, 2, 5, 8.0], [7.0, 2, 4, 4, 3.0], [12.0, 5, 1, 4, 1.0], [12.0, 2, 5, 4], [12.0, 2, 5, 6.0], [12.0, 2, 4, 4, 1.0], [31.0]]","[(0, 0.0, 0.0), (1, 27, 0.8709677419354839), (2, 21, 0.6774193548387096), (3, 26, 0.8387096774193549), (4, 26, 0.8387096774193549), (5, 14, 0.45161290322580644), (6, 11, 0.3548387096774194), (7, 9, 0.2903225806451613), (8, 11, 0.3548387096774194), (9, 8, 0.25806451612903225), (10, 8, 0.25806451612903225), (11, 6, 0.1935483870967742), (12, 8, 0.25806451612903225), (13, 0.0, 0.0)]","[(1, 27.0, 27.0, 1.0, 0, 27), (2, 21.0, 21.0, 1.0, 0, 21), (3, 26.0, 26.0, 1.0, 0, 26), (4, 26.0, 26.0, 1.0, 0, 26), (5, 14.0, 21.0, 0.6666666666666666, 7, 28), (6, 11.0, 22.0, 0.5, 7, 29), (7, 9.0, 16.0, 0.5625, 7, 23), (8, 11.0, 21.0, 0.5238095238095238, 7, 28), (9, 8.0, 18.0, 0.4444444444444444, 12, 30), (10, 8.0, 19.0, 0.42105263157894735, 12, 31), (11, 6.0, 13.0, 0.46153846153846156, 12, 25), (12, 8.0, 18.0, 0.4444444444444444, 12, 30)]",175,2,12.22599983215332,0.0
Experiment 13,6 Layers,25.0,"[[(0.0, 25.0)], [(14, 11.0)], [(15, 10.0)], [(16, 9.0)], [(0.0, 2.0), (20, 5.0)], [(0.0, 2.0), (20, 5.0)], [(0.0, 2.0), (21, 4.0)], [(0.0, 7.0), (23, 2.0)], [(0.0, 7.0), (23, 2.0)], [(0.0, 7.0), (14, 1), (17, 2), (23, 2.0)], [(0.0, 12.0), (14, 3)], [(0.0, 12.0), (14, 3)], [(0.0, 12.0), (16, 1), (19, 2)], [(0.0, 25.0)]]","[[25.0], [11.0], [10.0], [9.0], [2.0, 5.0], [2.0, 5.0], [2.0, 4.0], [7.0, 2.0], [7.0, 2.0], [7.0, 1, 2, 2.0], [12.0, 3], [12.0, 3], [12.0, 1, 2], [25.0]]","[(0, 0.0, 0.0), (1, 14, 0.56), (2, 15, 0.6), (3, 16, 0.64), (4, 18, 0.72), (5, 18, 0.72), (6, 19, 0.76), (7, 16, 0.64), (8, 16, 0.64), (9, 13, 0.52), (10, 10, 0.4), (11, 10, 0.4), (12, 10, 0.4), (13, 0.0, 0.0)]","[(1, 14.0, 14.0, 1.0, 0, 14), (2, 15.0, 15.0, 1.0, 0, 15), (3, 16.0, 16.0, 1.0, 0, 16), (4, 18.0, 18.0, 1.0, 2, 20), (5, 18.0, 18.0, 1.0, 2, 20), (6, 19.0, 19.0, 1.0, 2, 21), (7, 16.0, 16.0, 1.0, 7, 23), (8, 16.0, 16.0, 1.0, 7, 23), (9, 13.0, 16.0, 0.8125, 7, 23), (10, 10.0, 13.0, 0.7692307692307693, 12, 25), (11, 10.0, 13.0, 0.7692307692307693, 12, 25), (12, 10.0, 13.0, 0.7692307692307693, 12, 25)]",175,2,12.332000017166138,0.0
Experiment 14,4 Layers,20.0,"[[(0.0, 20.0)], [(10, 1), (15, 5.0)], [(4, 2), (10, 1), (15, 5.0)], [(12, 8.0)], [(14, 6.0)], [(6, 14.0)], [(12, 8.0)], [(0.0, 4.0)], [(0.0, 6.0)], [(0.0, 4.0), (18, 2.0)], [(0.0, 5.0), (12, 1), (19, 1.0)], [(0.0, 6.0)], [(0.0, 6.0)], [(0.0, 20.0)]]","[[20.0], [1, 5.0], [2, 1, 5.0], [8.0], [6.0], [14.0], [8.0], [4.0], [6.0], [4.0, 2.0], [5.0, 1, 1.0], [6.0], [6.0], [20.0]]","[(0, 0.0, 0.0), (1, 14, 0.7), (2, 12, 0.6), (3, 12, 0.6), (4, 14, 0.7), (5, 6, 0.3), (6, 12, 0.6), (7, 16, 0.8), (8, 14, 0.7), (9, 14, 0.7), (10, 13, 0.65), (11, 14, 0.7), (12, 14, 0.7), (13, 0.0, 0.0)]","[(1, 14.0, 15.0, 0.9333333333333333, 0, 15), (2, 12.0, 15.0, 0.8, 0, 15), (3, 12.0, 12.0, 1.0, 0, 12), (4, 14.0, 14.0, 1.0, 0, 14), (5, 6.0, 6.0, 1.0, 0, 6), (6, 12.0, 12.0, 1.0, 0, 12), (7, 16.0, 16.0, 1.0, 4, 20), (8, 14.0, 14.0, 1.0, 6, 20), (9, 14.0, 14.0, 1.0, 4, 18), (10, 13.0, 14.0, 0.9285714285714286, 5, 19), (11, 14.0, 14.0, 1.0, 6, 20), (12, 14.0, 14.0, 1.0, 6, 20)]",155,2,8.097999811172485,0.0
Experiment 14,5 Layers,22.0,"[[(0.0, 22.0)], [(8, 1), (19, 3.0)], [(12, 1), (17, 5.0)], [(18, 4.0)], [(18, 4.0)], [(0.0, 4.0), (7, 3), (11, 3), (15, 4), (21, 1.0)], [(0.0, 8.0), (10, 5), (16, 1), (19, 3.0)], [(0.0, 4.0), (6, 3), (11, 1), (13, 2), (17, 1), (20, 2.0)], [(0.0, 4.0), (6, 12), (20, 2.0)], [(0.0, 6.0), (18, 1)], [(0.0, 7.0), (19, 1), (21, 1.0)], [(0.0, 6.0)], [(0.0, 6.0)], [(0.0, 22.0)]]","[[22.0], [1, 3.0], [1, 5.0], [4.0], [4.0], [4.0, 3, 3, 4, 1.0], [8.0, 5, 1, 3.0], [4.0, 3, 1, 2, 1, 2.0], [4.0, 12, 2.0], [6.0, 1], [7.0, 1, 1.0], [6.0], [6.0], [22.0]]","[(0, 0.0, 0.0), (1, 18, 0.8181818181818182), (2, 16, 0.7272727272727273), (3, 18, 0.8181818181818182), (4, 18, 0.8181818181818182), (5, 7, 0.3181818181818182), (6, 5, 0.22727272727272727), (7, 9, 0.4090909090909091), (8, 4, 0.18181818181818182), (9, 15, 0.6818181818181818), (10, 13, 0.5909090909090909), (11, 16, 0.7272727272727273), (12, 16, 0.7272727272727273), (13, 0.0, 0.0)]","[(1, 18.0, 19.0, 0.9473684210526315, 0, 19), (2, 16.0, 17.0, 0.9411764705882353, 0, 17), (3, 18.0, 18.0, 1.0, 0, 18), (4, 18.0, 18.0, 1.0, 0, 18), (5, 7.0, 17.0, 0.4117647058823529, 4, 21), (6, 5.0, 11.0, 0.45454545454545453, 8, 19), (7, 9.0, 16.0, 0.5625, 4, 20), (8, 4.0, 16.0, 0.25, 4, 20), (9, 15.0, 16.0, 0.9375, 6, 22), (10, 13.0, 14.0, 0.9285714285714286, 7, 21), (11, 16.0, 16.0, 1.0, 6, 22), (12, 16.0, 16.0, 1.0, 6, 22)]",155,2,20.043999910354614,0.0
Experiment 14,6 Layers,27.0,"[[(0.0, 27.0)], [(13, 14.0)], [(11, 16.0)], [(5, 1), (9, 1), (13, 14.0)], [(0.0, 3.0), (9, 1), (11, 4), (16, 11.0)], [(0.0, 1.0), (10, 4), (17, 10.0)], [(0.0, 1.0), (4, 1), (13, 1), (15, 1), (19, 8.0)], [(0.0, 4.0), (7, 1), (12, 1), (15, 2), (20, 7.0)], [(0.0, 8.0), (13, 3), (18, 1), (20, 7.0)], [(0.0, 4.0), (6, 4), (13, 14.0)], [(0.0, 7.0), (13, 1)], [(0.0, 6.0)], [(0.0, 6.0), (26, 1.0)], [(0.0, 27.0)]]","[[27.0], [14.0], [16.0], [1, 1, 14.0], [3.0, 1, 4, 11.0], [1.0, 4, 10.0], [1.0, 1, 1, 1, 8.0], [4.0, 1, 1, 2, 7.0], [8.0, 3, 1, 7.0], [4.0, 4, 14.0], [7.0, 1], [6.0], [6.0, 1.0], [27.0]]","[(0, 0.0, 0.0), (1, 13, 0.48148148148148145), (2, 11, 0.4074074074074074), (3, 11, 0.4074074074074074), (4, 8, 0.2962962962962963), (5, 12, 0.4444444444444444), (6, 15, 0.5555555555555556), (7, 12, 0.4444444444444444), (8, 8, 0.2962962962962963), (9, 5, 0.18518518518518517), (10, 19, 0.7037037037037037), (11, 21, 0.7777777777777778), (12, 20, 0.7407407407407407), (13, 0.0, 0.0)]","[(1, 13.0, 13.0, 1.0, 0, 13), (2, 11.0, 11.0, 1.0, 0, 11), (3, 11.0, 13.0, 0.8461538461538461, 0, 13), (4, 8.0, 13.0, 0.6153846153846154, 3, 16), (5, 12.0, 16.0, 0.75, 1, 17), (6, 15.0, 18.0, 0.8333333333333334, 1, 19), (7, 12.0, 16.0, 0.75, 4, 20), (8, 8.0, 12.0, 0.6666666666666666, 8, 20), (9, 5.0, 9.0, 0.5555555555555556, 4, 13), (10, 19.0, 20.0, 0.95, 7, 27), (11, 21.0, 21.0, 1.0, 6, 27), (12, 20.0, 20.0, 1.0, 6, 26)]",155,2,38.20700001716614,0.0
Experiment 15,4 Layers,23.0,"[[(0.0, 23.0)], [(16, 7.0)], [(16, 7.0)], [(16, 7.0)], [(9, 14.0)], [(10, 13.0)], [(13, 10.0)], [(0.0, 3.0), (8, 1)], [(0.0, 3.0), (8, 1)], [(0.0, 3.0), (8, 1)], [(0.0, 3.0), (8, 1), (16, 7.0)], [(0.0, 3.0), (8, 2), (17, 6.0)], [(0.0, 6.0), (20, 3.0)], [(0.0, 23.0)]]","[[23.0], [7.0], [7.0], [7.0], [14.0], [13.0], [10.0], [3.0, 1], [3.0, 1], [3.0, 1], [3.0, 1, 7.0], [3.0, 2, 6.0], [6.0, 3.0], [23.0]]","[(0, 0.0, 0.0), (1, 16, 0.6956521739130435), (2, 16, 0.6956521739130435), (3, 16, 0.6956521739130435), (4, 9, 0.391304347826087), (5, 10, 0.43478260869565216), (6, 13, 0.5652173913043478), (7, 19, 0.8260869565217391), (8, 19, 0.8260869565217391), (9, 19, 0.8260869565217391), (10, 12, 0.5217391304347826), (11, 12, 0.5217391304347826), (12, 14, 0.6086956521739131), (13, 0.0, 0.0)]","[(1, 16.0, 16.0, 1.0, 0, 16), (2, 16.0, 16.0, 1.0, 0, 16), (3, 16.0, 16.0, 1.0, 0, 16), (4, 9.0, 9.0, 1.0, 0, 9), (5, 10.0, 10.0, 1.0, 0, 10), (6, 13.0, 13.0, 1.0, 0, 13), (7, 19.0, 20.0, 0.95, 3, 23), (8, 19.0, 20.0, 0.95, 3, 23), (9, 19.0, 20.0, 0.95, 3, 23), (10, 12.0, 13.0, 0.9230769230769231, 3, 16), (11, 12.0, 14.0, 0.8571428571428571, 3, 17), (12, 14.0, 14.0, 1.0, 6, 20)]",175,2,26.384000062942505,0.0
Experiment 15,5 Layers,26.0,"[[(0.0, 26.0)], [(20, 6.0)], [(21, 5.0)], [(19, 7.0)], [(17, 1), (21, 5.0)], [(0.0, 6.0), (8, 4), (16, 2), (22, 4.0)], [(0.0, 7.0), (13, 1), (16, 1), (25, 1.0)], [(0.0, 13.0), (17, 1), (24, 2.0)], [(0.0, 9.0), (13, 1), (18, 1), (25, 1.0)], [(0.0, 15.0), (18, 2)], [(0.0, 17.0), (22, 1)], [(0.0, 8.0)], [(0.0, 11.0), (14, 4), (24, 1)], [(0.0, 26.0)]]","[[26.0], [6.0], [5.0], [7.0], [1, 5.0], [6.0, 4, 2, 4.0], [7.0, 1, 1, 1.0], [13.0, 1, 2.0], [9.0, 1, 1, 1.0], [15.0, 2], [17.0, 1], [8.0], [11.0, 4, 1], [26.0]]","[(0, 0.0, 0.0), (1, 20, 0.7692307692307693), (2, 21, 0.8076923076923077), (3, 19, 0.7307692307692307), (4, 20, 0.7692307692307693), (5, 10, 0.38461538461538464), (6, 16, 0.6153846153846154), (7, 10, 0.38461538461538464), (8, 14, 0.5384615384615384), (9, 9, 0.34615384615384615), (10, 8, 0.3076923076923077), (11, 18, 0.6923076923076923), (12, 10, 0.38461538461538464), (13, 0.0, 0.0)]","[(1, 20.0, 20.0, 1.0, 0, 20), (2, 21.0, 21.0, 1.0, 0, 21), (3, 19.0, 19.0, 1.0, 0, 19), (4, 20.0, 21.0, 0.9523809523809523, 0, 21), (5, 10.0, 16.0, 0.625, 6, 22), (6, 16.0, 18.0, 0.8888888888888888, 7, 25), (7, 10.0, 11.0, 0.9090909090909091, 13, 24), (8, 14.0, 16.0, 0.875, 9, 25), (9, 9.0, 11.0, 0.8181818181818182, 15, 26), (10, 8.0, 9.0, 0.8888888888888888, 17, 26), (11, 18.0, 18.0, 1.0, 8, 26), (12, 10.0, 15.0, 0.6666666666666666, 11, 26)]",175,2,31.79200005531311,0.0
Experiment 15,6 Layers,28.0,"[[(0.0, 28.0)], [(1, 1), (5, 7), (13, 1), (15, 13.0)], [(4, 5), (10, 18.0)], [(7, 6), (15, 13.0)], [(0.0, 1.0), (19, 9.0)], [(0.0, 1.0), (23, 5.0)], [(0.0, 1.0), (21, 7.0)], [(0.0, 3.0), (7, 1), (14, 1), (19, 2), (25, 3.0)], [(0.0, 3.0), (7, 3), (12, 1), (17, 2), (23, 5.0)], [(0.0, 3.0), (9, 5), (16, 1), (27, 1.0)], [(0.0, 7.0), (8, 4), (22, 1), (26, 1)], [(0.0, 11.0), (13, 1)], [(0.0, 7.0), (8, 1), (14, 3), (20, 3)], [(0.0, 28.0)]]","[[28.0], [1, 7, 1, 13.0], [5, 18.0], [6, 13.0], [1.0, 9.0], [1.0, 5.0], [1.0, 7.0], [3.0, 1, 1, 2, 3.0], [3.0, 3, 1, 2, 5.0], [3.0, 5, 1, 1.0], [7.0, 4, 1, 1], [11.0, 1], [7.0, 1, 3, 3], [28.0]]","[(0, 0.0, 0.0), (1, 6, 0.21428571428571427), (2, 5, 0.17857142857142858), (3, 9, 0.32142857142857145), (4, 18, 0.6428571428571429), (5, 22, 0.7857142857142857), (6, 20, 0.7142857142857143), (7, 18, 0.6428571428571429), (8, 14, 0.5), (9, 18, 0.6428571428571429), (10, 15, 0.5357142857142857), (11, 16, 0.5714285714285714), (12, 14, 0.5), (13, 0.0, 0.0)]","[(1, 6.0, 15.0, 0.4, 0, 15), (2, 5.0, 10.0, 0.5, 0, 10), (3, 9.0, 15.0, 0.6, 0, 15), (4, 18.0, 18.0, 1.0, 1, 19), (5, 22.0, 22.0, 1.0, 1, 23), (6, 20.0, 20.0, 1.0, 1, 21), (7, 18.0, 22.0, 0.8181818181818182, 3, 25), (8, 14.0, 20.0, 0.7, 3, 23), (9, 18.0, 24.0, 0.75, 3, 27), (10, 15.0, 21.0, 0.7142857142857143, 7, 28), (11, 16.0, 17.0, 0.9411764705882353, 11, 28), (12, 14.0, 21.0, 0.6666666666666666, 7, 28)]",175,2,28.389000177383423,0.0
Experiment 16,4 Layers,22.0,"[[(0.0, 22.0)], [(14, 8.0)], [(14, 8.0)], [(9, 13.0)], [(10, 12.0)], [(10, 12.0)], [(13, 9.0)], [(0.0, 5.0), (19, 3.0)], [(0.0, 5.0), (19, 3.0)], [(0.0, 5.0), (19, 3.0)], [(0.0, 5.0), (20, 2.0)], [(0.0, 5.0), (20, 2.0)], [(0.0, 4.0)], [(0.0, 22.0)]]","[[22.0], [8.0], [8.0], [13.0], [12.0], [12.0], [9.0], [5.0, 3.0], [5.0, 3.0], [5.0, 3.0], [5.0, 2.0], [5.0, 2.0], [4.0], [22.0]]","[(0, 0.0, 0.0), (1, 14, 0.6363636363636364), (2, 14, 0.6363636363636364), (3, 9, 0.4090909090909091), (4, 10, 0.45454545454545453), (5, 10, 0.45454545454545453), (6, 13, 0.5909090909090909), (7, 14, 0.6363636363636364), (8, 14, 0.6363636363636364), (9, 14, 0.6363636363636364), (10, 15, 0.6818181818181818), (11, 15, 0.6818181818181818), (12, 18, 0.8181818181818182), (13, 0.0, 0.0)]","[(1, 14.0, 14.0, 1.0, 0, 14), (2, 14.0, 14.0, 1.0, 0, 14), (3, 9.0, 9.0, 1.0, 0, 9), (4, 10.0, 10.0, 1.0, 0, 10), (5, 10.0, 10.0, 1.0, 0, 10), (6, 13.0, 13.0, 1.0, 0, 13), (7, 14.0, 14.0, 1.0, 5, 19), (8, 14.0, 14.0, 1.0, 5, 19), (9, 14.0, 14.0, 1.0, 5, 19), (10, 15.0, 15.0, 1.0, 5, 20), (11, 15.0, 15.0, 1.0, 5, 20), (12, 18.0, 18.0, 1.0, 4, 22)]",160,2,7.790999889373779,0.0
Experiment 16,5 Layers,23.0,"[[(0.0, 23.0)], [(15, 8.0)], [(18, 5.0)], [(18, 5.0)], [(19, 4.0)], [(0.0, 5.0), (9, 1), (14, 1), (18, 5.0)], [(0.0, 5.0), (17, 1), (21, 2.0)], [(0.0, 5.0), (17, 1), (21, 2.0)], [(0.0, 5.0), (13, 1), (17, 2), (22, 1.0)], [(0.0, 9.0), (12, 2), (17, 1), (19, 2), (22, 1.0)], [(0.0, 9.0), (12, 1), (16, 1), (20, 2)], [(0.0, 9.0), (12, 1), (16, 1), (20, 3.0)], [(0.0, 9.0), (12, 1), (16, 1), (18, 3), (22, 1.0)], [(0.0, 23.0)]]","[[23.0], [8.0], [5.0], [5.0], [4.0], [5.0, 1, 1, 5.0], [5.0, 1, 2.0], [5.0, 1, 2.0], [5.0, 1, 2, 1.0], [9.0, 2, 1, 2, 1.0], [9.0, 1, 1, 2], [9.0, 1, 1, 3.0], [9.0, 1, 1, 3, 1.0], [23.0]]","[(0, 0.0, 0.0), (1, 15, 0.6521739130434783), (2, 18, 0.782608695652174), (3, 18, 0.782608695652174), (4, 19, 0.8260869565217391), (5, 11, 0.4782608695652174), (6, 15, 0.6521739130434783), (7, 15, 0.6521739130434783), (8, 14, 0.6086956521739131), (9, 8, 0.34782608695652173), (10, 10, 0.43478260869565216), (11, 9, 0.391304347826087), (12, 8, 0.34782608695652173), (13, 0.0, 0.0)]","[(1, 15.0, 15.0, 1.0, 0, 15), (2, 18.0, 18.0, 1.0, 0, 18), (3, 18.0, 18.0, 1.0, 0, 18), (4, 19.0, 19.0, 1.0, 0, 19), (5, 11.0, 13.0, 0.8461538461538461, 5, 18), (6, 15.0, 16.0, 0.9375, 5, 21), (7, 15.0, 16.0, 0.9375, 5, 21), (8, 14.0, 17.0, 0.8235294117647058, 5, 22), (9, 8.0, 13.0, 0.6153846153846154, 9, 22), (10, 10.0, 14.0, 0.7142857142857143, 9, 23), (11, 9.0, 11.0, 0.8181818181818182, 9, 20), (12, 8.0, 13.0, 0.6153846153846154, 9, 22)]",160,2,9.654000043869019,0.0
Experiment 16,6 Layers,24.0,"[[(0.0, 24.0)], [(7, 1), (9, 15.0)], [(7, 3), (11, 13.0)], [(7, 1), (9, 1), (11, 13.0)], [(0.0, 3.0), (4, 2), (19, 5.0)], [(0.0, 3.0), (8, 1), (10, 1), (19, 5.0)], [(0.0, 3.0), (20, 4.0)], [(0.0, 4.0), (23, 1.0)], [(0.0, 4.0), (16, 1), (23, 1.0)], [(0.0, 4.0), (22, 2.0)], [(0.0, 10.0), (13, 1), (20, 1)], [(0.0, 14.0)], [(0.0, 8.0), (12, 3)], [(0.0, 24.0)]]","[[24.0], [1, 15.0], [3, 13.0], [1, 1, 13.0], [3.0, 2, 5.0], [3.0, 1, 1, 5.0], [3.0, 4.0], [4.0, 1.0], [4.0, 1, 1.0], [4.0, 2.0], [10.0, 1, 1], [14.0], [8.0, 3], [24.0]]","[(0, 0.0, 0.0), (1, 8, 0.3333333333333333), (2, 8, 0.3333333333333333), (3, 9, 0.375), (4, 14, 0.5833333333333334), (5, 14, 0.5833333333333334), (6, 17, 0.7083333333333334), (7, 19, 0.7916666666666666), (8, 18, 0.75), (9, 18, 0.75), (10, 12, 0.5), (11, 10, 0.4166666666666667), (12, 13, 0.5416666666666666), (13, 0.0, 0.0)]","[(1, 8.0, 9.0, 0.8888888888888888, 0, 9), (2, 8.0, 11.0, 0.7272727272727273, 0, 11), (3, 9.0, 11.0, 0.8181818181818182, 0, 11), (4, 14.0, 16.0, 0.875, 3, 19), (5, 14.0, 16.0, 0.875, 3, 19), (6, 17.0, 17.0, 1.0, 3, 20), (7, 19.0, 19.0, 1.0, 4, 23), (8, 18.0, 19.0, 0.9473684210526315, 4, 23), (9, 18.0, 18.0, 1.0, 4, 22), (10, 12.0, 14.0, 0.8571428571428571, 10, 24), (11, 10.0, 10.0, 1.0, 14, 24), (12, 13.0, 16.0, 0.8125, 8, 24)]",160,2,19.30299997329712,0.0
Experiment 17,4 Layers,20.0,"[[(0.0, 20.0)], [(17, 3.0)], [(17, 3.0)], [(11, 9.0)], [(12, 8.0)], [(12, 8.0)], [(16, 4.0)], [(0.0, 6.0), (19, 1.0)], [(0.0, 6.0), (19, 1.0)], [(0.0, 6.0), (19, 1.0)], [(0.0, 6.0), (19, 1.0)], [(0.0, 6.0), (16, 1)], [(0.0, 5.0)], [(0.0, 20.0)]]","[[20.0], [3.0], [3.0], [9.0], [8.0], [8.0], [4.0], [6.0, 1.0], [6.0, 1.0], [6.0, 1.0], [6.0, 1.0], [6.0, 1], [5.0], [20.0]]","[(0, 0.0, 0.0), (1, 17, 0.85), (2, 17, 0.85), (3, 11, 0.55), (4, 12, 0.6), (5, 12, 0.6), (6, 16, 0.8), (7, 13, 0.65), (8, 13, 0.65), (9, 13, 0.65), (10, 13, 0.65), (11, 13, 0.65), (12, 15, 0.75), (13, 0.0, 0.0)]","[(1, 17.0, 17.0, 1.0, 0, 17), (2, 17.0, 17.0, 1.0, 0, 17), (3, 11.0, 11.0, 1.0, 0, 11), (4, 12.0, 12.0, 1.0, 0, 12), (5, 12.0, 12.0, 1.0, 0, 12), (6, 16.0, 16.0, 1.0, 0, 16), (7, 13.0, 13.0, 1.0, 6, 19), (8, 13.0, 13.0, 1.0, 6, 19), (9, 13.0, 13.0, 1.0, 6, 19), (10, 13.0, 13.0, 1.0, 6, 19), (11, 13.0, 14.0, 0.9285714285714286, 6, 20), (12, 15.0, 15.0, 1.0, 5, 20)]",165,2,7.865999937057495,0.0
Experiment 17,5 Layers,26.0,"[[(0.0, 26.0)], [(18, 8.0)], [(22, 4.0)], [(22, 4.0)], [(23, 3.0)], [(0.0, 6.0), (11, 1), (17, 1), (19, 7.0)], [(0.0, 6.0), (13, 3), (18, 4), (23, 3.0)], [(0.0, 6.0), (13, 3), (18, 4), (23, 3.0)], [(0.0, 6.0), (13, 4), (18, 5), (24, 2.0)], [(0.0, 11.0), (13, 4), (21, 2), (25, 1.0)], [(0.0, 11.0), (17, 1), (22, 2)], [(0.0, 11.0), (17, 1), (22, 4.0)], [(0.0, 11.0), (17, 1), (20, 3), (25, 1.0)], [(0.0, 26.0)]]","[[26.0], [8.0], [4.0], [4.0], [3.0], [6.0, 1, 1, 7.0], [6.0, 3, 4, 3.0], [6.0, 3, 4, 3.0], [6.0, 4, 5, 2.0], [11.0, 4, 2, 1.0], [11.0, 1, 2], [11.0, 1, 4.0], [11.0, 1, 3, 1.0], [26.0]]","[(0, 0.0, 0.0), (1, 18, 0.6923076923076923), (2, 22, 0.8461538461538461), (3, 22, 0.8461538461538461), (4, 23, 0.8846153846153846), (5, 11, 0.4230769230769231), (6, 10, 0.38461538461538464), (7, 10, 0.38461538461538464), (8, 9, 0.34615384615384615), (9, 8, 0.3076923076923077), (10, 12, 0.46153846153846156), (11, 10, 0.38461538461538464), (12, 10, 0.38461538461538464), (13, 0.0, 0.0)]","[(1, 18.0, 18.0, 1.0, 0, 18), (2, 22.0, 22.0, 1.0, 0, 22), (3, 22.0, 22.0, 1.0, 0, 22), (4, 23.0, 23.0, 1.0, 0, 23), (5, 11.0, 13.0, 0.8461538461538461, 6, 19), (6, 10.0, 17.0, 0.5882352941176471, 6, 23), (7, 10.0, 17.0, 0.5882352941176471, 6, 23), (8, 9.0, 18.0, 0.5, 6, 24), (9, 8.0, 14.0, 0.5714285714285714, 11, 25), (10, 12.0, 15.0, 0.8, 11, 26), (11, 10.0, 11.0, 0.9090909090909091, 11, 22), (12, 10.0, 14.0, 0.7142857142857143, 11, 25)]",165,2,14.692000150680542,0.0
Experiment 17,6 Layers,26.0,"[[(0.0, 26.0)], [(5, 1), (7, 19.0)], [(5, 2), (9, 17.0)], [(1, 1), (5, 4), (11, 2), (14, 12.0)], [(0.0, 1.0), (23, 3.0)], [(0.0, 1.0), (22, 4.0)], [(0.0, 1.0), (23, 3.0)], [(0.0, 6.0), (8, 1), (20, 2), (24, 2.0)], [(0.0, 6.0), (8, 3), (18, 2), (21, 5.0)], [(0.0, 5.0), (7, 3), (22, 1), (24, 2.0)], [(0.0, 8.0), (12, 2), (16, 4)], [(0.0, 11.0), (15, 3)], [(0.0, 9.0), (13, 1)], [(0.0, 26.0)]]","[[26.0], [1, 19.0], [2, 17.0], [1, 4, 2, 12.0], [1.0, 3.0], [1.0, 4.0], [1.0, 3.0], [6.0, 1, 2, 2.0], [6.0, 3, 2, 5.0], [5.0, 3, 1, 2.0], [8.0, 2, 4], [11.0, 3], [9.0, 1], [26.0]]","[(0, 0.0, 0.0), (1, 6, 0.23076923076923078), (2, 7, 0.2692307692307692), (3, 7, 0.2692307692307692), (4, 22, 0.8461538461538461), (5, 21, 0.8076923076923077), (6, 22, 0.8461538461538461), (7, 15, 0.5769230769230769), (8, 10, 0.38461538461538464), (9, 15, 0.5769230769230769), (10, 12, 0.46153846153846156), (11, 12, 0.46153846153846156), (12, 16, 0.6153846153846154), (13, 0.0, 0.0)]","[(1, 6.0, 7.0, 0.8571428571428571, 0, 7), (2, 7.0, 9.0, 0.7777777777777778, 0, 9), (3, 7.0, 14.0, 0.5, 0, 14), (4, 22.0, 22.0, 1.0, 1, 23), (5, 21.0, 21.0, 1.0, 1, 22), (6, 22.0, 22.0, 1.0, 1, 23), (7, 15.0, 18.0, 0.8333333333333334, 6, 24), (8, 10.0, 15.0, 0.6666666666666666, 6, 21), (9, 15.0, 19.0, 0.7894736842105263, 5, 24), (10, 12.0, 18.0, 0.6666666666666666, 8, 26), (11, 12.0, 15.0, 0.8, 11, 26), (12, 16.0, 17.0, 0.9411764705882353, 9, 26)]",165,2,22.132999897003174,0.0
Experiment 18,4 Layers,16.0,"[[(0.0, 16.0)], [(10, 6.0)], [(7, 2), (13, 3.0)], [(7, 9.0)], [(8, 8.0)], [(11, 5.0)], [(0.0, 1.0), (5, 2), (11, 5.0)], [(0.0, 3.0)], [(0.0, 3.0), (6, 2), (15, 1.0)], [(0.0, 5.0), (15, 1.0)], [(0.0, 3.0), (6, 1), (14, 2.0)], [(0.0, 3.0), (6, 1)], [(0.0, 4.0), (11, 2)], [(0.0, 16.0)]]","[[16.0], [6.0], [2, 3.0], [9.0], [8.0], [5.0], [1.0, 2, 5.0], [3.0], [3.0, 2, 1.0], [5.0, 1.0], [3.0, 1, 2.0], [3.0, 1], [4.0, 2], [16.0]]","[(0, 0.0, 0.0), (1, 10, 0.625), (2, 11, 0.6875), (3, 7, 0.4375), (4, 8, 0.5), (5, 11, 0.6875), (6, 8, 0.5), (7, 13, 0.8125), (8, 10, 0.625), (9, 10, 0.625), (10, 10, 0.625), (11, 12, 0.75), (12, 10, 0.625), (13, 0.0, 0.0)]","[(1, 10.0, 10.0, 1.0, 0, 10), (2, 11.0, 13.0, 0.8461538461538461, 0, 13), (3, 7.0, 7.0, 1.0, 0, 7), (4, 8.0, 8.0, 1.0, 0, 8), (5, 11.0, 11.0, 1.0, 0, 11), (6, 8.0, 10.0, 0.8, 1, 11), (7, 13.0, 13.0, 1.0, 3, 16), (8, 10.0, 12.0, 0.8333333333333334, 3, 15), (9, 10.0, 10.0, 1.0, 5, 15), (10, 10.0, 11.0, 0.9090909090909091, 3, 14), (11, 12.0, 13.0, 0.9230769230769231, 3, 16), (12, 10.0, 12.0, 0.8333333333333334, 4, 16)]",120,2,45.28200006484985,0.0
Experiment 18,5 Layers,19.0,"[[(0.0, 19.0)], [(15, 4.0)], [(12, 7.0)], [(14, 5.0)], [(14, 5.0)], [(0.0, 3.0), (17, 2.0)], [(0.0, 4.0), (16, 3.0)], [(0.0, 4.0), (18, 1.0)], [(0.0, 6.0), (16, 3.0)], [(0.0, 8.0), (9, 2), (12, 3), (18, 1.0)], [(0.0, 13.0), (15, 1), (17, 2.0)], [(0.0, 15.0), (17, 1)], [(0.0, 5.0), (6, 8), (17, 2.0)], [(0.0, 19.0)]]","[[19.0], [4.0], [7.0], [5.0], [5.0], [3.0, 2.0], [4.0, 3.0], [4.0, 1.0], [6.0, 3.0], [8.0, 2, 3, 1.0], [13.0, 1, 2.0], [15.0, 1], [5.0, 8, 2.0], [19.0]]","[(0, 0.0, 0.0), (1, 15, 0.7894736842105263), (2, 12, 0.631578947368421), (3, 14, 0.7368421052631579), (4, 14, 0.7368421052631579), (5, 14, 0.7368421052631579), (6, 12, 0.631578947368421), (7, 14, 0.7368421052631579), (8, 10, 0.5263157894736842), (9, 5, 0.2631578947368421), (10, 3, 0.15789473684210525), (11, 3, 0.15789473684210525), (12, 4, 0.21052631578947367), (13, 0.0, 0.0)]","[(1, 15.0, 15.0, 1.0, 0, 15), (2, 12.0, 12.0, 1.0, 0, 12), (3, 14.0, 14.0, 1.0, 0, 14), (4, 14.0, 14.0, 1.0, 0, 14), (5, 14.0, 14.0, 1.0, 3, 17), (6, 12.0, 12.0, 1.0, 4, 16), (7, 14.0, 14.0, 1.0, 4, 18), (8, 10.0, 10.0, 1.0, 6, 16), (9, 5.0, 10.0, 0.5, 8, 18), (10, 3.0, 4.0, 0.75, 13, 17), (11, 3.0, 4.0, 0.75, 15, 19), (12, 4.0, 12.0, 0.3333333333333333, 5, 17)]",120,2,23.618000030517578,0.0
Experiment 18,6 Layers,22.0,"[[(0.0, 22.0)], [(12, 10.0)], [(11, 11.0)], [(12, 10.0)], [(0.0, 2.0), (3, 4), (10, 1), (12, 10.0)], [(0.0, 2.0), (4, 2), (7, 2), (11, 1), (14, 2), (18, 4.0)], [(0.0, 4.0), (6, 2), (9, 1), (12, 3), (16, 6.0)], [(0.0, 3.0), (5, 1), (20, 2.0)], [(0.0, 4.0), (20, 2.0)], [(0.0, 3.0), (21, 1.0)], [(0.0, 10.0), (11, 5), (17, 1), (19, 1), (21, 1.0)], [(0.0, 12.0), (13, 1), (17, 3)], [(0.0, 15.0), (16, 1), (21, 1.0)], [(0.0, 22.0)]]","[[22.0], [10.0], [11.0], [10.0], [2.0, 4, 1, 10.0], [2.0, 2, 2, 1, 2, 4.0], [4.0, 2, 1, 3, 6.0], [3.0, 1, 2.0], [4.0, 2.0], [3.0, 1.0], [10.0, 5, 1, 1, 1.0], [12.0, 1, 3], [15.0, 1, 1.0], [22.0]]","[(0, 0.0, 0.0), (1, 12, 0.5454545454545454), (2, 11, 0.5), (3, 12, 0.5454545454545454), (4, 5, 0.22727272727272727), (5, 9, 0.4090909090909091), (6, 6, 0.2727272727272727), (7, 16, 0.7272727272727273), (8, 16, 0.7272727272727273), (9, 18, 0.8181818181818182), (10, 4, 0.18181818181818182), (11, 6, 0.2727272727272727), (12, 5, 0.22727272727272727), (13, 0.0, 0.0)]","[(1, 12.0, 12.0, 1.0, 0, 12), (2, 11.0, 11.0, 1.0, 0, 11), (3, 12.0, 12.0, 1.0, 0, 12), (4, 5.0, 10.0, 0.5, 2, 12), (5, 9.0, 16.0, 0.5625, 2, 18), (6, 6.0, 12.0, 0.5, 4, 16), (7, 16.0, 17.0, 0.9411764705882353, 3, 20), (8, 16.0, 16.0, 1.0, 4, 20), (9, 18.0, 18.0, 1.0, 3, 21), (10, 4.0, 11.0, 0.36363636363636365, 10, 21), (11, 6.0, 10.0, 0.6, 12, 22), (12, 5.0, 6.0, 0.8333333333333334, 15, 21)]",120,2,71.74400019645691,0.0
Experiment 19,4 Layers,21.0,"[[(0.0, 21.0)], [(11, 10.0)], [(15, 6.0)], [(15, 6.0)], [(14, 7.0)], [(5, 16.0)], [(15, 6.0)], [(0.0, 6.0), (18, 3.0)], [(0.0, 5.0)], [(0.0, 4.0)], [(0.0, 4.0)], [(0.0, 8.0), (14, 7.0)], [(0.0, 4.0)], [(0.0, 21.0)]]","[[21.0], [10.0], [6.0], [6.0], [7.0], [16.0], [6.0], [6.0, 3.0], [5.0], [4.0], [4.0], [8.0, 7.0], [4.0], [21.0]]","[(0, 0.0, 0.0), (1, 11, 0.5238095238095238), (2, 15, 0.7142857142857143), (3, 15, 0.7142857142857143), (4, 14, 0.6666666666666666), (5, 5, 0.23809523809523808), (6, 15, 0.7142857142857143), (7, 12, 0.5714285714285714), (8, 16, 0.7619047619047619), (9, 17, 0.8095238095238095), (10, 17, 0.8095238095238095), (11, 6, 0.2857142857142857), (12, 17, 0.8095238095238095), (13, 0.0, 0.0)]","[(1, 11.0, 11.0, 1.0, 0, 11), (2, 15.0, 15.0, 1.0, 0, 15), (3, 15.0, 15.0, 1.0, 0, 15), (4, 14.0, 14.0, 1.0, 0, 14), (5, 5.0, 5.0, 1.0, 0, 5), (6, 15.0, 15.0, 1.0, 0, 15), (7, 12.0, 12.0, 1.0, 6, 18), (8, 16.0, 16.0, 1.0, 5, 21), (9, 17.0, 17.0, 1.0, 4, 21), (10, 17.0, 17.0, 1.0, 4, 21), (11, 6.0, 6.0, 1.0, 8, 14), (12, 17.0, 17.0, 1.0, 4, 21)]",160,2,9.786999940872192,0.0
Experiment 19,5 Layers,24.0,"[[(0.0, 24.0)], [(19, 5.0)], [(18, 6.0)], [(19, 5.0)], [(19, 5.0)], [(0.0, 6.0), (20, 4.0)], [(0.0, 6.0), (10, 1), (16, 3), (20, 4.0)], [(0.0, 6.0), (16, 3), (20, 4.0)], [(0.0, 6.0), (11, 1), (17, 1), (23, 1.0)], [(0.0, 11.0), (12, 4), (18, 1)], [(0.0, 16.0)], [(0.0, 11.0), (14, 3)], [(0.0, 11.0), (12, 4)], [(0.0, 24.0)]]","[[24.0], [5.0], [6.0], [5.0], [5.0], [6.0, 4.0], [6.0, 1, 3, 4.0], [6.0, 3, 4.0], [6.0, 1, 1, 1.0], [11.0, 4, 1], [16.0], [11.0, 3], [11.0, 4], [24.0]]","[(0, 0.0, 0.0), (1, 19, 0.7916666666666666), (2, 18, 0.75), (3, 19, 0.7916666666666666), (4, 19, 0.7916666666666666), (5, 14, 0.5833333333333334), (6, 10, 0.4166666666666667), (7, 11, 0.4583333333333333), (8, 15, 0.625), (9, 8, 0.3333333333333333), (10, 8, 0.3333333333333333), (11, 10, 0.4166666666666667), (12, 9, 0.375), (13, 0.0, 0.0)]","[(1, 19.0, 19.0, 1.0, 0, 19), (2, 18.0, 18.0, 1.0, 0, 18), (3, 19.0, 19.0, 1.0, 0, 19), (4, 19.0, 19.0, 1.0, 0, 19), (5, 14.0, 14.0, 1.0, 6, 20), (6, 10.0, 14.0, 0.7142857142857143, 6, 20), (7, 11.0, 14.0, 0.7857142857142857, 6, 20), (8, 15.0, 17.0, 0.8823529411764706, 6, 23), (9, 8.0, 13.0, 0.6153846153846154, 11, 24), (10, 8.0, 8.0, 1.0, 16, 24), (11, 10.0, 13.0, 0.7692307692307693, 11, 24), (12, 9.0, 13.0, 0.6923076923076923, 11, 24)]",160,2,58.4300000667572,0.0
Experiment 19,6 Layers,24.0,"[[(0.0, 24.0)], [(17, 7.0)], [(6, 1), (17, 7.0)], [(17, 7.0)], [(0.0, 3.0), (5, 1), (11, 6), (18, 6.0)], [(0.0, 3.0), (5, 2), (9, 3), (18, 6.0)], [(0.0, 3.0), (7, 3), (12, 5), (18, 6.0)], [(0.0, 5.0), (13, 2), (16, 1), (23, 1.0)], [(0.0, 5.0), (23, 1.0)], [(0.0, 5.0), (9, 1), (23, 1.0)], [(0.0, 9.0), (11, 3), (18, 1)], [(0.0, 11.0), (13, 1), (18, 1)], [(0.0, 9.0), (11, 1), (21, 1)], [(0.0, 24.0)]]","[[24.0], [7.0], [1, 7.0], [7.0], [3.0, 1, 6, 6.0], [3.0, 2, 3, 6.0], [3.0, 3, 5, 6.0], [5.0, 2, 1, 1.0], [5.0, 1.0], [5.0, 1, 1.0], [9.0, 3, 1], [11.0, 1, 1], [9.0, 1, 1], [24.0]]","[(0, 0.0, 0.0), (1, 17, 0.7083333333333334), (2, 16, 0.6666666666666666), (3, 17, 0.7083333333333334), (4, 8, 0.3333333333333333), (5, 10, 0.4166666666666667), (6, 7, 0.2916666666666667), (7, 15, 0.625), (8, 18, 0.75), (9, 17, 0.7083333333333334), (10, 11, 0.4583333333333333), (11, 11, 0.4583333333333333), (12, 13, 0.5416666666666666), (13, 0.0, 0.0)]","[(1, 17.0, 17.0, 1.0, 0, 17), (2, 16.0, 17.0, 0.9411764705882353, 0, 17), (3, 17.0, 17.0, 1.0, 0, 17), (4, 8.0, 15.0, 0.5333333333333333, 3, 18), (5, 10.0, 15.0, 0.6666666666666666, 3, 18), (6, 7.0, 15.0, 0.4666666666666667, 3, 18), (7, 15.0, 18.0, 0.8333333333333334, 5, 23), (8, 18.0, 18.0, 1.0, 5, 23), (9, 17.0, 18.0, 0.9444444444444444, 5, 23), (10, 11.0, 15.0, 0.7333333333333333, 9, 24), (11, 11.0, 13.0, 0.8461538461538461, 11, 24), (12, 13.0, 15.0, 0.8666666666666667, 9, 24)]",160,2,48.91600012779236,0.0
Experiment 20,4 Layers,23.0,"[[(0.0, 23.0)], [(10, 13.0)], [(10, 2), (17, 6.0)], [(5, 4), (15, 8.0)], [(11, 12.0)], [(11, 1), (17, 6.0)], [(17, 6.0)], [(0.0, 5.0)], [(0.0, 5.0), (11, 4), (22, 1.0)], [(0.0, 6.0), (13, 1), (21, 2.0)], [(0.0, 5.0)], [(0.0, 8.0), (15, 1)], [(0.0, 5.0)], [(0.0, 23.0)]]","[[23.0], [13.0], [2, 6.0], [4, 8.0], [12.0], [1, 6.0], [6.0], [5.0], [5.0, 4, 1.0], [6.0, 1, 2.0], [5.0], [8.0, 1], [5.0], [23.0]]","[(0, 0.0, 0.0), (1, 10, 0.43478260869565216), (2, 15, 0.6521739130434783), (3, 11, 0.4782608695652174), (4, 11, 0.4782608695652174), (5, 16, 0.6956521739130435), (6, 17, 0.7391304347826086), (7, 18, 0.782608695652174), (8, 13, 0.5652173913043478), (9, 14, 0.6086956521739131), (10, 18, 0.782608695652174), (11, 14, 0.6086956521739131), (12, 18, 0.782608695652174), (13, 0.0, 0.0)]","[(1, 10.0, 10.0, 1.0, 0, 10), (2, 15.0, 17.0, 0.8823529411764706, 0, 17), (3, 11.0, 15.0, 0.7333333333333333, 0, 15), (4, 11.0, 11.0, 1.0, 0, 11), (5, 16.0, 17.0, 0.9411764705882353, 0, 17), (6, 17.0, 17.0, 1.0, 0, 17), (7, 18.0, 18.0, 1.0, 5, 23), (8, 13.0, 17.0, 0.7647058823529411, 5, 22), (9, 14.0, 15.0, 0.9333333333333333, 6, 21), (10, 18.0, 18.0, 1.0, 5, 23), (11, 14.0, 15.0, 0.9333333333333333, 8, 23), (12, 18.0, 18.0, 1.0, 5, 23)]",175,2,13.514999866485596,0.0
Experiment 20,5 Layers,27.0,"[[(0.0, 27.0)], [(21, 6.0)], [(17, 10.0)], [(21, 6.0)], [(21, 6.0)], [(0.0, 5.0), (7, 3), (12, 4), (17, 4), (24, 3.0)], [(0.0, 5.0), (7, 4), (12, 5), (18, 3), (24, 3.0)], [(0.0, 5.0), (7, 4), (12, 4), (19, 2), (24, 3.0)], [(0.0, 5.0), (7, 4), (12, 4), (19, 8.0)], [(0.0, 7.0), (11, 1), (16, 1), (23, 1)], [(0.0, 7.0), (11, 1), (24, 3.0)], [(0.0, 7.0), (11, 1), (18, 1), (22, 2)], [(0.0, 7.0), (11, 1), (18, 1), (22, 2)], [(0.0, 27.0)]]","[[27.0], [6.0], [10.0], [6.0], [6.0], [5.0, 3, 4, 4, 3.0], [5.0, 4, 5, 3, 3.0], [5.0, 4, 4, 2, 3.0], [5.0, 4, 4, 8.0], [7.0, 1, 1, 1], [7.0, 1, 3.0], [7.0, 1, 1, 2], [7.0, 1, 1, 2], [27.0]]","[(0, 0.0, 0.0), (1, 21, 0.7777777777777778), (2, 17, 0.6296296296296297), (3, 21, 0.7777777777777778), (4, 21, 0.7777777777777778), (5, 8, 0.2962962962962963), (6, 7, 0.25925925925925924), (7, 9, 0.3333333333333333), (8, 6, 0.2222222222222222), (9, 17, 0.6296296296296297), (10, 16, 0.5925925925925926), (11, 16, 0.5925925925925926), (12, 16, 0.5925925925925926), (13, 0.0, 0.0)]","[(1, 21.0, 21.0, 1.0, 0, 21), (2, 17.0, 17.0, 1.0, 0, 17), (3, 21.0, 21.0, 1.0, 0, 21), (4, 21.0, 21.0, 1.0, 0, 21), (5, 8.0, 19.0, 0.42105263157894735, 5, 24), (6, 7.0, 19.0, 0.3684210526315789, 5, 24), (7, 9.0, 19.0, 0.47368421052631576, 5, 24), (8, 6.0, 14.0, 0.42857142857142855, 5, 19), (9, 17.0, 20.0, 0.85, 7, 27), (10, 16.0, 17.0, 0.9411764705882353, 7, 24), (11, 16.0, 20.0, 0.8, 7, 27), (12, 16.0, 20.0, 0.8, 7, 27)]",175,2,12.21399998664856,0.0
Experiment 20,6 Layers,29.0,"[[(0.0, 29.0)], [(22, 7.0)], [(16, 13.0)], [(6, 1), (13, 16.0)], [(0.0, 2.0), (5, 4), (12, 1), (16, 1), (19, 10.0)], [(0.0, 2.0), (5, 1), (7, 3), (12, 5), (20, 2), (23, 6.0)], [(0.0, 4.0), (5, 1), (10, 3), (14, 4), (21, 8.0)], [(0.0, 5.0), (7, 7), (17, 2), (20, 3), (26, 3.0)], [(0.0, 5.0), (11, 1), (13, 3), (18, 2), (23, 6.0)], [(0.0, 5.0), (8, 2), (11, 1), (14, 5), (22, 7.0)], [(0.0, 7.0)], [(0.0, 8.0)], [(0.0, 7.0)], [(0.0, 29.0)]]","[[29.0], [7.0], [13.0], [1, 16.0], [2.0, 4, 1, 1, 10.0], [2.0, 1, 3, 5, 2, 6.0], [4.0, 1, 3, 4, 8.0], [5.0, 7, 2, 3, 3.0], [5.0, 1, 3, 2, 6.0], [5.0, 2, 1, 5, 7.0], [7.0], [8.0], [7.0], [29.0]]","[(0, 0.0, 0.0), (1, 22, 0.7586206896551724), (2, 16, 0.5517241379310345), (3, 12, 0.41379310344827586), (4, 11, 0.3793103448275862), (5, 10, 0.3448275862068966), (6, 9, 0.3103448275862069), (7, 9, 0.3103448275862069), (8, 12, 0.41379310344827586), (9, 9, 0.3103448275862069), (10, 22, 0.7586206896551724), (11, 21, 0.7241379310344828), (12, 22, 0.7586206896551724), (13, 0.0, 0.0)]","[(1, 22.0, 22.0, 1.0, 0, 22), (2, 16.0, 16.0, 1.0, 0, 16), (3, 12.0, 13.0, 0.9230769230769231, 0, 13), (4, 11.0, 17.0, 0.6470588235294118, 2, 19), (5, 10.0, 21.0, 0.47619047619047616, 2, 23), (6, 9.0, 17.0, 0.5294117647058824, 4, 21), (7, 9.0, 21.0, 0.42857142857142855, 5, 26), (8, 12.0, 18.0, 0.6666666666666666, 5, 23), (9, 9.0, 17.0, 0.5294117647058824, 5, 22), (10, 22.0, 22.0, 1.0, 7, 29), (11, 21.0, 21.0, 1.0, 8, 29), (12, 22.0, 22.0, 1.0, 7, 29)]",175,2,33.42199993133545,0.0
Experiment 21,4 Layers,22.0,"[[(0.0, 22.0)], [(17, 5.0)], [(17, 5.0)], [(17, 5.0)], [(10, 12.0)], [(12, 10.0)], [(12, 10.0)], [(0.0, 5.0)], [(0.0, 5.0), (19, 3.0)], [(0.0, 5.0), (19, 3.0)], [(0.0, 5.0), (19, 3.0)], [(0.0, 5.0), (15, 2), (20, 2.0)], [(0.0, 5.0), (15, 2), (20, 2.0)], [(0.0, 22.0)]]","[[22.0], [5.0], [5.0], [5.0], [12.0], [10.0], [10.0], [5.0], [5.0, 3.0], [5.0, 3.0], [5.0, 3.0], [5.0, 2, 2.0], [5.0, 2, 2.0], [22.0]]","[(0, 0.0, 0.0), (1, 17, 0.7727272727272727), (2, 17, 0.7727272727272727), (3, 17, 0.7727272727272727), (4, 10, 0.45454545454545453), (5, 12, 0.5454545454545454), (6, 12, 0.5454545454545454), (7, 17, 0.7727272727272727), (8, 14, 0.6363636363636364), (9, 14, 0.6363636363636364), (10, 14, 0.6363636363636364), (11, 13, 0.5909090909090909), (12, 13, 0.5909090909090909), (13, 0.0, 0.0)]","[(1, 17.0, 17.0, 1.0, 0, 17), (2, 17.0, 17.0, 1.0, 0, 17), (3, 17.0, 17.0, 1.0, 0, 17), (4, 10.0, 10.0, 1.0, 0, 10), (5, 12.0, 12.0, 1.0, 0, 12), (6, 12.0, 12.0, 1.0, 0, 12), (7, 17.0, 17.0, 1.0, 5, 22), (8, 14.0, 14.0, 1.0, 5, 19), (9, 14.0, 14.0, 1.0, 5, 19), (10, 14.0, 14.0, 1.0, 5, 19), (11, 13.0, 15.0, 0.8666666666666667, 5, 20), (12, 13.0, 15.0, 0.8666666666666667, 5, 20)]",170,2,8.460000038146973,0.0
Experiment 21,5 Layers,25.0,"[[(0.0, 25.0)], [(22, 3.0)], [(22, 3.0)], [(22, 3.0)], [(7, 1), (20, 5.0)], [(0.0, 6.0), (14, 8), (24, 1.0)], [(0.0, 11.0), (17, 5), (24, 1.0)], [(0.0, 5.0), (7, 2), (11, 2), (19, 2), (23, 2.0)], [(0.0, 5.0), (7, 6), (19, 3), (24, 1.0)], [(0.0, 13.0)], [(0.0, 7.0), (12, 9)], [(0.0, 8.0), (13, 2), (22, 1)], [(0.0, 15.0)], [(0.0, 25.0)]]","[[25.0], [3.0], [3.0], [3.0], [1, 5.0], [6.0, 8, 1.0], [11.0, 5, 1.0], [5.0, 2, 2, 2, 2.0], [5.0, 6, 3, 1.0], [13.0], [7.0, 9], [8.0, 2, 1], [15.0], [25.0]]","[(0, 0.0, 0.0), (1, 22, 0.88), (2, 22, 0.88), (3, 22, 0.88), (4, 19, 0.76), (5, 10, 0.4), (6, 8, 0.32), (7, 12, 0.48), (8, 10, 0.4), (9, 12, 0.48), (10, 9, 0.36), (11, 14, 0.56), (12, 10, 0.4), (13, 0.0, 0.0)]","[(1, 22.0, 22.0, 1.0, 0, 22), (2, 22.0, 22.0, 1.0, 0, 22), (3, 22.0, 22.0, 1.0, 0, 22), (4, 19.0, 20.0, 0.95, 0, 20), (5, 10.0, 18.0, 0.5555555555555556, 6, 24), (6, 8.0, 13.0, 0.6153846153846154, 11, 24), (7, 12.0, 18.0, 0.6666666666666666, 5, 23), (8, 10.0, 19.0, 0.5263157894736842, 5, 24), (9, 12.0, 12.0, 1.0, 13, 25), (10, 9.0, 18.0, 0.5, 7, 25), (11, 14.0, 17.0, 0.8235294117647058, 8, 25), (12, 10.0, 10.0, 1.0, 15, 25)]",170,2,13.023000001907349,0.0
Experiment 21,6 Layers,23.0,"[[(0.0, 23.0)], [(7, 1), (11, 12.0)], [(4, 1), (7, 2), (11, 12.0)], [(12, 11.0)], [(0.0, 1.0), (19, 4.0)], [(0.0, 1.0), (19, 4.0)], [(0.0, 1.0), (20, 3.0)], [(0.0, 5.0), (7, 2), (13, 1), (18, 2), (22, 1.0)], [(0.0, 5.0), (13, 2), (21, 2.0)], [(0.0, 5.0), (7, 1), (18, 2), (22, 1.0)], [(0.0, 8.0), (13, 1)], [(0.0, 7.0)], [(0.0, 7.0), (12, 1)], [(0.0, 23.0)]]","[[23.0], [1, 12.0], [1, 2, 12.0], [11.0], [1.0, 4.0], [1.0, 4.0], [1.0, 3.0], [5.0, 2, 1, 2, 1.0], [5.0, 2, 2.0], [5.0, 1, 2, 1.0], [8.0, 1], [7.0], [7.0, 1], [23.0]]","[(0, 0.0, 0.0), (1, 10, 0.43478260869565216), (2, 8, 0.34782608695652173), (3, 12, 0.5217391304347826), (4, 18, 0.782608695652174), (5, 18, 0.782608695652174), (6, 19, 0.8260869565217391), (7, 12, 0.5217391304347826), (8, 14, 0.6086956521739131), (9, 14, 0.6086956521739131), (10, 14, 0.6086956521739131), (11, 16, 0.6956521739130435), (12, 15, 0.6521739130434783), (13, 0.0, 0.0)]","[(1, 10.0, 11.0, 0.9090909090909091, 0, 11), (2, 8.0, 11.0, 0.7272727272727273, 0, 11), (3, 12.0, 12.0, 1.0, 0, 12), (4, 18.0, 18.0, 1.0, 1, 19), (5, 18.0, 18.0, 1.0, 1, 19), (6, 19.0, 19.0, 1.0, 1, 20), (7, 12.0, 17.0, 0.7058823529411765, 5, 22), (8, 14.0, 16.0, 0.875, 5, 21), (9, 14.0, 17.0, 0.8235294117647058, 5, 22), (10, 14.0, 15.0, 0.9333333333333333, 8, 23), (11, 16.0, 16.0, 1.0, 7, 23), (12, 15.0, 16.0, 0.9375, 7, 23)]",170,2,24.604999780654907,0.0
Experiment 22,4 Layers,22.0,"[[(0.0, 22.0)], [(19, 3.0)], [(19, 3.0)], [(19, 3.0)], [(12, 10.0)], [(12, 10.0)], [(14, 8.0)], [(0.0, 5.0), (10, 2), (16, 3)], [(0.0, 5.0), (10, 2), (16, 3)], [(0.0, 5.0), (10, 2), (16, 6.0)], [(0.0, 5.0), (10, 2), (16, 6.0)], [(0.0, 5.0), (10, 2), (15, 4)], [(0.0, 7.0), (11, 3), (17, 5.0)], [(0.0, 22.0)]]","[[22.0], [3.0], [3.0], [3.0], [10.0], [10.0], [8.0], [5.0, 2, 3], [5.0, 2, 3], [5.0, 2, 6.0], [5.0, 2, 6.0], [5.0, 2, 4], [7.0, 3, 5.0], [22.0]]","[(0, 0.0, 0.0), (1, 19, 0.8636363636363636), (2, 19, 0.8636363636363636), (3, 19, 0.8636363636363636), (4, 12, 0.5454545454545454), (5, 12, 0.5454545454545454), (6, 14, 0.6363636363636364), (7, 12, 0.5454545454545454), (8, 12, 0.5454545454545454), (9, 9, 0.4090909090909091), (10, 9, 0.4090909090909091), (11, 11, 0.5), (12, 7, 0.3181818181818182), (13, 0.0, 0.0)]","[(1, 19.0, 19.0, 1.0, 0, 19), (2, 19.0, 19.0, 1.0, 0, 19), (3, 19.0, 19.0, 1.0, 0, 19), (4, 12.0, 12.0, 1.0, 0, 12), (5, 12.0, 12.0, 1.0, 0, 12), (6, 14.0, 14.0, 1.0, 0, 14), (7, 12.0, 17.0, 0.7058823529411765, 5, 22), (8, 12.0, 17.0, 0.7058823529411765, 5, 22), (9, 9.0, 11.0, 0.8181818181818182, 5, 16), (10, 9.0, 11.0, 0.8181818181818182, 5, 16), (11, 11.0, 17.0, 0.6470588235294118, 5, 22), (12, 7.0, 10.0, 0.7, 7, 17)]",155,2,6.042999982833862,0.0
Experiment 22,5 Layers,29.0,"[[(0.0, 29.0)], [(24, 5.0)], [(26, 3.0)], [(26, 3.0)], [(19, 10.0)], [(0.0, 5.0), (6, 4), (11, 6), (19, 5), (26, 3.0)], [(0.0, 5.0), (6, 6), (14, 5), (21, 5), (28, 1.0)], [(0.0, 5.0), (6, 6), (14, 5), (21, 5), (28, 1.0)], [(0.0, 5.0), (6, 6), (14, 5), (21, 8.0)], [(0.0, 6.0), (10, 1), (15, 4), (21, 5), (27, 2.0)], [(0.0, 6.0), (10, 4), (16, 5), (23, 6.0)], [(0.0, 6.0), (10, 4), (16, 5), (22, 6)], [(0.0, 6.0), (10, 4), (16, 5), (22, 6)], [(0.0, 29.0)]]","[[29.0], [5.0], [3.0], [3.0], [10.0], [5.0, 4, 6, 5, 3.0], [5.0, 6, 5, 5, 1.0], [5.0, 6, 5, 5, 1.0], [5.0, 6, 5, 8.0], [6.0, 1, 4, 5, 2.0], [6.0, 4, 5, 6.0], [6.0, 4, 5, 6], [6.0, 4, 5, 6], [29.0]]","[(0, 0.0, 0.0), (1, 24, 0.8275862068965517), (2, 26, 0.896551724137931), (3, 26, 0.896551724137931), (4, 19, 0.6551724137931034), (5, 6, 0.20689655172413793), (6, 7, 0.2413793103448276), (7, 7, 0.2413793103448276), (8, 5, 0.1724137931034483), (9, 11, 0.3793103448275862), (10, 8, 0.27586206896551724), (11, 8, 0.27586206896551724), (12, 8, 0.27586206896551724), (13, 0.0, 0.0)]","[(1, 24.0, 24.0, 1.0, 0, 24), (2, 26.0, 26.0, 1.0, 0, 26), (3, 26.0, 26.0, 1.0, 0, 26), (4, 19.0, 19.0, 1.0, 0, 19), (5, 6.0, 21.0, 0.2857142857142857, 5, 26), (6, 7.0, 23.0, 0.30434782608695654, 5, 28), (7, 7.0, 23.0, 0.30434782608695654, 5, 28), (8, 5.0, 16.0, 0.3125, 5, 21), (9, 11.0, 21.0, 0.5238095238095238, 6, 27), (10, 8.0, 17.0, 0.47058823529411764, 6, 23), (11, 8.0, 23.0, 0.34782608695652173, 6, 29), (12, 8.0, 23.0, 0.34782608695652173, 6, 29)]",155,2,2.509000062942505,0.0
Experiment 22,6 Layers,22.0,"[[(0.0, 22.0)], [(13, 9.0)], [(16, 6.0)], [(16, 6.0)], [(0.0, 2.0), (18, 4.0)], [(0.0, 1.0), (15, 1), (18, 4.0)], [(0.0, 1.0), (19, 3.0)], [(0.0, 5.0), (6, 3), (11, 1), (13, 1), (15, 3), (20, 2.0)], [(0.0, 9.0), (10, 4), (15, 2), (21, 1.0)], [(0.0, 7.0), (15, 1), (20, 2.0)], [(0.0, 9.0), (10, 1), (15, 1)], [(0.0, 7.0), (12, 2)], [(0.0, 11.0)], [(0.0, 22.0)]]","[[22.0], [9.0], [6.0], [6.0], [2.0, 4.0], [1.0, 1, 4.0], [1.0, 3.0], [5.0, 3, 1, 1, 3, 2.0], [9.0, 4, 2, 1.0], [7.0, 1, 2.0], [9.0, 1, 1], [7.0, 2], [11.0], [22.0]]","[(0, 0.0, 0.0), (1, 13, 0.5909090909090909), (2, 16, 0.7272727272727273), (3, 16, 0.7272727272727273), (4, 16, 0.7272727272727273), (5, 16, 0.7272727272727273), (6, 18, 0.8181818181818182), (7, 7, 0.3181818181818182), (8, 6, 0.2727272727272727), (9, 12, 0.5454545454545454), (10, 11, 0.5), (11, 13, 0.5909090909090909), (12, 11, 0.5), (13, 0.0, 0.0)]","[(1, 13.0, 13.0, 1.0, 0, 13), (2, 16.0, 16.0, 1.0, 0, 16), (3, 16.0, 16.0, 1.0, 0, 16), (4, 16.0, 16.0, 1.0, 2, 18), (5, 16.0, 17.0, 0.9411764705882353, 1, 18), (6, 18.0, 18.0, 1.0, 1, 19), (7, 7.0, 15.0, 0.4666666666666667, 5, 20), (8, 6.0, 12.0, 0.5, 9, 21), (9, 12.0, 13.0, 0.9230769230769231, 7, 20), (10, 11.0, 13.0, 0.8461538461538461, 9, 22), (11, 13.0, 15.0, 0.8666666666666667, 7, 22), (12, 11.0, 11.0, 1.0, 11, 22)]",155,2,43.69099998474121,0.0
Experiment 23,4 Layers,15.0,"[[(0.0, 15.0)], [(0.0, 1.0), (10, 5.0)], [(8, 7.0)], [(8, 7.0)], [(11, 4.0)], [(8, 7.0)], [(11, 4.0)], [(0.0, 5.0)], [(0.0, 6.0)], [(0.0, 3.0)], [(0.0, 3.0)], [(0.0, 3.0), (13, 2.0)], [(0.0, 3.0)], [(0.0, 15.0)]]","[[15.0], [1.0, 5.0], [7.0], [7.0], [4.0], [7.0], [4.0], [5.0], [6.0], [3.0], [3.0], [3.0, 2.0], [3.0], [15.0]]","[(0, 0.0, 0.0), (1, 9, 0.6), (2, 8, 0.5333333333333333), (3, 8, 0.5333333333333333), (4, 11, 0.7333333333333333), (5, 8, 0.5333333333333333), (6, 11, 0.7333333333333333), (7, 10, 0.6666666666666666), (8, 9, 0.6), (9, 12, 0.8), (10, 12, 0.8), (11, 10, 0.6666666666666666), (12, 12, 0.8), (13, 0.0, 0.0)]","[(1, 9.0, 9.0, 1.0, 1, 10), (2, 8.0, 8.0, 1.0, 0, 8), (3, 8.0, 8.0, 1.0, 0, 8), (4, 11.0, 11.0, 1.0, 0, 11), (5, 8.0, 8.0, 1.0, 0, 8), (6, 11.0, 11.0, 1.0, 0, 11), (7, 10.0, 10.0, 1.0, 5, 15), (8, 9.0, 9.0, 1.0, 6, 15), (9, 12.0, 12.0, 1.0, 3, 15), (10, 12.0, 12.0, 1.0, 3, 15), (11, 10.0, 10.0, 1.0, 3, 13), (12, 12.0, 12.0, 1.0, 3, 15)]",120,2,13.496999979019165,0.0
Experiment 23,5 Layers,18.0,"[[(0.0, 18.0)], [(13, 5.0)], [(14, 4.0)], [(14, 4.0)], [(14, 4.0)], [(0.0, 3.0), (13, 1), (16, 2.0)], [(0.0, 3.0), (15, 3.0)], [(0.0, 6.0), (10, 1), (13, 1), (17, 1.0)], [(0.0, 3.0), (10, 1), (13, 1), (17, 1.0)], [(0.0, 7.0), (8, 2), (12, 2)], [(0.0, 7.0), (8, 8)], [(0.0, 7.0), (8, 6)], [(0.0, 13.0)], [(0.0, 18.0)]]","[[18.0], [5.0], [4.0], [4.0], [4.0], [3.0, 1, 2.0], [3.0, 3.0], [6.0, 1, 1, 1.0], [3.0, 1, 1, 1.0], [7.0, 2, 2], [7.0, 8], [7.0, 6], [13.0], [18.0]]","[(0, 0.0, 0.0), (1, 13, 0.7222222222222222), (2, 14, 0.7777777777777778), (3, 14, 0.7777777777777778), (4, 14, 0.7777777777777778), (5, 12, 0.6666666666666666), (6, 12, 0.6666666666666666), (7, 9, 0.5), (8, 12, 0.6666666666666666), (9, 7, 0.3888888888888889), (10, 3, 0.16666666666666666), (11, 5, 0.2777777777777778), (12, 5, 0.2777777777777778), (13, 0.0, 0.0)]","[(1, 13.0, 13.0, 1.0, 0, 13), (2, 14.0, 14.0, 1.0, 0, 14), (3, 14.0, 14.0, 1.0, 0, 14), (4, 14.0, 14.0, 1.0, 0, 14), (5, 12.0, 13.0, 0.9230769230769231, 3, 16), (6, 12.0, 12.0, 1.0, 3, 15), (7, 9.0, 11.0, 0.8181818181818182, 6, 17), (8, 12.0, 14.0, 0.8571428571428571, 3, 17), (9, 7.0, 11.0, 0.6363636363636364, 7, 18), (10, 3.0, 11.0, 0.2727272727272727, 7, 18), (11, 5.0, 11.0, 0.45454545454545453, 7, 18), (12, 5.0, 5.0, 1.0, 13, 18)]",120,2,10.24399995803833,0.0
Experiment 23,6 Layers,19.0,"[[(0.0, 19.0)], [(11, 8.0)], [(1, 1), (6, 1), (9, 10.0)], [(12, 7.0)], [(0.0, 1.0), (7, 1), (13, 6.0)], [(0.0, 1.0), (3, 2), (7, 2), (12, 1), (14, 5.0)], [(0.0, 2.0), (3, 2), (7, 2), (12, 7.0)], [(0.0, 3.0), (18, 1.0)], [(0.0, 3.0), (18, 1.0)], [(0.0, 3.0), (18, 1.0)], [(0.0, 12.0), (13, 1)], [(0.0, 9.0), (10, 1)], [(0.0, 14.0)], [(0.0, 19.0)]]","[[19.0], [8.0], [1, 1, 10.0], [7.0], [1.0, 1, 6.0], [1.0, 2, 2, 1, 5.0], [2.0, 2, 2, 7.0], [3.0, 1.0], [3.0, 1.0], [3.0, 1.0], [12.0, 1], [9.0, 1], [14.0], [19.0]]","[(0, 0.0, 0.0), (1, 11, 0.5789473684210527), (2, 7, 0.3684210526315789), (3, 12, 0.631578947368421), (4, 11, 0.5789473684210527), (5, 8, 0.42105263157894735), (6, 6, 0.3157894736842105), (7, 15, 0.7894736842105263), (8, 15, 0.7894736842105263), (9, 15, 0.7894736842105263), (10, 6, 0.3157894736842105), (11, 9, 0.47368421052631576), (12, 5, 0.2631578947368421), (13, 0.0, 0.0)]","[(1, 11.0, 11.0, 1.0, 0, 11), (2, 7.0, 9.0, 0.7777777777777778, 0, 9), (3, 12.0, 12.0, 1.0, 0, 12), (4, 11.0, 12.0, 0.9166666666666666, 1, 13), (5, 8.0, 13.0, 0.6153846153846154, 1, 14), (6, 6.0, 10.0, 0.6, 2, 12), (7, 15.0, 15.0, 1.0, 3, 18), (8, 15.0, 15.0, 1.0, 3, 18), (9, 15.0, 15.0, 1.0, 3, 18), (10, 6.0, 7.0, 0.8571428571428571, 12, 19), (11, 9.0, 10.0, 0.9, 9, 19), (12, 5.0, 5.0, 1.0, 14, 19)]",120,2,12.4760000705719,0.0
Experiment 24,4 Layers,21.0,"[[(0.0, 21.0)], [(15, 6.0)], [(15, 6.0)], [(14, 7.0)], [(14, 7.0)], [(14, 7.0)], [(18, 3.0)], [(0.0, 8.0), (14, 1)], [(0.0, 7.0), (13, 1), (20, 1.0)], [(0.0, 8.0), (14, 1)], [(0.0, 8.0), (20, 1.0)], [(0.0, 4.0), (7, 1), (20, 1.0)], [(0.0, 8.0), (20, 1.0)], [(0.0, 21.0)]]","[[21.0], [6.0], [6.0], [7.0], [7.0], [7.0], [3.0], [8.0, 1], [7.0, 1, 1.0], [8.0, 1], [8.0, 1.0], [4.0, 1, 1.0], [8.0, 1.0], [21.0]]","[(0, 0.0, 0.0), (1, 15, 0.7142857142857143), (2, 15, 0.7142857142857143), (3, 14, 0.6666666666666666), (4, 14, 0.6666666666666666), (5, 14, 0.6666666666666666), (6, 18, 0.8571428571428571), (7, 12, 0.5714285714285714), (8, 12, 0.5714285714285714), (9, 12, 0.5714285714285714), (10, 12, 0.5714285714285714), (11, 15, 0.7142857142857143), (12, 12, 0.5714285714285714), (13, 0.0, 0.0)]","[(1, 15.0, 15.0, 1.0, 0, 15), (2, 15.0, 15.0, 1.0, 0, 15), (3, 14.0, 14.0, 1.0, 0, 14), (4, 14.0, 14.0, 1.0, 0, 14), (5, 14.0, 14.0, 1.0, 0, 14), (6, 18.0, 18.0, 1.0, 0, 18), (7, 12.0, 13.0, 0.9230769230769231, 8, 21), (8, 12.0, 13.0, 0.9230769230769231, 7, 20), (9, 12.0, 13.0, 0.9230769230769231, 8, 21), (10, 12.0, 12.0, 1.0, 8, 20), (11, 15.0, 16.0, 0.9375, 4, 20), (12, 12.0, 12.0, 1.0, 8, 20)]",165,2,12.17900013923645,0.0
Experiment 24,5 Layers,28.0,"[[(0.0, 28.0)], [(25, 3.0)], [(21, 7.0)], [(22, 6.0)], [(22, 6.0)], [(0.0, 7.0), (11, 3), (18, 3), (26, 2.0)], [(0.0, 7.0), (11, 3), (19, 2), (26, 2.0)], [(0.0, 7.0), (11, 3), (21, 1), (24, 1), (27, 1.0)], [(0.0, 7.0), (11, 3), (21, 1), (24, 4.0)], [(0.0, 11.0), (13, 5), (20, 6), (27, 1.0)], [(0.0, 11.0), (13, 6), (20, 6), (27, 1.0)], [(0.0, 11.0), (13, 6), (20, 1), (22, 2), (25, 2)], [(0.0, 11.0), (13, 6), (20, 1), (22, 2), (25, 3.0)], [(0.0, 28.0)]]","[[28.0], [3.0], [7.0], [6.0], [6.0], [7.0, 3, 3, 2.0], [7.0, 3, 2, 2.0], [7.0, 3, 1, 1, 1.0], [7.0, 3, 1, 4.0], [11.0, 5, 6, 1.0], [11.0, 6, 6, 1.0], [11.0, 6, 1, 2, 2], [11.0, 6, 1, 2, 3.0], [28.0]]","[(0, 0.0, 0.0), (1, 25, 0.8928571428571429), (2, 21, 0.75), (3, 22, 0.7857142857142857), (4, 22, 0.7857142857142857), (5, 13, 0.4642857142857143), (6, 14, 0.5), (7, 15, 0.5357142857142857), (8, 13, 0.4642857142857143), (9, 5, 0.17857142857142858), (10, 4, 0.14285714285714285), (11, 6, 0.21428571428571427), (12, 5, 0.17857142857142858), (13, 0.0, 0.0)]","[(1, 25.0, 25.0, 1.0, 0, 25), (2, 21.0, 21.0, 1.0, 0, 21), (3, 22.0, 22.0, 1.0, 0, 22), (4, 22.0, 22.0, 1.0, 0, 22), (5, 13.0, 19.0, 0.6842105263157895, 7, 26), (6, 14.0, 19.0, 0.7368421052631579, 7, 26), (7, 15.0, 20.0, 0.75, 7, 27), (8, 13.0, 17.0, 0.7647058823529411, 7, 24), (9, 5.0, 16.0, 0.3125, 11, 27), (10, 4.0, 16.0, 0.25, 11, 27), (11, 6.0, 17.0, 0.35294117647058826, 11, 28), (12, 5.0, 14.0, 0.35714285714285715, 11, 25)]",165,2,9.589999914169312,0.0
Experiment 24,6 Layers,26.0,"[[(0.0, 26.0)], [(17, 9.0)], [(19, 7.0)], [(10, 2), (16, 10.0)], [(0.0, 4.0), (8, 2), (14, 2), (20, 6.0)], [(0.0, 4.0), (5, 2), (19, 7.0)], [(0.0, 3.0), (11, 2), (19, 1), (21, 5.0)], [(0.0, 5.0), (7, 1), (25, 1.0)], [(0.0, 7.0), (25, 1.0)], [(0.0, 7.0), (25, 1.0)], [(0.0, 7.0), (8, 7), (16, 3), (22, 1)], [(0.0, 19.0), (20, 3)], [(0.0, 15.0), (18, 3)], [(0.0, 26.0)]]","[[26.0], [9.0], [7.0], [2, 10.0], [4.0, 2, 2, 6.0], [4.0, 2, 7.0], [3.0, 2, 1, 5.0], [5.0, 1, 1.0], [7.0, 1.0], [7.0, 1.0], [7.0, 7, 3, 1], [19.0, 3], [15.0, 3], [26.0]]","[(0, 0.0, 0.0), (1, 17, 0.6538461538461539), (2, 19, 0.7307692307692307), (3, 14, 0.5384615384615384), (4, 12, 0.46153846153846156), (5, 13, 0.5), (6, 15, 0.5769230769230769), (7, 19, 0.7307692307692307), (8, 18, 0.6923076923076923), (9, 18, 0.6923076923076923), (10, 8, 0.3076923076923077), (11, 4, 0.15384615384615385), (12, 8, 0.3076923076923077), (13, 0.0, 0.0)]","[(1, 17.0, 17.0, 1.0, 0, 17), (2, 19.0, 19.0, 1.0, 0, 19), (3, 14.0, 16.0, 0.875, 0, 16), (4, 12.0, 16.0, 0.75, 4, 20), (5, 13.0, 15.0, 0.8666666666666667, 4, 19), (6, 15.0, 18.0, 0.8333333333333334, 3, 21), (7, 19.0, 20.0, 0.95, 5, 25), (8, 18.0, 18.0, 1.0, 7, 25), (9, 18.0, 18.0, 1.0, 7, 25), (10, 8.0, 19.0, 0.42105263157894735, 7, 26), (11, 4.0, 7.0, 0.5714285714285714, 19, 26), (12, 8.0, 11.0, 0.7272727272727273, 15, 26)]",165,2,379.4500000476837,0.0
Experiment 25,4 Layers,19.0,"[[(0.0, 19.0)], [(11, 8.0)], [(16, 3.0)], [(0.0, 1.0), (12, 7.0)], [(16, 3.0)], [(16, 3.0)], [(5, 1), (11, 8.0)], [(0.0, 6.0), (11, 3), (17, 2.0)], [(0.0, 6.0)], [(0.0, 5.0), (15, 1)], [(0.0, 10.0), (15, 1)], [(0.0, 5.0), (18, 1.0)], [(0.0, 5.0), (10, 1), (16, 3.0)], [(0.0, 19.0)]]","[[19.0], [8.0], [3.0], [1.0, 7.0], [3.0], [3.0], [1, 8.0], [6.0, 3, 2.0], [6.0], [5.0, 1], [10.0, 1], [5.0, 1.0], [5.0, 1, 3.0], [19.0]]","[(0, 0.0, 0.0), (1, 11, 0.5789473684210527), (2, 16, 0.8421052631578947), (3, 11, 0.5789473684210527), (4, 16, 0.8421052631578947), (5, 16, 0.8421052631578947), (6, 10, 0.5263157894736842), (7, 8, 0.42105263157894735), (8, 13, 0.6842105263157895), (9, 13, 0.6842105263157895), (10, 8, 0.42105263157894735), (11, 13, 0.6842105263157895), (12, 10, 0.5263157894736842), (13, 0.0, 0.0)]","[(1, 11.0, 11.0, 1.0, 0, 11), (2, 16.0, 16.0, 1.0, 0, 16), (3, 11.0, 11.0, 1.0, 1, 12), (4, 16.0, 16.0, 1.0, 0, 16), (5, 16.0, 16.0, 1.0, 0, 16), (6, 10.0, 11.0, 0.9090909090909091, 0, 11), (7, 8.0, 11.0, 0.7272727272727273, 6, 17), (8, 13.0, 13.0, 1.0, 6, 19), (9, 13.0, 14.0, 0.9285714285714286, 5, 19), (10, 8.0, 9.0, 0.8888888888888888, 10, 19), (11, 13.0, 13.0, 1.0, 5, 18), (12, 10.0, 11.0, 0.9090909090909091, 5, 16)]",145,2,5.331000089645386,0.0
Experiment 25,5 Layers,24.0,"[[(0.0, 24.0)], [(21, 3.0)], [(5, 1), (18, 6.0)], [(21, 3.0)], [(21, 3.0)], [(0.0, 5.0), (8, 3), (14, 2), (19, 2), (23, 1.0)], [(0.0, 7.0), (10, 1), (14, 2), (19, 2), (23, 1.0)], [(0.0, 12.0), (15, 1), (22, 2.0)], [(0.0, 13.0), (20, 1), (23, 1.0)], [(0.0, 9.0), (11, 4)], [(0.0, 10.0), (12, 4), (17, 3), (21, 2)], [(0.0, 16.0), (18, 1), (21, 1)], [(0.0, 19.0), (21, 2)], [(0.0, 24.0)]]","[[24.0], [3.0], [1, 6.0], [3.0], [3.0], [5.0, 3, 2, 2, 1.0], [7.0, 1, 2, 2, 1.0], [12.0, 1, 2.0], [13.0, 1, 1.0], [9.0, 4], [10.0, 4, 3, 2], [16.0, 1, 1], [19.0, 2], [24.0]]","[(0, 0.0, 0.0), (1, 21, 0.875), (2, 17, 0.7083333333333334), (3, 21, 0.875), (4, 21, 0.875), (5, 11, 0.4583333333333333), (6, 11, 0.4583333333333333), (7, 9, 0.375), (8, 9, 0.375), (9, 11, 0.4583333333333333), (10, 5, 0.20833333333333334), (11, 6, 0.25), (12, 3, 0.125), (13, 0.0, 0.0)]","[(1, 21.0, 21.0, 1.0, 0, 21), (2, 17.0, 18.0, 0.9444444444444444, 0, 18), (3, 21.0, 21.0, 1.0, 0, 21), (4, 21.0, 21.0, 1.0, 0, 21), (5, 11.0, 18.0, 0.6111111111111112, 5, 23), (6, 11.0, 16.0, 0.6875, 7, 23), (7, 9.0, 10.0, 0.9, 12, 22), (8, 9.0, 10.0, 0.9, 13, 23), (9, 11.0, 15.0, 0.7333333333333333, 9, 24), (10, 5.0, 14.0, 0.35714285714285715, 10, 24), (11, 6.0, 8.0, 0.75, 16, 24), (12, 3.0, 5.0, 0.6, 19, 24)]",145,2,12.966000080108643,0.0
Experiment 25,6 Layers,20.0,"[[(0.0, 20.0)], [(13, 7.0)], [(6, 1), (12, 8.0)], [(11, 9.0)], [(0.0, 2.0), (17, 3.0)], [(0.0, 2.0), (17, 3.0)], [(0.0, 2.0), (17, 3.0)], [(0.0, 6.0), (8, 1), (19, 1.0)], [(0.0, 5.0), (19, 1.0)], [(0.0, 5.0), (19, 1.0)], [(0.0, 8.0), (10, 3), (14, 1)], [(0.0, 8.0), (10, 2), (15, 2)], [(0.0, 11.0)], [(0.0, 20.0)]]","[[20.0], [7.0], [1, 8.0], [9.0], [2.0, 3.0], [2.0, 3.0], [2.0, 3.0], [6.0, 1, 1.0], [5.0, 1.0], [5.0, 1.0], [8.0, 3, 1], [8.0, 2, 2], [11.0], [20.0]]","[(0, 0.0, 0.0), (1, 13, 0.65), (2, 11, 0.55), (3, 11, 0.55), (4, 15, 0.75), (5, 15, 0.75), (6, 15, 0.75), (7, 12, 0.6), (8, 14, 0.7), (9, 14, 0.7), (10, 8, 0.4), (11, 8, 0.4), (12, 9, 0.45), (13, 0.0, 0.0)]","[(1, 13.0, 13.0, 1.0, 0, 13), (2, 11.0, 12.0, 0.9166666666666666, 0, 12), (3, 11.0, 11.0, 1.0, 0, 11), (4, 15.0, 15.0, 1.0, 2, 17), (5, 15.0, 15.0, 1.0, 2, 17), (6, 15.0, 15.0, 1.0, 2, 17), (7, 12.0, 13.0, 0.9230769230769231, 6, 19), (8, 14.0, 14.0, 1.0, 5, 19), (9, 14.0, 14.0, 1.0, 5, 19), (10, 8.0, 12.0, 0.6666666666666666, 8, 20), (11, 8.0, 12.0, 0.6666666666666666, 8, 20), (12, 9.0, 9.0, 1.0, 11, 20)]",145,2,24.25600004196167,0.0
Experiment 26,4 Layers,21.0,"[[(0.0, 21.0)], [(5, 2), (12, 9.0)], [(10, 11.0)], [(5, 2), (17, 4.0)], [(15, 6.0)], [(15, 6.0)], [(10, 11.0)], [(0.0, 5.0), (19, 2.0)], [(0.0, 7.0), (13, 2)], [(0.0, 5.0), (19, 2.0)], [(0.0, 6.0)], [(0.0, 5.0), (9, 2)], [(0.0, 5.0)], [(0.0, 21.0)]]","[[21.0], [2, 9.0], [11.0], [2, 4.0], [6.0], [6.0], [11.0], [5.0, 2.0], [7.0, 2], [5.0, 2.0], [6.0], [5.0, 2], [5.0], [21.0]]","[(0, 0.0, 0.0), (1, 10, 0.47619047619047616), (2, 10, 0.47619047619047616), (3, 15, 0.7142857142857143), (4, 15, 0.7142857142857143), (5, 15, 0.7142857142857143), (6, 10, 0.47619047619047616), (7, 14, 0.6666666666666666), (8, 12, 0.5714285714285714), (9, 14, 0.6666666666666666), (10, 15, 0.7142857142857143), (11, 14, 0.6666666666666666), (12, 16, 0.7619047619047619), (13, 0.0, 0.0)]","[(1, 10.0, 12.0, 0.8333333333333334, 0, 12), (2, 10.0, 10.0, 1.0, 0, 10), (3, 15.0, 17.0, 0.8823529411764706, 0, 17), (4, 15.0, 15.0, 1.0, 0, 15), (5, 15.0, 15.0, 1.0, 0, 15), (6, 10.0, 10.0, 1.0, 0, 10), (7, 14.0, 14.0, 1.0, 5, 19), (8, 12.0, 14.0, 0.8571428571428571, 7, 21), (9, 14.0, 14.0, 1.0, 5, 19), (10, 15.0, 15.0, 1.0, 6, 21), (11, 14.0, 16.0, 0.875, 5, 21), (12, 16.0, 16.0, 1.0, 5, 21)]",160,2,33.04800009727478,0.0
Experiment 26,5 Layers,24.0,"[[(0.0, 24.0)], [(5, 1), (16, 8.0)], [(20, 4.0)], [(20, 4.0)], [(20, 4.0)], [(0.0, 5.0), (23, 1.0)], [(0.0, 5.0), (9, 1), (14, 2), (23, 1.0)], [(0.0, 5.0), (15, 1), (19, 1), (23, 1.0)], [(0.0, 7.0), (23, 1.0)], [(0.0, 13.0), (14, 4), (20, 3)], [(0.0, 15.0), (21, 2)], [(0.0, 16.0), (18, 5)], [(0.0, 17.0), (19, 1)], [(0.0, 24.0)]]","[[24.0], [1, 8.0], [4.0], [4.0], [4.0], [5.0, 1.0], [5.0, 1, 2, 1.0], [5.0, 1, 1, 1.0], [7.0, 1.0], [13.0, 4, 3], [15.0, 2], [16.0, 5], [17.0, 1], [24.0]]","[(0, 0.0, 0.0), (1, 15, 0.625), (2, 20, 0.8333333333333334), (3, 20, 0.8333333333333334), (4, 20, 0.8333333333333334), (5, 18, 0.75), (6, 15, 0.625), (7, 16, 0.6666666666666666), (8, 16, 0.6666666666666666), (9, 4, 0.16666666666666666), (10, 7, 0.2916666666666667), (11, 3, 0.125), (12, 6, 0.25), (13, 0.0, 0.0)]","[(1, 15.0, 16.0, 0.9375, 0, 16), (2, 20.0, 20.0, 1.0, 0, 20), (3, 20.0, 20.0, 1.0, 0, 20), (4, 20.0, 20.0, 1.0, 0, 20), (5, 18.0, 18.0, 1.0, 5, 23), (6, 15.0, 18.0, 0.8333333333333334, 5, 23), (7, 16.0, 18.0, 0.8888888888888888, 5, 23), (8, 16.0, 16.0, 1.0, 7, 23), (9, 4.0, 11.0, 0.36363636363636365, 13, 24), (10, 7.0, 9.0, 0.7777777777777778, 15, 24), (11, 3.0, 8.0, 0.375, 16, 24), (12, 6.0, 7.0, 0.8571428571428571, 17, 24)]",160,2,12.142000198364258,0.0
Experiment 26,6 Layers,28.0,"[[(0.0, 28.0)], [(20, 8.0)], [(3, 1), (17, 11.0)], [(7, 1), (15, 13.0)], [(0.0, 4.0), (5, 1), (8, 8), (17, 1), (21, 7.0)], [(0.0, 3.0), (5, 6), (13, 2), (16, 1), (19, 9.0)], [(0.0, 3.0), (5, 2), (13, 3), (19, 9.0)], [(0.0, 5.0), (26, 2.0)], [(0.0, 5.0), (27, 1.0)], [(0.0, 5.0), (27, 1.0)], [(0.0, 17.0), (19, 4)], [(0.0, 16.0), (19, 5), (27, 1.0)], [(0.0, 13.0), (15, 3), (19, 1), (21, 4)], [(0.0, 28.0)]]","[[28.0], [8.0], [1, 11.0], [1, 13.0], [4.0, 1, 8, 1, 7.0], [3.0, 6, 2, 1, 9.0], [3.0, 2, 3, 9.0], [5.0, 2.0], [5.0, 1.0], [5.0, 1.0], [17.0, 4], [16.0, 5, 1.0], [13.0, 3, 1, 4], [28.0]]","[(0, 0.0, 0.0), (1, 20, 0.7142857142857143), (2, 16, 0.5714285714285714), (3, 14, 0.5), (4, 7, 0.25), (5, 7, 0.25), (6, 11, 0.39285714285714285), (7, 21, 0.75), (8, 22, 0.7857142857142857), (9, 22, 0.7857142857142857), (10, 7, 0.25), (11, 6, 0.21428571428571427), (12, 7, 0.25), (13, 0.0, 0.0)]","[(1, 20.0, 20.0, 1.0, 0, 20), (2, 16.0, 17.0, 0.9411764705882353, 0, 17), (3, 14.0, 15.0, 0.9333333333333333, 0, 15), (4, 7.0, 17.0, 0.4117647058823529, 4, 21), (5, 7.0, 16.0, 0.4375, 3, 19), (6, 11.0, 16.0, 0.6875, 3, 19), (7, 21.0, 21.0, 1.0, 5, 26), (8, 22.0, 22.0, 1.0, 5, 27), (9, 22.0, 22.0, 1.0, 5, 27), (10, 7.0, 11.0, 0.6363636363636364, 17, 28), (11, 6.0, 11.0, 0.5454545454545454, 16, 27), (12, 7.0, 15.0, 0.4666666666666667, 13, 28)]",160,2,25.168999910354614,0.0
Experiment 27,4 Layers,20.0,"[[(0.0, 20.0)], [(3, 1), (9, 3), (15, 5.0)], [(11, 9.0)], [(13, 7.0)], [(12, 8.0)], [(12, 8.0)], [(11, 9.0)], [(0.0, 3.0), (8, 1)], [(0.0, 6.0)], [(0.0, 3.0)], [(0.0, 5.0), (18, 2.0)], [(0.0, 5.0), (18, 2.0)], [(0.0, 3.0)], [(0.0, 20.0)]]","[[20.0], [1, 3, 5.0], [9.0], [7.0], [8.0], [8.0], [9.0], [3.0, 1], [6.0], [3.0], [5.0, 2.0], [5.0, 2.0], [3.0], [20.0]]","[(0, 0.0, 0.0), (1, 11, 0.55), (2, 11, 0.55), (3, 13, 0.65), (4, 12, 0.6), (5, 12, 0.6), (6, 11, 0.55), (7, 16, 0.8), (8, 14, 0.7), (9, 17, 0.85), (10, 13, 0.65), (11, 13, 0.65), (12, 17, 0.85), (13, 0.0, 0.0)]","[(1, 11.0, 15.0, 0.7333333333333333, 0, 15), (2, 11.0, 11.0, 1.0, 0, 11), (3, 13.0, 13.0, 1.0, 0, 13), (4, 12.0, 12.0, 1.0, 0, 12), (5, 12.0, 12.0, 1.0, 0, 12), (6, 11.0, 11.0, 1.0, 0, 11), (7, 16.0, 17.0, 0.9411764705882353, 3, 20), (8, 14.0, 14.0, 1.0, 6, 20), (9, 17.0, 17.0, 1.0, 3, 20), (10, 13.0, 13.0, 1.0, 5, 18), (11, 13.0, 13.0, 1.0, 5, 18), (12, 17.0, 17.0, 1.0, 3, 20)]",160,2,8.61900019645691,0.0
Experiment 27,5 Layers,24.0,"[[(0.0, 24.0)], [(18, 6.0)], [(18, 6.0)], [(6, 1), (18, 6.0)], [(12, 1), (18, 6.0)], [(0.0, 3.0), (5, 4), (21, 3.0)], [(0.0, 4.0), (6, 1), (14, 1), (17, 1), (23, 1.0)], [(0.0, 7.0), (17, 1), (23, 1.0)], [(0.0, 8.0), (23, 1.0)], [(0.0, 13.0), (16, 4)], [(0.0, 14.0), (16, 4)], [(0.0, 14.0), (17, 3), (22, 1)], [(0.0, 8.0), (11, 1), (14, 3), (18, 1)], [(0.0, 24.0)]]","[[24.0], [6.0], [6.0], [1, 6.0], [1, 6.0], [3.0, 4, 3.0], [4.0, 1, 1, 1, 1.0], [7.0, 1, 1.0], [8.0, 1.0], [13.0, 4], [14.0, 4], [14.0, 3, 1], [8.0, 1, 3, 1], [24.0]]","[(0, 0.0, 0.0), (1, 18, 0.75), (2, 18, 0.75), (3, 17, 0.7083333333333334), (4, 17, 0.7083333333333334), (5, 14, 0.5833333333333334), (6, 16, 0.6666666666666666), (7, 15, 0.625), (8, 15, 0.625), (9, 7, 0.2916666666666667), (10, 6, 0.25), (11, 6, 0.25), (12, 11, 0.4583333333333333), (13, 0.0, 0.0)]","[(1, 18.0, 18.0, 1.0, 0, 18), (2, 18.0, 18.0, 1.0, 0, 18), (3, 17.0, 18.0, 0.9444444444444444, 0, 18), (4, 17.0, 18.0, 0.9444444444444444, 0, 18), (5, 14.0, 18.0, 0.7777777777777778, 3, 21), (6, 16.0, 19.0, 0.8421052631578947, 4, 23), (7, 15.0, 16.0, 0.9375, 7, 23), (8, 15.0, 15.0, 1.0, 8, 23), (9, 7.0, 11.0, 0.6363636363636364, 13, 24), (10, 6.0, 10.0, 0.6, 14, 24), (11, 6.0, 10.0, 0.6, 14, 24), (12, 11.0, 16.0, 0.6875, 8, 24)]",160,2,30.564000129699707,0.0
Experiment 27,6 Layers,26.0,"[[(0.0, 26.0)], [(11, 15.0)], [(18, 8.0)], [(16, 10.0)], [(0.0, 2.0), (9, 5), (15, 3), (19, 7.0)], [(0.0, 4.0), (5, 1), (7, 2), (12, 1), (14, 1), (19, 7.0)], [(0.0, 2.0), (3, 1), (8, 1), (10, 16.0)], [(0.0, 5.0), (24, 2.0)], [(0.0, 3.0), (24, 2.0)], [(0.0, 5.0), (25, 1.0)], [(0.0, 8.0), (11, 3), (17, 2), (23, 1)], [(0.0, 22.0), (23, 1)], [(0.0, 7.0), (10, 1), (17, 3)], [(0.0, 26.0)]]","[[26.0], [15.0], [8.0], [10.0], [2.0, 5, 3, 7.0], [4.0, 1, 2, 1, 1, 7.0], [2.0, 1, 1, 16.0], [5.0, 2.0], [3.0, 2.0], [5.0, 1.0], [8.0, 3, 2, 1], [22.0, 1], [7.0, 1, 3], [26.0]]","[(0, 0.0, 0.0), (1, 11, 0.4230769230769231), (2, 18, 0.6923076923076923), (3, 16, 0.6153846153846154), (4, 9, 0.34615384615384615), (5, 10, 0.38461538461538464), (6, 6, 0.23076923076923078), (7, 19, 0.7307692307692307), (8, 21, 0.8076923076923077), (9, 20, 0.7692307692307693), (10, 12, 0.46153846153846156), (11, 3, 0.11538461538461539), (12, 15, 0.5769230769230769), (13, 0.0, 0.0)]","[(1, 11.0, 11.0, 1.0, 0, 11), (2, 18.0, 18.0, 1.0, 0, 18), (3, 16.0, 16.0, 1.0, 0, 16), (4, 9.0, 17.0, 0.5294117647058824, 2, 19), (5, 10.0, 15.0, 0.6666666666666666, 4, 19), (6, 6.0, 8.0, 0.75, 2, 10), (7, 19.0, 19.0, 1.0, 5, 24), (8, 21.0, 21.0, 1.0, 3, 24), (9, 20.0, 20.0, 1.0, 5, 25), (10, 12.0, 18.0, 0.6666666666666666, 8, 26), (11, 3.0, 4.0, 0.75, 22, 26), (12, 15.0, 19.0, 0.7894736842105263, 7, 26)]",160,2,25.64800000190735,0.0
Experiment 28,4 Layers,18.0,"[[(0.0, 18.0)], [(10, 8.0)], [(14, 4.0)], [(10, 8.0)], [(14, 4.0)], [(8, 1), (13, 5.0)], [(10, 8.0)], [(0.0, 6.0)], [(0.0, 4.0), (8, 2)], [(0.0, 6.0), (12, 1), (17, 1.0)], [(0.0, 4.0)], [(0.0, 7.0), (17, 1.0)], [(0.0, 5.0), (9, 1)], [(0.0, 18.0)]]","[[18.0], [8.0], [4.0], [8.0], [4.0], [1, 5.0], [8.0], [6.0], [4.0, 2], [6.0, 1, 1.0], [4.0], [7.0, 1.0], [5.0, 1], [18.0]]","[(0, 0.0, 0.0), (1, 10, 0.5555555555555556), (2, 14, 0.7777777777777778), (3, 10, 0.5555555555555556), (4, 14, 0.7777777777777778), (5, 12, 0.6666666666666666), (6, 10, 0.5555555555555556), (7, 12, 0.6666666666666666), (8, 12, 0.6666666666666666), (9, 10, 0.5555555555555556), (10, 14, 0.7777777777777778), (11, 10, 0.5555555555555556), (12, 12, 0.6666666666666666), (13, 0.0, 0.0)]","[(1, 10.0, 10.0, 1.0, 0, 10), (2, 14.0, 14.0, 1.0, 0, 14), (3, 10.0, 10.0, 1.0, 0, 10), (4, 14.0, 14.0, 1.0, 0, 14), (5, 12.0, 13.0, 0.9230769230769231, 0, 13), (6, 10.0, 10.0, 1.0, 0, 10), (7, 12.0, 12.0, 1.0, 6, 18), (8, 12.0, 14.0, 0.8571428571428571, 4, 18), (9, 10.0, 11.0, 0.9090909090909091, 6, 17), (10, 14.0, 14.0, 1.0, 4, 18), (11, 10.0, 10.0, 1.0, 7, 17), (12, 12.0, 13.0, 0.9230769230769231, 5, 18)]",140,2,5.6509997844696045,0.0
Experiment 28,5 Layers,22.0,"[[(0.0, 22.0)], [(16, 6.0)], [(18, 4.0)], [(18, 4.0)], [(18, 4.0)], [(0.0, 6.0), (7, 5), (13, 1), (17, 1), (20, 2.0)], [(0.0, 6.0), (7, 3), (13, 1), (17, 1), (20, 2.0)], [(0.0, 6.0), (7, 3), (13, 1), (16, 2), (20, 2.0)], [(0.0, 6.0), (7, 3), (13, 3), (18, 4.0)], [(0.0, 7.0), (12, 1), (20, 2.0)], [(0.0, 7.0), (12, 1), (14, 3), (18, 2)], [(0.0, 7.0), (12, 1), (14, 3), (18, 2)], [(0.0, 7.0), (12, 1), (14, 2), (18, 2)], [(0.0, 22.0)]]","[[22.0], [6.0], [4.0], [4.0], [4.0], [6.0, 5, 1, 1, 2.0], [6.0, 3, 1, 1, 2.0], [6.0, 3, 1, 2, 2.0], [6.0, 3, 3, 4.0], [7.0, 1, 2.0], [7.0, 1, 3, 2], [7.0, 1, 3, 2], [7.0, 1, 2, 2], [22.0]]","[(0, 0.0, 0.0), (1, 16, 0.7272727272727273), (2, 18, 0.8181818181818182), (3, 18, 0.8181818181818182), (4, 18, 0.8181818181818182), (5, 7, 0.3181818181818182), (6, 9, 0.4090909090909091), (7, 8, 0.36363636363636365), (8, 6, 0.2727272727272727), (9, 12, 0.5454545454545454), (10, 9, 0.4090909090909091), (11, 9, 0.4090909090909091), (12, 10, 0.45454545454545453), (13, 0.0, 0.0)]","[(1, 16.0, 16.0, 1.0, 0, 16), (2, 18.0, 18.0, 1.0, 0, 18), (3, 18.0, 18.0, 1.0, 0, 18), (4, 18.0, 18.0, 1.0, 0, 18), (5, 7.0, 14.0, 0.5, 6, 20), (6, 9.0, 14.0, 0.6428571428571429, 6, 20), (7, 8.0, 14.0, 0.5714285714285714, 6, 20), (8, 6.0, 12.0, 0.5, 6, 18), (9, 12.0, 13.0, 0.9230769230769231, 7, 20), (10, 9.0, 15.0, 0.6, 7, 22), (11, 9.0, 15.0, 0.6, 7, 22), (12, 10.0, 15.0, 0.6666666666666666, 7, 22)]",140,2,1.2920000553131104,0.0
Experiment 28,6 Layers,22.0,"[[(0.0, 22.0)], [(17, 5.0)], [(17, 5.0)], [(16, 6.0)], [(0.0, 6.0), (8, 2), (12, 2), (15, 2), (18, 4.0)], [(0.0, 2.0), (4, 1), (6, 1), (9, 1), (12, 1), (15, 1), (17, 5.0)], [(0.0, 2.0), (4, 4), (9, 8), (18, 4.0)], [(0.0, 4.0), (7, 5), (14, 1), (16, 2), (21, 1.0)], [(0.0, 7.0), (10, 1), (13, 2), (16, 2), (21, 1.0)], [(0.0, 4.0), (6, 2), (15, 3), (21, 1.0)], [(0.0, 6.0), (8, 4)], [(0.0, 7.0)], [(0.0, 7.0), (12, 2)], [(0.0, 22.0)]]","[[22.0], [5.0], [5.0], [6.0], [6.0, 2, 2, 2, 4.0], [2.0, 1, 1, 1, 1, 1, 5.0], [2.0, 4, 8, 4.0], [4.0, 5, 1, 2, 1.0], [7.0, 1, 2, 2, 1.0], [4.0, 2, 3, 1.0], [6.0, 4], [7.0], [7.0, 2], [22.0]]","[(0, 0.0, 0.0), (1, 17, 0.7727272727272727), (2, 17, 0.7727272727272727), (3, 16, 0.7272727272727273), (4, 6, 0.2727272727272727), (5, 10, 0.45454545454545453), (6, 4, 0.18181818181818182), (7, 9, 0.4090909090909091), (8, 9, 0.4090909090909091), (9, 12, 0.5454545454545454), (10, 12, 0.5454545454545454), (11, 15, 0.6818181818181818), (12, 13, 0.5909090909090909), (13, 0.0, 0.0)]","[(1, 17.0, 17.0, 1.0, 0, 17), (2, 17.0, 17.0, 1.0, 0, 17), (3, 16.0, 16.0, 1.0, 0, 16), (4, 6.0, 12.0, 0.5, 6, 18), (5, 10.0, 15.0, 0.6666666666666666, 2, 17), (6, 4.0, 16.0, 0.25, 2, 18), (7, 9.0, 17.0, 0.5294117647058824, 4, 21), (8, 9.0, 14.0, 0.6428571428571429, 7, 21), (9, 12.0, 17.0, 0.7058823529411765, 4, 21), (10, 12.0, 16.0, 0.75, 6, 22), (11, 15.0, 15.0, 1.0, 7, 22), (12, 13.0, 15.0, 0.8666666666666667, 7, 22)]",140,2,26.48099994659424,0.0
Experiment 29,4 Layers,20.0,"[[(0.0, 20.0)], [(14, 6.0)], [(14, 6.0)], [(5, 2), (14, 6.0)], [(14, 6.0)], [(13, 7.0)], [(13, 7.0)], [(0.0, 4.0)], [(0.0, 7.0), (13, 1), (19, 1.0)], [(0.0, 4.0), (19, 1.0)], [(0.0, 4.0)], [(0.0, 8.0), (19, 1.0)], [(0.0, 7.0), (12, 1), (19, 1.0)], [(0.0, 20.0)]]","[[20.0], [6.0], [6.0], [2, 6.0], [6.0], [7.0], [7.0], [4.0], [7.0, 1, 1.0], [4.0, 1.0], [4.0], [8.0, 1.0], [7.0, 1, 1.0], [20.0]]","[(0, 0.0, 0.0), (1, 14, 0.7), (2, 14, 0.7), (3, 12, 0.6), (4, 14, 0.7), (5, 13, 0.65), (6, 13, 0.65), (7, 16, 0.8), (8, 11, 0.55), (9, 15, 0.75), (10, 16, 0.8), (11, 11, 0.55), (12, 11, 0.55), (13, 0.0, 0.0)]","[(1, 14.0, 14.0, 1.0, 0, 14), (2, 14.0, 14.0, 1.0, 0, 14), (3, 12.0, 14.0, 0.8571428571428571, 0, 14), (4, 14.0, 14.0, 1.0, 0, 14), (5, 13.0, 13.0, 1.0, 0, 13), (6, 13.0, 13.0, 1.0, 0, 13), (7, 16.0, 16.0, 1.0, 4, 20), (8, 11.0, 12.0, 0.9166666666666666, 7, 19), (9, 15.0, 15.0, 1.0, 4, 19), (10, 16.0, 16.0, 1.0, 4, 20), (11, 11.0, 11.0, 1.0, 8, 19), (12, 11.0, 12.0, 0.9166666666666666, 7, 19)]",160,2,9.69599986076355,0.0
Experiment 29,5 Layers,26.0,"[[(0.0, 26.0)], [(20, 6.0)], [(19, 7.0)], [(20, 6.0)], [(21, 5.0)], [(0.0, 8.0), (9, 3), (14, 3), (18, 2), (22, 4.0)], [(0.0, 8.0), (11, 2), (16, 1), (18, 8.0)], [(0.0, 5.0), (8, 1), (12, 5), (19, 1), (23, 3.0)], [(0.0, 17.0), (23, 3.0)], [(0.0, 11.0), (18, 1), (25, 1.0)], [(0.0, 8.0), (10, 2), (14, 1), (17, 1)], [(0.0, 13.0), (25, 1.0)], [(0.0, 14.0), (25, 1.0)], [(0.0, 26.0)]]","[[26.0], [6.0], [7.0], [6.0], [5.0], [8.0, 3, 3, 2, 4.0], [8.0, 2, 1, 8.0], [5.0, 1, 5, 1, 3.0], [17.0, 3.0], [11.0, 1, 1.0], [8.0, 2, 1, 1], [13.0, 1.0], [14.0, 1.0], [26.0]]","[(0, 0.0, 0.0), (1, 20, 0.7692307692307693), (2, 19, 0.7307692307692307), (3, 20, 0.7692307692307693), (4, 21, 0.8076923076923077), (5, 6, 0.23076923076923078), (6, 7, 0.2692307692307692), (7, 11, 0.4230769230769231), (8, 6, 0.23076923076923078), (9, 13, 0.5), (10, 14, 0.5384615384615384), (11, 12, 0.46153846153846156), (12, 11, 0.4230769230769231), (13, 0.0, 0.0)]","[(1, 20.0, 20.0, 1.0, 0, 20), (2, 19.0, 19.0, 1.0, 0, 19), (3, 20.0, 20.0, 1.0, 0, 20), (4, 21.0, 21.0, 1.0, 0, 21), (5, 6.0, 14.0, 0.42857142857142855, 8, 22), (6, 7.0, 10.0, 0.7, 8, 18), (7, 11.0, 18.0, 0.6111111111111112, 5, 23), (8, 6.0, 6.0, 1.0, 17, 23), (9, 13.0, 14.0, 0.9285714285714286, 11, 25), (10, 14.0, 18.0, 0.7777777777777778, 8, 26), (11, 12.0, 12.0, 1.0, 13, 25), (12, 11.0, 11.0, 1.0, 14, 25)]",160,2,25.407999992370605,0.0
Experiment 29,6 Layers,23.0,"[[(0.0, 23.0)], [(4, 4), (9, 2), (15, 8.0)], [(6, 2), (12, 11.0)], [(2, 1), (12, 11.0)], [(0.0, 1.0), (18, 5.0)], [(0.0, 1.0), (14, 1), (18, 5.0)], [(0.0, 1.0), (18, 5.0)], [(0.0, 5.0), (6, 3), (10, 2), (13, 2), (20, 3.0)], [(0.0, 5.0), (6, 2), (11, 1), (17, 1), (20, 3.0)], [(0.0, 5.0), (6, 3), (13, 1), (17, 1), (21, 2.0)], [(0.0, 6.0)], [(0.0, 6.0), (20, 1)], [(0.0, 6.0)], [(0.0, 23.0)]]","[[23.0], [4, 2, 8.0], [2, 11.0], [1, 11.0], [1.0, 5.0], [1.0, 1, 5.0], [1.0, 5.0], [5.0, 3, 2, 2, 3.0], [5.0, 2, 1, 1, 3.0], [5.0, 3, 1, 1, 2.0], [6.0], [6.0, 1], [6.0], [23.0]]","[(0, 0.0, 0.0), (1, 9, 0.391304347826087), (2, 10, 0.43478260869565216), (3, 11, 0.4782608695652174), (4, 17, 0.7391304347826086), (5, 16, 0.6956521739130435), (6, 17, 0.7391304347826086), (7, 8, 0.34782608695652173), (8, 11, 0.4782608695652174), (9, 11, 0.4782608695652174), (10, 17, 0.7391304347826086), (11, 16, 0.6956521739130435), (12, 17, 0.7391304347826086), (13, 0.0, 0.0)]","[(1, 9.0, 15.0, 0.6, 0, 15), (2, 10.0, 12.0, 0.8333333333333334, 0, 12), (3, 11.0, 12.0, 0.9166666666666666, 0, 12), (4, 17.0, 17.0, 1.0, 1, 18), (5, 16.0, 17.0, 0.9411764705882353, 1, 18), (6, 17.0, 17.0, 1.0, 1, 18), (7, 8.0, 15.0, 0.5333333333333333, 5, 20), (8, 11.0, 15.0, 0.7333333333333333, 5, 20), (9, 11.0, 16.0, 0.6875, 5, 21), (10, 17.0, 17.0, 1.0, 6, 23), (11, 16.0, 17.0, 0.9411764705882353, 6, 23), (12, 17.0, 17.0, 1.0, 6, 23)]",160,2,121.35500001907349,0.0
