,experiment,experiment_version,experiment_index,makespan,downtime_over_makespan,downtime_per_machine,usage,active_usage,total_work_content,status,runtime,gap
0,Experiment 4,3 Layers-Batch Size = 15,0,29.0,"[[(0.0, 29.0)], [(0.0, 29.0)], [(18, 1)], [(28, 1.0)], [(0.0, 29.0)]]","[[29.0], [], [1], [1.0], [29.0]]","[(0, 0.0, 0.0), (1, 29, 1.0), (2, 28, 0.9655172413793104), (3, 28, 0.9655172413793104), (4, 0.0, 0.0)]","[(1, 29.0, 29.0, 1.0, 0, 29), (2, 28.0, 29.0, 0.9655172413793104, 0, 29), (3, 28.0, 28.0, 1.0, 0, 28)]",85,2,2.46399998664856,0.0
1,Experiment 4,3 Layers-Batch Size = 30,0,57.0,"[[(0.0, 57.0)], [(0.0, 57.0)], [(0.0, 57.0)], [(0.0, 57.0)], [(0.0, 57.0)]]","[[57.0], [], [], [], [57.0]]","[(0, 0.0, 0.0), (1, 57, 1.0), (2, 57, 1.0), (3, 57, 1.0), (4, 0.0, 0.0)]","[(1, 57.0, 57.0, 1.0, 0, 57), (2, 57.0, 57.0, 1.0, 0, 57), (3, 57.0, 57.0, 1.0, 0, 57)]",171,2,93.7960000038147,0.0
2,Experiment 4,3 Layers-Batch Size = 45,0,83.0,"[[(0.0, 83.0)], [(0.0, 83.0)], [(82, 1.0)], [(0.0, 83.0)], [(0.0, 83.0)]]","[[83.0], [], [1.0], [], [83.0]]","[(0, 0.0, 0.0), (1, 83, 1.0), (2, 82, 0.9879518072289156), (3, 83, 1.0), (4, 0.0, 0.0)]","[(1, 83.0, 83.0, 1.0, 0, 83), (2, 82.0, 82.0, 1.0, 0, 82), (3, 83.0, 83.0, 1.0, 0, 83)]",248,2,822.0710000991821,0.0
3,Experiment 4,4 Layers-Batch Size = 15,0,17.0,"[[(0.0, 17.0)], [(14, 3.0)], [(15, 2.0)], [(15, 2.0)], [(0.0, 4.0)], [(0.0, 6.0), (8, 1), (11, 1), (14, 1)], [(0.0, 3.0), (5, 1), (8, 1)], [(0.0, 17.0)]]","[[17.0], [3.0], [2.0], [2.0], [4.0], [6.0, 1, 1, 1], [3.0, 1, 1], [17.0]]","[(0, 0.0, 0.0), (1, 14, 0.8235294117647058), (2, 15, 0.8823529411764706), (3, 15, 0.8823529411764706), (4, 13, 0.7647058823529411), (5, 8, 0.47058823529411764), (6, 12, 0.7058823529411765), (7, 0.0, 0.0)]","[(1, 14.0, 14.0, 1.0, 0, 14), (2, 15.0, 15.0, 1.0, 0, 15), (3, 15.0, 15.0, 1.0, 0, 15), (4, 13.0, 13.0, 1.0, 4, 17), (5, 8.0, 11.0, 0.7272727272727273, 6, 17), (6, 12.0, 14.0, 0.8571428571428571, 3, 17)]",77,2,1.4909999370574951,0.0
4,Experiment 4,4 Layers-Batch Size = 30,0,32.0,"[[(0.0, 32.0)], [(30, 2.0)], [(30, 2.0)], [(22, 1), (30, 2.0)], [(0.0, 3.0), (9, 1)], [(0.0, 6.0), (8, 1), (11, 1)], [(0.0, 3.0), (6, 4), (12, 1), (16, 2)], [(0.0, 32.0)]]","[[32.0], [2.0], [2.0], [1, 2.0], [3.0, 1], [6.0, 1, 1], [3.0, 4, 1, 2], [32.0]]","[(0, 0.0, 0.0), (1, 30, 0.9375), (2, 30, 0.9375), (3, 29, 0.90625), (4, 28, 0.875), (5, 24, 0.75), (6, 22, 0.6875), (7, 0.0, 0.0)]","[(1, 30.0, 30.0, 1.0, 0, 30), (2, 30.0, 30.0, 1.0, 0, 30), (3, 29.0, 30.0, 0.9666666666666667, 0, 30), (4, 28.0, 29.0, 0.9655172413793104, 3, 32), (5, 24.0, 26.0, 0.9230769230769231, 6, 32), (6, 22.0, 29.0, 0.7586206896551724, 3, 32)]",163,2,36.95599985122681,0.0
5,Experiment 4,4 Layers-Batch Size = 45,0,44.0,"[[(0.0, 44.0)], [(38, 1), (41, 3.0)], [(38, 6.0)], [(12, 1), (22, 1), (39, 5.0)], [(0.0, 2.0)], [(0.0, 8.0), (26, 1), (43, 1.0)], [(0.0, 2.0)], [(0.0, 44.0)]]","[[44.0], [1, 3.0], [6.0], [1, 1, 5.0], [2.0], [8.0, 1, 1.0], [2.0], [44.0]]","[(0, 0.0, 0.0), (1, 40, 0.9090909090909091), (2, 38, 0.8636363636363636), (3, 37, 0.8409090909090909), (4, 42, 0.9545454545454546), (5, 34, 0.7727272727272727), (6, 42, 0.9545454545454546), (7, 0.0, 0.0)]","[(1, 40.0, 41.0, 0.975609756097561, 0, 41), (2, 38.0, 38.0, 1.0, 0, 38), (3, 37.0, 39.0, 0.9487179487179487, 0, 39), (4, 42.0, 42.0, 1.0, 2, 44), (5, 34.0, 35.0, 0.9714285714285714, 8, 43), (6, 42.0, 42.0, 1.0, 2, 44)]",233,2,155.35199999809265,0.0
6,Experiment 4,5 Layers-Batch Size = 15,0,26.0,"[[(0.0, 26.0)], [(24, 2.0)], [(20, 6.0)], [(3, 2), (13, 13.0)], [(0.0, 13.0), (14, 5), (22, 2), (25, 1.0)], [(0.0, 6.0), (7, 3), (11, 1), (14, 1), (16, 1), (18, 2), (21, 5.0)], [(0.0, 3.0), (4, 4), (10, 3), (14, 12.0)], [(0.0, 13.0), (14, 6), (23, 2)], [(0.0, 12.0), (13, 3), (19, 2), (23, 1), (25, 1.0)], [(0.0, 4.0), (5, 6), (12, 3), (16, 10.0)], [(0.0, 26.0)]]","[[26.0], [2.0], [6.0], [2, 13.0], [13.0, 5, 2, 1.0], [6.0, 3, 1, 1, 1, 2, 5.0], [3.0, 4, 3, 12.0], [13.0, 6, 2], [12.0, 3, 2, 1, 1.0], [4.0, 6, 3, 10.0], [26.0]]","[(0, 0.0, 0.0), (1, 24, 0.9230769230769231), (2, 20, 0.7692307692307693), (3, 11, 0.4230769230769231), (4, 5, 0.19230769230769232), (5, 7, 0.2692307692307692), (6, 4, 0.15384615384615385), (7, 5, 0.19230769230769232), (8, 7, 0.2692307692307692), (9, 3, 0.11538461538461539), (10, 0.0, 0.0)]","[(1, 24.0, 24.0, 1.0, 0, 24), (2, 20.0, 20.0, 1.0, 0, 20), (3, 11.0, 13.0, 0.8461538461538461, 0, 13), (4, 5.0, 12.0, 0.4166666666666667, 13, 25), (5, 7.0, 15.0, 0.4666666666666667, 6, 21), (6, 4.0, 11.0, 0.36363636363636365, 3, 14), (7, 5.0, 13.0, 0.38461538461538464, 13, 26), (8, 7.0, 13.0, 0.5384615384615384, 12, 25), (9, 3.0, 12.0, 0.25, 4, 16)]",86,2,1.243000030517578,0.0
7,Experiment 4,5 Layers-Batch Size = 30,0,33.0,"[[(0.0, 33.0)], [(30, 3.0)], [(31, 2.0)], [(31, 2.0)], [(0.0, 7.0), (8, 4), (14, 6), (23, 1), (25, 2), (32, 1.0)], [(0.0, 13.0), (14, 1), (16, 1), (19, 2), (22, 3), (26, 1), (29, 1), (32, 1.0)], [(0.0, 7.0), (15, 2), (20, 3), (24, 1), (31, 2.0)], [(0.0, 14.0), (16, 5), (22, 2), (27, 1)], [(0.0, 16.0), (17, 2), (20, 1), (22, 2), (25, 1), (29, 1)], [(0.0, 11.0), (12, 3), (16, 10)], [(0.0, 33.0)]]","[[33.0], [3.0], [2.0], [2.0], [7.0, 4, 6, 1, 2, 1.0], [13.0, 1, 1, 2, 3, 1, 1, 1.0], [7.0, 2, 3, 1, 2.0], [14.0, 5, 2, 1], [16.0, 2, 1, 2, 1, 1], [11.0, 3, 10], [33.0]]","[(0, 0.0, 0.0), (1, 30, 0.9090909090909091), (2, 31, 0.9393939393939394), (3, 31, 0.9393939393939394), (4, 12, 0.36363636363636365), (5, 10, 0.30303030303030304), (6, 18, 0.5454545454545454), (7, 11, 0.3333333333333333), (8, 10, 0.30303030303030304), (9, 9, 0.2727272727272727), (10, 0.0, 0.0)]","[(1, 30.0, 30.0, 1.0, 0, 30), (2, 31.0, 31.0, 1.0, 0, 31), (3, 31.0, 31.0, 1.0, 0, 31), (4, 12.0, 25.0, 0.48, 7, 32), (5, 10.0, 19.0, 0.5263157894736842, 13, 32), (6, 18.0, 24.0, 0.75, 7, 31), (7, 11.0, 19.0, 0.5789473684210527, 14, 33), (8, 10.0, 17.0, 0.5882352941176471, 16, 33), (9, 9.0, 22.0, 0.4090909090909091, 11, 33)]",162,2,33.42300009727478,0.0
8,Experiment 4,5 Layers-Batch Size = 45,0,53.0,"[[(0.0, 53.0)], [(50, 3.0)], [(51, 2.0)], [(50, 3.0)], [(0.0, 5.0), (6, 5), (12, 1), (14, 1), (16, 2), (20, 5), (26, 2), (30, 1), (32, 1), (37, 1), (39, 5), (46, 1), (48, 2), (52, 1.0)], [(0.0, 12.0), (13, 4), (19, 2), (22, 6), (29, 3), (33, 1), (36, 1), (39, 4), (45, 1), (48, 1), (52, 1.0)], [(0.0, 9.0), (10, 7), (20, 11), (32, 1), (36, 1), (39, 4), (44, 2), (51, 2.0)], [(0.0, 26.0), (27, 1), (29, 7), (37, 2), (42, 4)], [(0.0, 10.0), (11, 4), (16, 6), (23, 6), (30, 3), (34, 1), (36, 1), (39, 1), (41, 2), (44, 2)], [(0.0, 19.0), (20, 2), (23, 7), (31, 5), (37, 1), (40, 1), (42, 2), (47, 1)], [(0.0, 53.0)]]","[[53.0], [3.0], [2.0], [3.0], [5.0, 5, 1, 1, 2, 5, 2, 1, 1, 1, 5, 1, 2, 1.0], [12.0, 4, 2, 6, 3, 1, 1, 4, 1, 1, 1.0], [9.0, 7, 11, 1, 1, 4, 2, 2.0], [26.0, 1, 7, 2, 4], [10.0, 4, 6, 6, 3, 1, 1, 1, 2, 2], [19.0, 2, 7, 5, 1, 1, 2, 1], [53.0]]","[(0, 0.0, 0.0), (1, 50, 0.9433962264150944), (2, 51, 0.9622641509433962), (3, 50, 0.9433962264150944), (4, 20, 0.37735849056603776), (5, 17, 0.32075471698113206), (6, 16, 0.3018867924528302), (7, 13, 0.24528301886792453), (8, 17, 0.32075471698113206), (9, 15, 0.2830188679245283), (10, 0.0, 0.0)]","[(1, 50.0, 50.0, 1.0, 0, 50), (2, 51.0, 51.0, 1.0, 0, 51), (3, 50.0, 50.0, 1.0, 0, 50), (4, 20.0, 47.0, 0.425531914893617, 5, 52), (5, 17.0, 40.0, 0.425, 12, 52), (6, 16.0, 42.0, 0.38095238095238093, 9, 51), (7, 13.0, 27.0, 0.48148148148148145, 26, 53), (8, 17.0, 43.0, 0.3953488372093023, 10, 53), (9, 15.0, 34.0, 0.4411764705882353, 19, 53)]",249,2,108.69900012016296,0.0
9,Experiment 4,6 Layers-Batch Size = 15,0,13.0,"[[(0.0, 13.0)], [(7, 6.0)], [(3, 1), (5, 8.0)], [(4, 9.0)], [(0.0, 1.0), (11, 2.0)], [(0.0, 2.0), (11, 2.0)], [(0.0, 1.0), (10, 3.0)], [(0.0, 2.0), (10, 1), (12, 1.0)], [(0.0, 4.0), (5, 1), (7, 1), (12, 1.0)], [(0.0, 3.0), (9, 1), (12, 1.0)], [(0.0, 6.0)], [(0.0, 8.0), (9, 1)], [(0.0, 7.0), (8, 2)], [(0.0, 13.0)]]","[[13.0], [6.0], [1, 8.0], [9.0], [1.0, 2.0], [2.0, 2.0], [1.0, 3.0], [2.0, 1, 1.0], [4.0, 1, 1, 1.0], [3.0, 1, 1.0], [6.0], [8.0, 1], [7.0, 2], [13.0]]","[(0, 0.0, 0.0), (1, 7, 0.5384615384615384), (2, 4, 0.3076923076923077), (3, 4, 0.3076923076923077), (4, 10, 0.7692307692307693), (5, 9, 0.6923076923076923), (6, 9, 0.6923076923076923), (7, 9, 0.6923076923076923), (8, 6, 0.46153846153846156), (9, 8, 0.6153846153846154), (10, 7, 0.5384615384615384), (11, 4, 0.3076923076923077), (12, 4, 0.3076923076923077), (13, 0.0, 0.0)]","[(1, 7.0, 7.0, 1.0, 0, 7), (2, 4.0, 5.0, 0.8, 0, 5), (3, 4.0, 4.0, 1.0, 0, 4), (4, 10.0, 10.0, 1.0, 1, 11), (5, 9.0, 9.0, 1.0, 2, 11), (6, 9.0, 9.0, 1.0, 1, 10), (7, 9.0, 10.0, 0.9, 2, 12), (8, 6.0, 8.0, 0.75, 4, 12), (9, 8.0, 9.0, 0.8888888888888888, 3, 12), (10, 7.0, 7.0, 1.0, 6, 13), (11, 4.0, 5.0, 0.8, 8, 13), (12, 4.0, 6.0, 0.6666666666666666, 7, 13)]",81,2,3.184000015258789,0.0
10,Experiment 4,6 Layers-Batch Size = 30,0,25.0,"[[(0.0, 25.0)], [(9, 1), (11, 1), (13, 12.0)], [(4, 4), (9, 1), (11, 14.0)], [(9, 1), (12, 3), (16, 1), (18, 7.0)], [(0.0, 1.0), (3, 1), (12, 1), (16, 3), (20, 5.0)], [(0.0, 1.0), (11, 2), (15, 10.0)], [(0.0, 1.0), (3, 1), (6, 1), (9, 1), (18, 2), (21, 4.0)], [(0.0, 2.0), (24, 1.0)], [(0.0, 8.0), (11, 1), (13, 1), (15, 1), (17, 2), (21, 4.0)], [(0.0, 2.0), (24, 1.0)], [(0.0, 7.0), (8, 3), (12, 1), (14, 1), (21, 1), (23, 1)], [(0.0, 10.0), (12, 3), (16, 1), (18, 2), (22, 3.0)], [(0.0, 6.0), (7, 2), (10, 2), (15, 1), (17, 1)], [(0.0, 25.0)]]","[[25.0], [1, 1, 12.0], [4, 1, 14.0], [1, 3, 1, 7.0], [1.0, 1, 1, 3, 5.0], [1.0, 2, 10.0], [1.0, 1, 1, 1, 2, 4.0], [2.0, 1.0], [8.0, 1, 1, 1, 2, 4.0], [2.0, 1.0], [7.0, 3, 1, 1, 1, 1], [10.0, 3, 1, 2, 3.0], [6.0, 2, 2, 1, 1], [25.0]]","[(0, 0.0, 0.0), (1, 11, 0.44), (2, 6, 0.24), (3, 13, 0.52), (4, 14, 0.56), (5, 12, 0.48), (6, 15, 0.6), (7, 22, 0.88), (8, 8, 0.32), (9, 22, 0.88), (10, 11, 0.44), (11, 6, 0.24), (12, 13, 0.52), (13, 0.0, 0.0)]","[(1, 11.0, 13.0, 0.8461538461538461, 0, 13), (2, 6.0, 11.0, 0.5454545454545454, 0, 11), (3, 13.0, 18.0, 0.7222222222222222, 0, 18), (4, 14.0, 19.0, 0.7368421052631579, 1, 20), (5, 12.0, 14.0, 0.8571428571428571, 1, 15), (6, 15.0, 20.0, 0.75, 1, 21), (7, 22.0, 22.0, 1.0, 2, 24), (8, 8.0, 13.0, 0.6153846153846154, 8, 21), (9, 22.0, 22.0, 1.0, 2, 24), (10, 11.0, 18.0, 0.6111111111111112, 7, 25), (11, 6.0, 12.0, 0.5, 10, 22), (12, 13.0, 19.0, 0.6842105263157895, 6, 25)]",153,2,13.365000009536743,0.0
11,Experiment 4,6 Layers-Batch Size = 45,0,40.0,"[[(0.0, 40.0)], [(8, 1), (15, 1), (18, 4), (23, 1), (25, 15.0)], [(11, 1), (16, 19), (36, 4.0)], [(9, 1), (12, 28.0)], [(0.0, 1.0), (37, 3.0)], [(0.0, 1.0), (34, 1), (38, 2.0)], [(0.0, 1.0), (38, 2.0)], [(0.0, 3.0), (7, 2), (12, 1), (17, 1), (19, 1), (21, 4), (26, 3), (31, 1), (35, 2), (39, 1.0)], [(0.0, 6.0), (8, 3), (13, 7), (21, 2), (27, 1), (36, 2), (39, 1.0)], [(0.0, 16.0), (17, 3), (21, 2), (24, 2), (27, 2), (32, 1), (37, 3.0)], [(0.0, 13.0), (14, 6), (21, 2), (24, 2), (28, 1), (31, 1)], [(0.0, 9.0), (10, 3), (14, 3), (18, 1), (20, 2), (26, 1), (29, 1)], [(0.0, 7.0), (8, 19), (28, 3), (38, 1)], [(0.0, 40.0)]]","[[40.0], [1, 1, 4, 1, 15.0], [1, 19, 4.0], [1, 28.0], [1.0, 3.0], [1.0, 1, 2.0], [1.0, 2.0], [3.0, 2, 1, 1, 1, 4, 3, 1, 2, 1.0], [6.0, 3, 7, 2, 1, 2, 1.0], [16.0, 3, 2, 2, 2, 1, 3.0], [13.0, 6, 2, 2, 1, 1], [9.0, 3, 3, 1, 2, 1, 1], [7.0, 19, 3, 1], [40.0]]","[(0, 0.0, 0.0), (1, 18, 0.45), (2, 16, 0.4), (3, 11, 0.275), (4, 36, 0.9), (5, 36, 0.9), (6, 37, 0.925), (7, 21, 0.525), (8, 18, 0.45), (9, 11, 0.275), (10, 15, 0.375), (11, 20, 0.5), (12, 10, 0.25), (13, 0.0, 0.0)]","[(1, 18.0, 25.0, 0.72, 0, 25), (2, 16.0, 36.0, 0.4444444444444444, 0, 36), (3, 11.0, 12.0, 0.9166666666666666, 0, 12), (4, 36.0, 36.0, 1.0, 1, 37), (5, 36.0, 37.0, 0.972972972972973, 1, 38), (6, 37.0, 37.0, 1.0, 1, 38), (7, 21.0, 36.0, 0.5833333333333334, 3, 39), (8, 18.0, 33.0, 0.5454545454545454, 6, 39), (9, 11.0, 21.0, 0.5238095238095238, 16, 37), (10, 15.0, 27.0, 0.5555555555555556, 13, 40), (11, 20.0, 31.0, 0.6451612903225806, 9, 40), (12, 10.0, 33.0, 0.30303030303030304, 7, 40)]",249,2,119.27500009536745,0.0
12,Experiment 4,3 Layers-Batch Size = 15,1,24.0,"[[(0.0, 24.0)], [(5, 1)], [(0.0, 24.0)], [(10, 1)], [(0.0, 24.0)]]","[[24.0], [1], [], [1], [24.0]]","[(0, 0.0, 0.0), (1, 23, 0.9583333333333334), (2, 24, 1.0), (3, 23, 0.9583333333333334), (4, 0.0, 0.0)]","[(1, 23.0, 24.0, 0.9583333333333334, 0, 24), (2, 24.0, 24.0, 1.0, 0, 24), (3, 23.0, 24.0, 0.9583333333333334, 0, 24)]",70,2,2.5439999103546143,0.0
13,Experiment 4,3 Layers-Batch Size = 30,1,46.0,"[[(0.0, 46.0)], [(14, 1)], [(0.0, 46.0)], [(0.0, 46.0)], [(0.0, 46.0)]]","[[46.0], [1], [], [], [46.0]]","[(0, 0.0, 0.0), (1, 45, 0.9782608695652174), (2, 46, 1.0), (3, 46, 1.0), (4, 0.0, 0.0)]","[(1, 45.0, 46.0, 0.9782608695652174, 0, 46), (2, 46.0, 46.0, 1.0, 0, 46), (3, 46.0, 46.0, 1.0, 0, 46)]",137,2,176.39600014686584,0.0
14,Experiment 4,3 Layers-Batch Size = 45,1,73.0,"[[(0.0, 73.0)], [(0.0, 73.0)], [(0.0, 73.0)], [(0.0, 73.0)], [(0.0, 73.0)]]","[[73.0], [], [], [], [73.0]]","[(0, 0.0, 0.0), (1, 73, 1.0), (2, 73, 1.0), (3, 73, 1.0), (4, 0.0, 0.0)]","[(1, 73.0, 73.0, 1.0, 0, 73), (2, 73.0, 73.0, 1.0, 0, 73), (3, 73.0, 73.0, 1.0, 0, 73)]",219,2,401.0160000324249,0.0
15,Experiment 4,4 Layers-Batch Size = 15,1,22.0,"[[(0.0, 22.0)], [(20, 2.0)], [(10, 12.0)], [(20, 2.0)], [(0.0, 6.0), (8, 1), (18, 2)], [(0.0, 4.0), (7, 1), (11, 1), (15, 7.0)], [(0.0, 8.0), (12, 1), (15, 1)], [(0.0, 22.0)]]","[[22.0], [2.0], [12.0], [2.0], [6.0, 1, 2], [4.0, 1, 1, 7.0], [8.0, 1, 1], [22.0]]","[(0, 0.0, 0.0), (1, 20, 0.9090909090909091), (2, 10, 0.45454545454545453), (3, 20, 0.9090909090909091), (4, 13, 0.5909090909090909), (5, 9, 0.4090909090909091), (6, 12, 0.5454545454545454), (7, 0.0, 0.0)]","[(1, 20.0, 20.0, 1.0, 0, 20), (2, 10.0, 10.0, 1.0, 0, 10), (3, 20.0, 20.0, 1.0, 0, 20), (4, 13.0, 16.0, 0.8125, 6, 22), (5, 9.0, 11.0, 0.8181818181818182, 4, 15), (6, 12.0, 14.0, 0.8571428571428571, 8, 22)]",84,2,0.6979999542236328,0.0
16,Experiment 4,4 Layers-Batch Size = 30,1,30.0,"[[(0.0, 30.0)], [(28, 2.0)], [(22, 1), (27, 3.0)], [(28, 2.0)], [(0.0, 4.0)], [(0.0, 2.0), (5, 1), (9, 1), (17, 1), (21, 1)], [(0.0, 5.0), (9, 1), (18, 1), (23, 1)], [(0.0, 30.0)]]","[[30.0], [2.0], [1, 3.0], [2.0], [4.0], [2.0, 1, 1, 1, 1], [5.0, 1, 1, 1], [30.0]]","[(0, 0.0, 0.0), (1, 28, 0.9333333333333333), (2, 26, 0.8666666666666667), (3, 28, 0.9333333333333333), (4, 26, 0.8666666666666667), (5, 24, 0.8), (6, 22, 0.7333333333333333), (7, 0.0, 0.0)]","[(1, 28.0, 28.0, 1.0, 0, 28), (2, 26.0, 27.0, 0.9629629629629629, 0, 27), (3, 28.0, 28.0, 1.0, 0, 28), (4, 26.0, 26.0, 1.0, 4, 30), (5, 24.0, 28.0, 0.8571428571428571, 2, 30), (6, 22.0, 25.0, 0.88, 5, 30)]",154,2,26.365000009536743,0.0
17,Experiment 4,4 Layers-Batch Size = 45,1,50.0,"[[(0.0, 50.0)], [(48, 2.0)], [(34, 1), (41, 1), (44, 6.0)], [(48, 2.0)], [(0.0, 10.0), (16, 2), (27, 1), (30, 3), (37, 1), (42, 2)], [(0.0, 6.0), (8, 5), (16, 2), (20, 1), (23, 2), (27, 1), (31, 2), (42, 1)], [(0.0, 5.0), (7, 1), (10, 2), (18, 1), (21, 1), (28, 1), (35, 1), (38, 1), (47, 1)], [(0.0, 50.0)]]","[[50.0], [2.0], [1, 1, 6.0], [2.0], [10.0, 2, 1, 3, 1, 2], [6.0, 5, 2, 1, 2, 1, 2, 1], [5.0, 1, 2, 1, 1, 1, 1, 1, 1], [50.0]]","[(0, 0.0, 0.0), (1, 48, 0.96), (2, 42, 0.84), (3, 48, 0.96), (4, 31, 0.62), (5, 30, 0.6), (6, 36, 0.72), (7, 0.0, 0.0)]","[(1, 48.0, 48.0, 1.0, 0, 48), (2, 42.0, 44.0, 0.9545454545454546, 0, 44), (3, 48.0, 48.0, 1.0, 0, 48), (4, 31.0, 40.0, 0.775, 10, 50), (5, 30.0, 44.0, 0.6818181818181818, 6, 50), (6, 36.0, 45.0, 0.8, 5, 50)]",235,2,54.3529999256134,0.0
18,Experiment 4,5 Layers-Batch Size = 15,1,14.0,"[[(0.0, 14.0)], [(10, 4.0)], [(12, 2.0)], [(8, 1), (11, 3.0)], [(0.0, 3.0), (4, 2), (8, 6.0)], [(0.0, 2.0), (5, 1), (11, 3.0)], [(0.0, 9.0), (13, 1.0)], [(0.0, 4.0), (6, 1), (13, 1.0)], [(0.0, 3.0), (5, 2), (12, 1)], [(0.0, 5.0), (6, 2), (9, 1), (11, 1)], [(0.0, 14.0)]]","[[14.0], [4.0], [2.0], [1, 3.0], [3.0, 2, 6.0], [2.0, 1, 3.0], [9.0, 1.0], [4.0, 1, 1.0], [3.0, 2, 1], [5.0, 2, 1, 1], [14.0]]","[(0, 0.0, 0.0), (1, 10, 0.7142857142857143), (2, 12, 0.8571428571428571), (3, 10, 0.7142857142857143), (4, 3, 0.21428571428571427), (5, 8, 0.5714285714285714), (6, 4, 0.2857142857142857), (7, 8, 0.5714285714285714), (8, 8, 0.5714285714285714), (9, 5, 0.35714285714285715), (10, 0.0, 0.0)]","[(1, 10.0, 10.0, 1.0, 0, 10), (2, 12.0, 12.0, 1.0, 0, 12), (3, 10.0, 11.0, 0.9090909090909091, 0, 11), (4, 3.0, 5.0, 0.6, 3, 8), (5, 8.0, 9.0, 0.8888888888888888, 2, 11), (6, 4.0, 4.0, 1.0, 9, 13), (7, 8.0, 9.0, 0.8888888888888888, 4, 13), (8, 8.0, 11.0, 0.7272727272727273, 3, 14), (9, 5.0, 9.0, 0.5555555555555556, 5, 14)]",68,2,1.631999969482422,0.0
19,Experiment 4,5 Layers-Batch Size = 30,1,26.0,"[[(0.0, 26.0)], [(12, 1), (23, 3.0)], [(24, 2.0)], [(22, 4.0)], [(0.0, 8.0), (9, 1), (11, 1), (13, 5), (22, 1), (24, 2.0)], [(0.0, 6.0), (14, 1), (16, 1), (18, 4), (23, 3.0)], [(0.0, 2.0), (4, 2), (7, 1), (9, 3), (13, 1), (15, 1), (18, 2), (21, 1), (23, 1), (25, 1.0)], [(0.0, 10.0), (12, 1), (15, 7), (23, 1)], [(0.0, 5.0), (6, 3), (10, 1), (15, 1), (19, 1), (22, 1)], [(0.0, 8.0), (11, 1), (15, 2)], [(0.0, 26.0)]]","[[26.0], [1, 3.0], [2.0], [4.0], [8.0, 1, 1, 5, 1, 2.0], [6.0, 1, 1, 4, 3.0], [2.0, 2, 1, 3, 1, 1, 2, 1, 1, 1.0], [10.0, 1, 7, 1], [5.0, 3, 1, 1, 1, 1], [8.0, 1, 2], [26.0]]","[(0, 0.0, 0.0), (1, 22, 0.8461538461538461), (2, 24, 0.9230769230769231), (3, 22, 0.8461538461538461), (4, 8, 0.3076923076923077), (5, 11, 0.4230769230769231), (6, 11, 0.4230769230769231), (7, 7, 0.2692307692307692), (8, 14, 0.5384615384615384), (9, 15, 0.5769230769230769), (10, 0.0, 0.0)]","[(1, 22.0, 23.0, 0.9565217391304348, 0, 23), (2, 24.0, 24.0, 1.0, 0, 24), (3, 22.0, 22.0, 1.0, 0, 22), (4, 8.0, 16.0, 0.5, 8, 24), (5, 11.0, 17.0, 0.6470588235294118, 6, 23), (6, 11.0, 23.0, 0.4782608695652174, 2, 25), (7, 7.0, 16.0, 0.4375, 10, 26), (8, 14.0, 21.0, 0.6666666666666666, 5, 26), (9, 15.0, 18.0, 0.8333333333333334, 8, 26)]",134,2,25.628000020980835,0.0
20,Experiment 4,5 Layers-Batch Size = 45,1,40.0,"[[(0.0, 40.0)], [(38, 2.0)], [(38, 2.0)], [(24, 1), (35, 5.0)], [(0.0, 7.0), (8, 8), (17, 1), (19, 4), (26, 1), (28, 3), (33, 2), (36, 2), (39, 1.0)], [(0.0, 8.0), (10, 9), (20, 1), (25, 1), (28, 2), (31, 1), (33, 1), (35, 2), (39, 1.0)], [(0.0, 3.0), (4, 2), (7, 5), (16, 2), (23, 1), (26, 3), (31, 1), (34, 1), (38, 2.0)], [(0.0, 16.0), (20, 3), (25, 1), (34, 1)], [(0.0, 9.0), (11, 9), (25, 1), (27, 1)], [(0.0, 12.0), (13, 5), (19, 4), (26, 1)], [(0.0, 40.0)]]","[[40.0], [2.0], [2.0], [1, 5.0], [7.0, 8, 1, 4, 1, 3, 2, 2, 1.0], [8.0, 9, 1, 1, 2, 1, 1, 2, 1.0], [3.0, 2, 5, 2, 1, 3, 1, 1, 2.0], [16.0, 3, 1, 1], [9.0, 9, 1, 1], [12.0, 5, 4, 1], [40.0]]","[(0, 0.0, 0.0), (1, 38, 0.95), (2, 38, 0.95), (3, 34, 0.85), (4, 11, 0.275), (5, 14, 0.35), (6, 20, 0.5), (7, 19, 0.475), (8, 20, 0.5), (9, 18, 0.45), (10, 0.0, 0.0)]","[(1, 38.0, 38.0, 1.0, 0, 38), (2, 38.0, 38.0, 1.0, 0, 38), (3, 34.0, 35.0, 0.9714285714285714, 0, 35), (4, 11.0, 32.0, 0.34375, 7, 39), (5, 14.0, 31.0, 0.45161290322580644, 8, 39), (6, 20.0, 35.0, 0.5714285714285714, 3, 38), (7, 19.0, 24.0, 0.7916666666666666, 16, 40), (8, 20.0, 31.0, 0.6451612903225806, 9, 40), (9, 18.0, 28.0, 0.6428571428571429, 12, 40)]",212,2,83.4909999370575,0.0
21,Experiment 4,6 Layers-Batch Size = 15,1,10.0,"[[(0.0, 10.0)], [(5, 5.0)], [(6, 4.0)], [(6, 4.0)], [(0.0, 1.0), (3, 1), (6, 4.0)], [(0.0, 1.0), (8, 2.0)], [(0.0, 1.0), (3, 1), (8, 2.0)], [(0.0, 2.0), (5, 1), (8, 2.0)], [(0.0, 2.0), (3, 2), (6, 1), (9, 1.0)], [(0.0, 2.0), (7, 1), (9, 1.0)], [(0.0, 3.0)], [(0.0, 3.0), (6, 1)], [(0.0, 3.0), (7, 1)], [(0.0, 10.0)]]","[[10.0], [5.0], [4.0], [4.0], [1.0, 1, 4.0], [1.0, 2.0], [1.0, 1, 2.0], [2.0, 1, 2.0], [2.0, 2, 1, 1.0], [2.0, 1, 1.0], [3.0], [3.0, 1], [3.0, 1], [10.0]]","[(0, 0.0, 0.0), (1, 5, 0.5), (2, 6, 0.6), (3, 6, 0.6), (4, 4, 0.4), (5, 7, 0.7), (6, 6, 0.6), (7, 5, 0.5), (8, 4, 0.4), (9, 6, 0.6), (10, 7, 0.7), (11, 6, 0.6), (12, 6, 0.6), (13, 0.0, 0.0)]","[(1, 5.0, 5.0, 1.0, 0, 5), (2, 6.0, 6.0, 1.0, 0, 6), (3, 6.0, 6.0, 1.0, 0, 6), (4, 4.0, 5.0, 0.8, 1, 6), (5, 7.0, 7.0, 1.0, 1, 8), (6, 6.0, 7.0, 0.8571428571428571, 1, 8), (7, 5.0, 6.0, 0.8333333333333334, 2, 8), (8, 4.0, 7.0, 0.5714285714285714, 2, 9), (9, 6.0, 7.0, 0.8571428571428571, 2, 9), (10, 7.0, 7.0, 1.0, 3, 10), (11, 6.0, 7.0, 0.8571428571428571, 3, 10), (12, 6.0, 7.0, 0.8571428571428571, 3, 10)]",68,2,2.2879998683929443,0.0
22,Experiment 4,6 Layers-Batch Size = 30,1,20.0,"[[(0.0, 20.0)], [(16, 4.0)], [(13, 1), (15, 5.0)], [(16, 4.0)], [(0.0, 2.0), (18, 2.0)], [(0.0, 1.0), (6, 1), (14, 1), (17, 3.0)], [(0.0, 2.0), (18, 2.0)], [(0.0, 4.0), (5, 1), (7, 1), (9, 1), (13, 1), (19, 1.0)], [(0.0, 2.0), (3, 1), (6, 3), (11, 1), (13, 1), (15, 3), (19, 1.0)], [(0.0, 4.0), (5, 1), (12, 1), (14, 1), (17, 1), (19, 1.0)], [(0.0, 3.0), (7, 1)], [(0.0, 5.0)], [(0.0, 7.0), (8, 1), (10, 1)], [(0.0, 20.0)]]","[[20.0], [4.0], [1, 5.0], [4.0], [2.0, 2.0], [1.0, 1, 1, 3.0], [2.0, 2.0], [4.0, 1, 1, 1, 1, 1.0], [2.0, 1, 3, 1, 1, 3, 1.0], [4.0, 1, 1, 1, 1, 1.0], [3.0, 1], [5.0], [7.0, 1, 1], [20.0]]","[(0, 0.0, 0.0), (1, 16, 0.8), (2, 14, 0.7), (3, 16, 0.8), (4, 16, 0.8), (5, 14, 0.7), (6, 16, 0.8), (7, 11, 0.55), (8, 8, 0.4), (9, 11, 0.55), (10, 16, 0.8), (11, 15, 0.75), (12, 11, 0.55), (13, 0.0, 0.0)]","[(1, 16.0, 16.0, 1.0, 0, 16), (2, 14.0, 15.0, 0.9333333333333333, 0, 15), (3, 16.0, 16.0, 1.0, 0, 16), (4, 16.0, 16.0, 1.0, 2, 18), (5, 14.0, 16.0, 0.875, 1, 17), (6, 16.0, 16.0, 1.0, 2, 18), (7, 11.0, 15.0, 0.7333333333333333, 4, 19), (8, 8.0, 17.0, 0.47058823529411764, 2, 19), (9, 11.0, 15.0, 0.7333333333333333, 4, 19), (10, 16.0, 17.0, 0.9411764705882353, 3, 20), (11, 15.0, 15.0, 1.0, 5, 20), (12, 11.0, 13.0, 0.8461538461538461, 7, 20)]",164,2,44.41400003433228,0.0
23,Experiment 4,6 Layers-Batch Size = 45,1,30.0,"[[(0.0, 30.0)], [(24, 6.0)], [(19, 3), (23, 7.0)], [(26, 4.0)], [(0.0, 2.0), (28, 2.0)], [(0.0, 3.0), (7, 1), (24, 6.0)], [(0.0, 2.0), (18, 2), (28, 2.0)], [(0.0, 6.0), (7, 1), (9, 3), (14, 1), (19, 1), (23, 1), (26, 2), (29, 1.0)], [(0.0, 6.0), (7, 1), (9, 5), (15, 2), (21, 2), (27, 3.0)], [(0.0, 5.0), (8, 1), (12, 1), (20, 1), (25, 1), (29, 1.0)], [(0.0, 11.0), (13, 3)], [(0.0, 8.0), (10, 3), (15, 1), (19, 2), (23, 1), (25, 1)], [(0.0, 11.0), (13, 1), (15, 1), (17, 1)], [(0.0, 30.0)]]","[[30.0], [6.0], [3, 7.0], [4.0], [2.0, 2.0], [3.0, 1, 6.0], [2.0, 2, 2.0], [6.0, 1, 3, 1, 1, 1, 2, 1.0], [6.0, 1, 5, 2, 2, 3.0], [5.0, 1, 1, 1, 1, 1.0], [11.0, 3], [8.0, 3, 1, 2, 1, 1], [11.0, 1, 1, 1], [30.0]]","[(0, 0.0, 0.0), (1, 24, 0.8), (2, 20, 0.6666666666666666), (3, 26, 0.8666666666666667), (4, 26, 0.8666666666666667), (5, 20, 0.6666666666666666), (6, 24, 0.8), (7, 14, 0.4666666666666667), (8, 11, 0.36666666666666664), (9, 20, 0.6666666666666666), (10, 16, 0.5333333333333333), (11, 14, 0.4666666666666667), (12, 16, 0.5333333333333333), (13, 0.0, 0.0)]","[(1, 24.0, 24.0, 1.0, 0, 24), (2, 20.0, 23.0, 0.8695652173913043, 0, 23), (3, 26.0, 26.0, 1.0, 0, 26), (4, 26.0, 26.0, 1.0, 2, 28), (5, 20.0, 21.0, 0.9523809523809523, 3, 24), (6, 24.0, 26.0, 0.9230769230769231, 2, 28), (7, 14.0, 23.0, 0.6086956521739131, 6, 29), (8, 11.0, 21.0, 0.5238095238095238, 6, 27), (9, 20.0, 24.0, 0.8333333333333334, 5, 29), (10, 16.0, 19.0, 0.8421052631578947, 11, 30), (11, 14.0, 22.0, 0.6363636363636364, 8, 30), (12, 16.0, 19.0, 0.8421052631578947, 11, 30)]",231,2,135.96600008010864,0.0
24,Experiment 4,3 Layers-Batch Size = 15,2,30.0,"[[(0.0, 30.0)], [(0.0, 30.0)], [(23, 1)], [(6, 1)], [(0.0, 30.0)]]","[[30.0], [], [1], [1], [30.0]]","[(0, 0.0, 0.0), (1, 30, 1.0), (2, 29, 0.9666666666666667), (3, 29, 0.9666666666666667), (4, 0.0, 0.0)]","[(1, 30.0, 30.0, 1.0, 0, 30), (2, 29.0, 30.0, 0.9666666666666667, 0, 30), (3, 29.0, 30.0, 0.9666666666666667, 0, 30)]",88,2,3.309000015258789,0.0
25,Experiment 4,3 Layers-Batch Size = 30,2,59.0,"[[(0.0, 59.0)], [(52, 1)], [(58, 1.0)], [(0.0, 59.0)], [(0.0, 59.0)]]","[[59.0], [1], [1.0], [], [59.0]]","[(0, 0.0, 0.0), (1, 58, 0.9830508474576272), (2, 58, 0.9830508474576272), (3, 59, 1.0), (4, 0.0, 0.0)]","[(1, 58.0, 59.0, 0.9830508474576272, 0, 59), (2, 58.0, 58.0, 1.0, 0, 58), (3, 59.0, 59.0, 1.0, 0, 59)]",175,2,245.64000010490415,0.0
26,Experiment 4,3 Layers-Batch Size = 45,2,92.0,"[[(0.0, 92.0)], [(19, 1)], [(0.0, 92.0)], [(0.0, 92.0)], [(0.0, 92.0)]]","[[92.0], [1], [], [], [92.0]]","[(0, 0.0, 0.0), (1, 91, 0.9891304347826086), (2, 92, 1.0), (3, 92, 1.0), (4, 0.0, 0.0)]","[(1, 91.0, 92.0, 0.9891304347826086, 0, 92), (2, 92.0, 92.0, 1.0, 0, 92), (3, 92.0, 92.0, 1.0, 0, 92)]",275,2,615.6059999465942,0.0
27,Experiment 4,4 Layers-Batch Size = 15,2,23.0,"[[(0.0, 23.0)], [(3, 1), (10, 2), (15, 1), (20, 3.0)], [(15, 8.0)], [(14, 1), (19, 4.0)], [(0.0, 3.0)], [(0.0, 3.0), (19, 4.0)], [(0.0, 4.0), (6, 2), (10, 1), (13, 4)], [(0.0, 23.0)]]","[[23.0], [1, 2, 1, 3.0], [8.0], [1, 4.0], [3.0], [3.0, 4.0], [4.0, 2, 1, 4], [23.0]]","[(0, 0.0, 0.0), (1, 16, 0.6956521739130435), (2, 15, 0.6521739130434783), (3, 18, 0.782608695652174), (4, 20, 0.8695652173913043), (5, 16, 0.6956521739130435), (6, 12, 0.5217391304347826), (7, 0.0, 0.0)]","[(1, 16.0, 20.0, 0.8, 0, 20), (2, 15.0, 15.0, 1.0, 0, 15), (3, 18.0, 19.0, 0.9473684210526315, 0, 19), (4, 20.0, 20.0, 1.0, 3, 23), (5, 16.0, 16.0, 1.0, 3, 19), (6, 12.0, 19.0, 0.631578947368421, 4, 23)]",97,2,1.818000078201294,0.0
28,Experiment 4,4 Layers-Batch Size = 30,2,33.0,"[[(0.0, 33.0)], [(31, 2.0)], [(27, 1), (31, 2.0)], [(31, 2.0)], [(0.0, 3.0)], [(0.0, 3.0)], [(0.0, 3.0), (5, 1), (8, 1), (11, 2)], [(0.0, 33.0)]]","[[33.0], [2.0], [1, 2.0], [2.0], [3.0], [3.0], [3.0, 1, 1, 2], [33.0]]","[(0, 0.0, 0.0), (1, 31, 0.9393939393939394), (2, 30, 0.9090909090909091), (3, 31, 0.9393939393939394), (4, 30, 0.9090909090909091), (5, 30, 0.9090909090909091), (6, 26, 0.7878787878787878), (7, 0.0, 0.0)]","[(1, 31.0, 31.0, 1.0, 0, 31), (2, 30.0, 31.0, 0.967741935483871, 0, 31), (3, 31.0, 31.0, 1.0, 0, 31), (4, 30.0, 30.0, 1.0, 3, 33), (5, 30.0, 30.0, 1.0, 3, 33), (6, 26.0, 30.0, 0.8666666666666667, 3, 33)]",178,2,37.51300001144409,0.0
29,Experiment 4,4 Layers-Batch Size = 45,2,57.0,"[[(0.0, 57.0)], [(55, 2.0)], [(51, 6.0)], [(55, 2.0)], [(0.0, 3.0), (7, 1), (24, 1), (27, 1), (50, 1)], [(0.0, 9.0), (13, 5), (34, 3), (41, 1), (56, 1.0)], [(0.0, 9.0), (11, 1), (14, 2), (18, 5), (27, 1), (30, 1), (43, 1), (52, 1)], [(0.0, 57.0)]]","[[57.0], [2.0], [6.0], [2.0], [3.0, 1, 1, 1, 1], [9.0, 5, 3, 1, 1.0], [9.0, 1, 2, 5, 1, 1, 1, 1], [57.0]]","[(0, 0.0, 0.0), (1, 55, 0.9649122807017544), (2, 51, 0.8947368421052632), (3, 55, 0.9649122807017544), (4, 50, 0.8771929824561403), (5, 38, 0.6666666666666666), (6, 36, 0.631578947368421), (7, 0.0, 0.0)]","[(1, 55.0, 55.0, 1.0, 0, 55), (2, 51.0, 51.0, 1.0, 0, 51), (3, 55.0, 55.0, 1.0, 0, 55), (4, 50.0, 54.0, 0.9259259259259259, 3, 57), (5, 38.0, 47.0, 0.8085106382978723, 9, 56), (6, 36.0, 48.0, 0.75, 9, 57)]",285,2,289.67400002479553,0.0
30,Experiment 4,5 Layers-Batch Size = 15,2,18.0,"[[(0.0, 18.0)], [(16, 2.0)], [(15, 3.0)], [(6, 1), (16, 2.0)], [(0.0, 3.0), (5, 1), (7, 2), (11, 1), (13, 3), (17, 1.0)], [(0.0, 10.0), (11, 1), (14, 2), (17, 1.0)], [(0.0, 3.0), (4, 5), (10, 1), (12, 3), (16, 2.0)], [(0.0, 4.0), (16, 1)], [(0.0, 5.0), (8, 4)], [(0.0, 9.0), (10, 2), (14, 2)], [(0.0, 18.0)]]","[[18.0], [2.0], [3.0], [1, 2.0], [3.0, 1, 2, 1, 3, 1.0], [10.0, 1, 2, 1.0], [3.0, 5, 1, 3, 2.0], [4.0, 1], [5.0, 4], [9.0, 2, 2], [18.0]]","[(0, 0.0, 0.0), (1, 16, 0.8888888888888888), (2, 15, 0.8333333333333334), (3, 15, 0.8333333333333334), (4, 7, 0.3888888888888889), (5, 4, 0.2222222222222222), (6, 4, 0.2222222222222222), (7, 13, 0.7222222222222222), (8, 9, 0.5), (9, 5, 0.2777777777777778), (10, 0.0, 0.0)]","[(1, 16.0, 16.0, 1.0, 0, 16), (2, 15.0, 15.0, 1.0, 0, 15), (3, 15.0, 16.0, 0.9375, 0, 16), (4, 7.0, 14.0, 0.5, 3, 17), (5, 4.0, 7.0, 0.5714285714285714, 10, 17), (6, 4.0, 13.0, 0.3076923076923077, 3, 16), (7, 13.0, 14.0, 0.9285714285714286, 4, 18), (8, 9.0, 13.0, 0.6923076923076923, 5, 18), (9, 5.0, 9.0, 0.5555555555555556, 9, 18)]",88,2,3.888999938964844,0.0
31,Experiment 4,5 Layers-Batch Size = 30,2,43.0,"[[(0.0, 43.0)], [(39, 4.0)], [(39, 4.0)], [(6, 2), (11, 1), (16, 27.0)], [(0.0, 3.0), (4, 2), (7, 2), (10, 2), (13, 2), (16, 2), (19, 2), (22, 2), (25, 2), (28, 2), (31, 2), (34, 2), (37, 2), (40, 3.0)], [(0.0, 3.0), (4, 2), (7, 2), (10, 2), (13, 2), (16, 2), (19, 2), (22, 2), (25, 2), (28, 2), (31, 2), (34, 2), (37, 2), (40, 3.0)], [(0.0, 5.0), (6, 3), (10, 6), (17, 11), (29, 14.0)], [(0.0, 4.0)], [(0.0, 4.0)], [(0.0, 11.0), (12, 6), (19, 8), (28, 2), (31, 12.0)], [(0.0, 43.0)]]","[[43.0], [4.0], [4.0], [2, 1, 27.0], [3.0, 2, 2, 2, 2, 2, 2, 2, 2, 2, 2, 2, 2, 3.0], [3.0, 2, 2, 2, 2, 2, 2, 2, 2, 2, 2, 2, 2, 3.0], [5.0, 3, 6, 11, 14.0], [4.0], [4.0], [11.0, 6, 8, 2, 12.0], [43.0]]","[(0, 0.0, 0.0), (1, 39, 0.9069767441860465), (2, 39, 0.9069767441860465), (3, 13, 0.3023255813953488), (4, 13, 0.3023255813953488), (5, 13, 0.3023255813953488), (6, 4, 0.09302325581395349), (7, 39, 0.9069767441860465), (8, 39, 0.9069767441860465), (9, 4, 0.09302325581395349), (10, 0.0, 0.0)]","[(1, 39.0, 39.0, 1.0, 0, 39), (2, 39.0, 39.0, 1.0, 0, 39), (3, 13.0, 16.0, 0.8125, 0, 16), (4, 13.0, 37.0, 0.35135135135135137, 3, 40), (5, 13.0, 37.0, 0.35135135135135137, 3, 40), (6, 4.0, 24.0, 0.16666666666666666, 5, 29), (7, 39.0, 39.0, 1.0, 4, 43), (8, 39.0, 39.0, 1.0, 4, 43), (9, 4.0, 20.0, 0.2, 11, 31)]",203,2,94.4760000705719,0.0
32,Experiment 4,5 Layers-Batch Size = 45,2,52.0,"[[(0.0, 52.0)], [(50, 2.0)], [(48, 4.0)], [(50, 2.0)], [(0.0, 3.0), (4, 2), (8, 2), (11, 5), (17, 3), (21, 2), (25, 2), (29, 4), (35, 2), (40, 2), (44, 3), (48, 2), (51, 1.0)], [(0.0, 3.0), (5, 7), (14, 2), (17, 4), (23, 2), (26, 1), (28, 9), (38, 1), (40, 3), (44, 1), (46, 2), (49, 1), (51, 1.0)], [(0.0, 10.0), (12, 5), (18, 5), (24, 6), (31, 1), (33, 6), (40, 2), (44, 3), (48, 1), (50, 2.0)], [(0.0, 7.0), (10, 1)], [(0.0, 4.0), (7, 2), (15, 3), (21, 1), (34, 1), (38, 1), (49, 2)], [(0.0, 11.0), (12, 4), (17, 7), (25, 13), (39, 1), (44, 1)], [(0.0, 52.0)]]","[[52.0], [2.0], [4.0], [2.0], [3.0, 2, 2, 5, 3, 2, 2, 4, 2, 2, 3, 2, 1.0], [3.0, 7, 2, 4, 2, 1, 9, 1, 3, 1, 2, 1, 1.0], [10.0, 5, 5, 6, 1, 6, 2, 3, 1, 2.0], [7.0, 1], [4.0, 2, 3, 1, 1, 1, 2], [11.0, 4, 7, 13, 1, 1], [52.0]]","[(0, 0.0, 0.0), (1, 50, 0.9615384615384616), (2, 48, 0.9230769230769231), (3, 50, 0.9615384615384616), (4, 19, 0.36538461538461536), (5, 15, 0.28846153846153844), (6, 11, 0.21153846153846154), (7, 44, 0.8461538461538461), (8, 38, 0.7307692307692307), (9, 15, 0.28846153846153844), (10, 0.0, 0.0)]","[(1, 50.0, 50.0, 1.0, 0, 50), (2, 48.0, 48.0, 1.0, 0, 48), (3, 50.0, 50.0, 1.0, 0, 50), (4, 19.0, 48.0, 0.3958333333333333, 3, 51), (5, 15.0, 48.0, 0.3125, 3, 51), (6, 11.0, 40.0, 0.275, 10, 50), (7, 44.0, 45.0, 0.9777777777777777, 7, 52), (8, 38.0, 48.0, 0.7916666666666666, 4, 52), (9, 15.0, 41.0, 0.36585365853658536, 11, 52)]",290,2,429.71399998664856,0.0
33,Experiment 4,6 Layers-Batch Size = 15,2,15.0,"[[(0.0, 15.0)], [(12, 3.0)], [(8, 7.0)], [(12, 3.0)], [(0.0, 3.0), (5, 4), (10, 1), (13, 2.0)], [(0.0, 1.0), (10, 5.0)], [(0.0, 2.0), (4, 2), (9, 2), (13, 2.0)], [(0.0, 7.0), (9, 2), (14, 1.0)], [(0.0, 6.0), (8, 3), (12, 3.0)], [(0.0, 3.0), (4, 1), (8, 2), (11, 1), (14, 1.0)], [(0.0, 8.0)], [(0.0, 8.0), (9, 2), (12, 1), (14, 1.0)], [(0.0, 5.0), (8, 3)], [(0.0, 15.0)]]","[[15.0], [3.0], [7.0], [3.0], [3.0, 4, 1, 2.0], [1.0, 5.0], [2.0, 2, 2, 2.0], [7.0, 2, 1.0], [6.0, 3, 3.0], [3.0, 1, 2, 1, 1.0], [8.0], [8.0, 2, 1, 1.0], [5.0, 3], [15.0]]","[(0, 0.0, 0.0), (1, 12, 0.8), (2, 8, 0.5333333333333333), (3, 12, 0.8), (4, 5, 0.3333333333333333), (5, 9, 0.6), (6, 7, 0.4666666666666667), (7, 5, 0.3333333333333333), (8, 3, 0.2), (9, 7, 0.4666666666666667), (10, 7, 0.4666666666666667), (11, 3, 0.2), (12, 7, 0.4666666666666667), (13, 0.0, 0.0)]","[(1, 12.0, 12.0, 1.0, 0, 12), (2, 8.0, 8.0, 1.0, 0, 8), (3, 12.0, 12.0, 1.0, 0, 12), (4, 5.0, 10.0, 0.5, 3, 13), (5, 9.0, 9.0, 1.0, 1, 10), (6, 7.0, 11.0, 0.6363636363636364, 2, 13), (7, 5.0, 7.0, 0.7142857142857143, 7, 14), (8, 3.0, 6.0, 0.5, 6, 12), (9, 7.0, 11.0, 0.6363636363636364, 3, 14), (10, 7.0, 7.0, 1.0, 8, 15), (11, 3.0, 6.0, 0.5, 8, 14), (12, 7.0, 10.0, 0.7, 5, 15)]",85,2,3.962000131607056,0.0
34,Experiment 4,6 Layers-Batch Size = 30,2,31.0,"[[(0.0, 31.0)], [(19, 12.0)], [(18, 2), (22, 9.0)], [(2, 1), (6, 3), (24, 7.0)], [(0.0, 2.0), (3, 1), (5, 2), (9, 1), (11, 1), (15, 1), (19, 2), (23, 1), (25, 2), (28, 3.0)], [(0.0, 2.0), (3, 3), (7, 2), (12, 3), (18, 13.0)], [(0.0, 1.0), (3, 1), (6, 2), (14, 1), (19, 12.0)], [(0.0, 3.0), (4, 4), (10, 1), (12, 3), (17, 1), (20, 2), (23, 2), (26, 1), (28, 3.0)], [(0.0, 3.0), (4, 2), (8, 3), (13, 1), (15, 2), (18, 1), (22, 9.0)], [(0.0, 10.0), (12, 3), (16, 2), (19, 1), (23, 2), (26, 2), (29, 2.0)], [(0.0, 4.0)], [(0.0, 4.0), (7, 3)], [(0.0, 12.0), (13, 1), (15, 1), (17, 1), (27, 2), (30, 1.0)], [(0.0, 31.0)]]","[[31.0], [12.0], [2, 9.0], [1, 3, 7.0], [2.0, 1, 2, 1, 1, 1, 2, 1, 2, 3.0], [2.0, 3, 2, 3, 13.0], [1.0, 1, 2, 1, 12.0], [3.0, 4, 1, 3, 1, 2, 2, 1, 3.0], [3.0, 2, 3, 1, 2, 1, 9.0], [10.0, 3, 2, 1, 2, 2, 2.0], [4.0], [4.0, 3], [12.0, 1, 1, 1, 2, 1.0], [31.0]]","[(0, 0.0, 0.0), (1, 19, 0.6129032258064516), (2, 20, 0.6451612903225806), (3, 20, 0.6451612903225806), (4, 15, 0.4838709677419355), (5, 8, 0.25806451612903225), (6, 14, 0.45161290322580644), (7, 11, 0.3548387096774194), (8, 10, 0.3225806451612903), (9, 9, 0.2903225806451613), (10, 27, 0.8709677419354839), (11, 24, 0.7741935483870968), (12, 13, 0.41935483870967744), (13, 0.0, 0.0)]","[(1, 19.0, 19.0, 1.0, 0, 19), (2, 20.0, 22.0, 0.9090909090909091, 0, 22), (3, 20.0, 24.0, 0.8333333333333334, 0, 24), (4, 15.0, 26.0, 0.5769230769230769, 2, 28), (5, 8.0, 16.0, 0.5, 2, 18), (6, 14.0, 18.0, 0.7777777777777778, 1, 19), (7, 11.0, 25.0, 0.44, 3, 28), (8, 10.0, 19.0, 0.5263157894736842, 3, 22), (9, 9.0, 19.0, 0.47368421052631576, 10, 29), (10, 27.0, 27.0, 1.0, 4, 31), (11, 24.0, 27.0, 0.8888888888888888, 4, 31), (12, 13.0, 18.0, 0.7222222222222222, 12, 30)]",190,2,31.161999940872192,0.0
35,Experiment 4,6 Layers-Batch Size = 45,2,39.0,"[[(0.0, 39.0)], [(3, 1), (10, 1), (17, 22.0)], [(8, 1), (14, 1), (22, 7), (30, 9.0)], [(16, 1), (23, 4), (28, 3), (32, 7.0)], [(0.0, 3.0), (4, 2), (7, 1), (11, 1), (13, 1), (15, 3), (19, 3), (24, 15.0)], [(0.0, 1.0), (35, 4.0)], [(0.0, 1.0), (37, 2.0)], [(0.0, 4.0), (5, 2), (8, 1), (10, 4), (16, 5), (22, 1), (25, 14.0)], [(0.0, 10.0), (11, 2), (15, 2), (20, 1), (23, 1), (28, 1), (32, 2), (37, 2.0)], [(0.0, 3.0), (4, 7), (12, 1), (14, 3), (18, 1), (25, 1), (30, 1), (34, 1), (36, 1), (38, 1.0)], [(0.0, 8.0), (11, 2), (14, 1), (21, 3), (25, 1), (30, 5), (36, 3.0)], [(0.0, 11.0), (14, 2), (17, 3), (21, 1), (27, 1)], [(0.0, 8.0), (9, 5), (15, 3), (19, 4), (35, 1)], [(0.0, 39.0)]]","[[39.0], [1, 1, 22.0], [1, 1, 7, 9.0], [1, 4, 3, 7.0], [3.0, 2, 1, 1, 1, 3, 3, 15.0], [1.0, 4.0], [1.0, 2.0], [4.0, 2, 1, 4, 5, 1, 14.0], [10.0, 2, 2, 1, 1, 1, 2, 2.0], [3.0, 7, 1, 3, 1, 1, 1, 1, 1, 1.0], [8.0, 2, 1, 3, 1, 5, 3.0], [11.0, 2, 3, 1, 1], [8.0, 5, 3, 4, 1], [39.0]]","[(0, 0.0, 0.0), (1, 15, 0.38461538461538464), (2, 21, 0.5384615384615384), (3, 24, 0.6153846153846154), (4, 10, 0.2564102564102564), (5, 34, 0.8717948717948718), (6, 36, 0.9230769230769231), (7, 8, 0.20512820512820512), (8, 18, 0.46153846153846156), (9, 19, 0.48717948717948717), (10, 16, 0.41025641025641024), (11, 21, 0.5384615384615384), (12, 18, 0.46153846153846156), (13, 0.0, 0.0)]","[(1, 15.0, 17.0, 0.8823529411764706, 0, 17), (2, 21.0, 30.0, 0.7, 0, 30), (3, 24.0, 32.0, 0.75, 0, 32), (4, 10.0, 21.0, 0.47619047619047616, 3, 24), (5, 34.0, 34.0, 1.0, 1, 35), (6, 36.0, 36.0, 1.0, 1, 37), (7, 8.0, 21.0, 0.38095238095238093, 4, 25), (8, 18.0, 27.0, 0.6666666666666666, 10, 37), (9, 19.0, 35.0, 0.5428571428571428, 3, 38), (10, 16.0, 28.0, 0.5714285714285714, 8, 36), (11, 21.0, 28.0, 0.75, 11, 39), (12, 18.0, 31.0, 0.5806451612903226, 8, 39)]",240,2,72.27900004386902,0.0
36,Experiment 4,3 Layers-Batch Size = 15,3,30.0,"[[(0.0, 30.0)], [(0.0, 30.0)], [(0.0, 30.0)], [(0.0, 30.0)], [(0.0, 30.0)]]","[[30.0], [], [], [], [30.0]]","[(0, 0.0, 0.0), (1, 30, 1.0), (2, 30, 1.0), (3, 30, 1.0), (4, 0.0, 0.0)]","[(1, 30.0, 30.0, 1.0, 0, 30), (2, 30.0, 30.0, 1.0, 0, 30), (3, 30.0, 30.0, 1.0, 0, 30)]",90,2,3.436000108718872,0.0
37,Experiment 4,3 Layers-Batch Size = 30,3,60.0,"[[(0.0, 60.0)], [(0.0, 60.0)], [(0.0, 60.0)], [(0.0, 60.0)], [(0.0, 60.0)]]","[[60.0], [], [], [], [60.0]]","[(0, 0.0, 0.0), (1, 60, 1.0), (2, 60, 1.0), (3, 60, 1.0), (4, 0.0, 0.0)]","[(1, 60.0, 60.0, 1.0, 0, 60), (2, 60.0, 60.0, 1.0, 0, 60), (3, 60.0, 60.0, 1.0, 0, 60)]",180,2,29.04900002479553,0.0
38,Experiment 4,3 Layers-Batch Size = 45,3,90.0,"[[(0.0, 90.0)], [(0.0, 90.0)], [(0.0, 90.0)], [(0.0, 90.0)], [(0.0, 90.0)]]","[[90.0], [], [], [], [90.0]]","[(0, 0.0, 0.0), (1, 90, 1.0), (2, 90, 1.0), (3, 90, 1.0), (4, 0.0, 0.0)]","[(1, 90.0, 90.0, 1.0, 0, 90), (2, 90.0, 90.0, 1.0, 0, 90), (3, 90.0, 90.0, 1.0, 0, 90)]",270,2,337.5770001411438,0.0
39,Experiment 4,4 Layers-Batch Size = 15,3,22.0,"[[(0.0, 22.0)], [(18, 4.0)], [(20, 2.0)], [(0.0, 1.0), (18, 4.0)], [(0.0, 11.0), (14, 2)], [(0.0, 6.0), (8, 2), (12, 2), (20, 2.0)], [(0.0, 3.0), (8, 3)], [(0.0, 22.0)]]","[[22.0], [4.0], [2.0], [1.0, 4.0], [11.0, 2], [6.0, 2, 2, 2.0], [3.0, 3], [22.0]]","[(0, 0.0, 0.0), (1, 18, 0.8181818181818182), (2, 20, 0.9090909090909091), (3, 17, 0.7727272727272727), (4, 9, 0.4090909090909091), (5, 10, 0.45454545454545453), (6, 16, 0.7272727272727273), (7, 0.0, 0.0)]","[(1, 18.0, 18.0, 1.0, 0, 18), (2, 20.0, 20.0, 1.0, 0, 20), (3, 17.0, 17.0, 1.0, 1, 18), (4, 9.0, 11.0, 0.8181818181818182, 11, 22), (5, 10.0, 14.0, 0.7142857142857143, 6, 20), (6, 16.0, 19.0, 0.8421052631578947, 3, 22)]",90,2,2.289999961853028,0.0
40,Experiment 4,4 Layers-Batch Size = 30,3,39.0,"[[(0.0, 39.0)], [(37, 2.0)], [(36, 3.0)], [(36, 3.0)], [(0.0, 11.0), (14, 3), (22, 1)], [(0.0, 7.0), (9, 1), (14, 6), (38, 1.0)], [(0.0, 8.0), (11, 4), (18, 2), (25, 1), (28, 1)], [(0.0, 39.0)]]","[[39.0], [2.0], [3.0], [3.0], [11.0, 3, 1], [7.0, 1, 6, 1.0], [8.0, 4, 2, 1, 1], [39.0]]","[(0, 0.0, 0.0), (1, 37, 0.9487179487179487), (2, 36, 0.9230769230769231), (3, 36, 0.9230769230769231), (4, 24, 0.6153846153846154), (5, 24, 0.6153846153846154), (6, 23, 0.5897435897435898), (7, 0.0, 0.0)]","[(1, 37.0, 37.0, 1.0, 0, 37), (2, 36.0, 36.0, 1.0, 0, 36), (3, 36.0, 36.0, 1.0, 0, 36), (4, 24.0, 28.0, 0.8571428571428571, 11, 39), (5, 24.0, 31.0, 0.7741935483870968, 7, 38), (6, 23.0, 31.0, 0.7419354838709677, 8, 39)]",180,2,17.247999906539917,0.0
41,Experiment 4,4 Layers-Batch Size = 45,3,74.0,"[[(0.0, 74.0)], [(72, 2.0)], [(72, 2.0)], [(6, 1), (11, 1), (15, 1), (32, 42.0)], [(0.0, 8.0), (11, 1), (14, 7), (23, 2), (27, 3), (33, 2), (37, 1), (40, 8), (56, 2), (64, 3), (69, 1)], [(0.0, 15.0), (17, 6), (25, 2), (37, 4), (43, 1), (50, 2), (64, 2)], [(0.0, 8.0), (11, 1), (14, 5), (22, 1), (25, 4), (38, 36.0)], [(0.0, 74.0)]]","[[74.0], [2.0], [2.0], [1, 1, 1, 42.0], [8.0, 1, 7, 2, 3, 2, 1, 8, 2, 3, 1], [15.0, 6, 2, 4, 1, 2, 2], [8.0, 1, 5, 1, 4, 36.0], [74.0]]","[(0, 0.0, 0.0), (1, 72, 0.972972972972973), (2, 72, 0.972972972972973), (3, 29, 0.3918918918918919), (4, 36, 0.4864864864864865), (5, 42, 0.5675675675675675), (6, 19, 0.25675675675675674), (7, 0.0, 0.0)]","[(1, 72.0, 72.0, 1.0, 0, 72), (2, 72.0, 72.0, 1.0, 0, 72), (3, 29.0, 32.0, 0.90625, 0, 32), (4, 36.0, 66.0, 0.5454545454545454, 8, 74), (5, 42.0, 59.0, 0.711864406779661, 15, 74), (6, 19.0, 30.0, 0.6333333333333333, 8, 38)]",270,2,40.22599983215332,0.0
42,Experiment 4,5 Layers-Batch Size = 15,3,22.0,"[[(0.0, 22.0)], [(3, 1), (10, 1), (19, 3.0)], [(20, 2.0)], [(19, 3.0)], [(0.0, 12.0), (13, 9.0)], [(0.0, 4.0), (5, 10), (17, 2), (21, 1.0)], [(0.0, 3.0), (5, 3), (9, 1), (11, 1), (14, 1), (16, 3), (21, 1.0)], [(0.0, 8.0), (10, 7), (18, 2)], [(0.0, 5.0), (6, 3), (10, 6), (17, 3)], [(0.0, 5.0), (6, 5), (12, 1), (15, 2)], [(0.0, 22.0)]]","[[22.0], [1, 1, 3.0], [2.0], [3.0], [12.0, 9.0], [4.0, 10, 2, 1.0], [3.0, 3, 1, 1, 1, 3, 1.0], [8.0, 7, 2], [5.0, 3, 6, 3], [5.0, 5, 1, 2], [22.0]]","[(0, 0.0, 0.0), (1, 17, 0.7727272727272727), (2, 20, 0.9090909090909091), (3, 19, 0.8636363636363636), (4, 1, 0.045454545454545456), (5, 5, 0.22727272727272727), (6, 9, 0.4090909090909091), (7, 5, 0.22727272727272727), (8, 5, 0.22727272727272727), (9, 9, 0.4090909090909091), (10, 0.0, 0.0)]","[(1, 17.0, 19.0, 0.8947368421052632, 0, 19), (2, 20.0, 20.0, 1.0, 0, 20), (3, 19.0, 19.0, 1.0, 0, 19), (4, 1.0, 1.0, 1.0, 12, 13), (5, 5.0, 17.0, 0.29411764705882354, 4, 21), (6, 9.0, 18.0, 0.5, 3, 21), (7, 5.0, 14.0, 0.35714285714285715, 8, 22), (8, 5.0, 17.0, 0.29411764705882354, 5, 22), (9, 9.0, 17.0, 0.5294117647058824, 5, 22)]",90,2,2.889999866485596,0.0
43,Experiment 4,5 Layers-Batch Size = 30,3,42.0,"[[(0.0, 42.0)], [(39, 3.0)], [(40, 2.0)], [(39, 3.0)], [(0.0, 11.0), (12, 11), (24, 5), (31, 4), (40, 2.0)], [(0.0, 5.0), (6, 1), (8, 1), (10, 4), (17, 8), (27, 3), (31, 1), (34, 1), (36, 6.0)], [(0.0, 7.0), (8, 6), (15, 4), (20, 1), (22, 8), (31, 2), (34, 3), (38, 1), (41, 1.0)], [(0.0, 30.0), (35, 1), (37, 1)], [(0.0, 12.0), (13, 2), (17, 11), (30, 1), (32, 1), (40, 2.0)], [(0.0, 8.0), (9, 6), (16, 1), (18, 6), (26, 7), (34, 1), (36, 4)], [(0.0, 42.0)]]","[[42.0], [3.0], [2.0], [3.0], [11.0, 11, 5, 4, 2.0], [5.0, 1, 1, 4, 8, 3, 1, 1, 6.0], [7.0, 6, 4, 1, 8, 2, 3, 1, 1.0], [30.0, 1, 1], [12.0, 2, 11, 1, 1, 2.0], [8.0, 6, 1, 6, 7, 1, 4], [42.0]]","[(0, 0.0, 0.0), (1, 39, 0.9285714285714286), (2, 40, 0.9523809523809523), (3, 39, 0.9285714285714286), (4, 9, 0.21428571428571427), (5, 12, 0.2857142857142857), (6, 9, 0.21428571428571427), (7, 10, 0.23809523809523808), (8, 13, 0.30952380952380953), (9, 9, 0.21428571428571427), (10, 0.0, 0.0)]","[(1, 39.0, 39.0, 1.0, 0, 39), (2, 40.0, 40.0, 1.0, 0, 40), (3, 39.0, 39.0, 1.0, 0, 39), (4, 9.0, 29.0, 0.3103448275862069, 11, 40), (5, 12.0, 31.0, 0.3870967741935484, 5, 36), (6, 9.0, 34.0, 0.2647058823529412, 7, 41), (7, 10.0, 12.0, 0.8333333333333334, 30, 42), (8, 13.0, 28.0, 0.4642857142857143, 12, 40), (9, 9.0, 34.0, 0.2647058823529412, 8, 42)]",180,2,22.92600011825561,0.0
44,Experiment 4,5 Layers-Batch Size = 45,3,62.0,"[[(0.0, 62.0)], [(59, 3.0)], [(60, 2.0)], [(39, 1), (60, 2.0)], [(0.0, 5.0), (6, 6), (13, 2), (16, 13), (30, 2), (33, 7), (41, 3), (45, 10), (56, 4), (61, 1.0)], [(0.0, 6.0), (7, 1), (10, 2), (14, 2), (17, 4), (22, 2), (29, 3), (33, 1), (35, 1), (38, 2), (41, 3), (45, 1), (47, 2), (50, 1), (52, 4), (57, 1), (61, 1.0)], [(0.0, 4.0), (5, 15), (21, 11), (33, 2), (36, 8), (45, 3), (49, 3), (53, 1), (55, 3), (61, 1.0)], [(0.0, 9.0), (10, 10), (21, 1), (23, 2), (26, 1), (28, 5), (34, 2), (40, 5), (47, 3), (51, 2), (54, 5)], [(0.0, 6.0), (7, 3), (11, 3), (16, 6), (23, 6), (32, 2), (36, 2), (39, 2), (42, 9), (52, 4)], [(0.0, 18.0), (19, 2), (22, 3), (26, 2), (29, 9), (39, 17)], [(0.0, 62.0)]]","[[62.0], [3.0], [2.0], [1, 2.0], [5.0, 6, 2, 13, 2, 7, 3, 10, 4, 1.0], [6.0, 1, 2, 2, 4, 2, 3, 1, 1, 2, 3, 1, 2, 1, 4, 1, 1.0], [4.0, 15, 11, 2, 8, 3, 3, 1, 3, 1.0], [9.0, 10, 1, 2, 1, 5, 2, 5, 3, 2, 5], [6.0, 3, 3, 6, 6, 2, 2, 2, 9, 4], [18.0, 2, 3, 2, 9, 17], [62.0]]","[(0, 0.0, 0.0), (1, 59, 0.9516129032258065), (2, 60, 0.967741935483871), (3, 59, 0.9516129032258065), (4, 9, 0.14516129032258066), (5, 25, 0.4032258064516129), (6, 11, 0.1774193548387097), (7, 17, 0.27419354838709675), (8, 19, 0.3064516129032258), (9, 11, 0.1774193548387097), (10, 0.0, 0.0)]","[(1, 59.0, 59.0, 1.0, 0, 59), (2, 60.0, 60.0, 1.0, 0, 60), (3, 59.0, 60.0, 0.9833333333333333, 0, 60), (4, 9.0, 56.0, 0.16071428571428573, 5, 61), (5, 25.0, 55.0, 0.45454545454545453, 6, 61), (6, 11.0, 57.0, 0.19298245614035087, 4, 61), (7, 17.0, 53.0, 0.32075471698113206, 9, 62), (8, 19.0, 56.0, 0.3392857142857143, 6, 62), (9, 11.0, 44.0, 0.25, 18, 62)]",270,2,88.69700002670288,0.0
45,Experiment 4,6 Layers-Batch Size = 15,3,16.0,"[[(0.0, 16.0)], [(13, 3.0)], [(12, 4.0)], [(12, 4.0)], [(0.0, 2.0), (5, 2), (10, 2), (13, 3.0)], [(0.0, 3.0), (4, 2), (7, 3), (11, 2), (14, 2.0)], [(0.0, 5.0), (6, 2), (11, 1), (13, 3.0)], [(0.0, 4.0), (5, 2), (9, 1), (12, 2), (15, 1.0)], [(0.0, 4.0), (5, 2), (8, 3), (12, 2), (15, 1.0)], [(0.0, 7.0), (10, 1), (12, 1), (14, 2.0)], [(0.0, 5.0), (7, 1), (12, 1), (14, 1)], [(0.0, 9.0), (14, 1)], [(0.0, 8.0)], [(0.0, 16.0)]]","[[16.0], [3.0], [4.0], [4.0], [2.0, 2, 2, 3.0], [3.0, 2, 3, 2, 2.0], [5.0, 2, 1, 3.0], [4.0, 2, 1, 2, 1.0], [4.0, 2, 3, 2, 1.0], [7.0, 1, 1, 2.0], [5.0, 1, 1, 1], [9.0, 1], [8.0], [16.0]]","[(0, 0.0, 0.0), (1, 13, 0.8125), (2, 12, 0.75), (3, 12, 0.75), (4, 7, 0.4375), (5, 4, 0.25), (6, 5, 0.3125), (7, 6, 0.375), (8, 4, 0.25), (9, 5, 0.3125), (10, 8, 0.5), (11, 6, 0.375), (12, 8, 0.5), (13, 0.0, 0.0)]","[(1, 13.0, 13.0, 1.0, 0, 13), (2, 12.0, 12.0, 1.0, 0, 12), (3, 12.0, 12.0, 1.0, 0, 12), (4, 7.0, 11.0, 0.6363636363636364, 2, 13), (5, 4.0, 11.0, 0.36363636363636365, 3, 14), (6, 5.0, 8.0, 0.625, 5, 13), (7, 6.0, 11.0, 0.5454545454545454, 4, 15), (8, 4.0, 11.0, 0.36363636363636365, 4, 15), (9, 5.0, 7.0, 0.7142857142857143, 7, 14), (10, 8.0, 11.0, 0.7272727272727273, 5, 16), (11, 6.0, 7.0, 0.8571428571428571, 9, 16), (12, 8.0, 8.0, 1.0, 8, 16)]",90,2,3.069999933242798,0.0
46,Experiment 4,6 Layers-Batch Size = 30,3,28.0,"[[(0.0, 28.0)], [(24, 4.0)], [(24, 4.0)], [(24, 4.0)], [(0.0, 5.0), (6, 4), (11, 2), (17, 1), (19, 2), (22, 2), (25, 3.0)], [(0.0, 3.0), (6, 2), (13, 1), (16, 2), (25, 3.0)], [(0.0, 2.0), (4, 2), (7, 3), (13, 2), (21, 1), (26, 2.0)], [(0.0, 6.0), (7, 4), (16, 2), (19, 3), (23, 1), (26, 2.0)], [(0.0, 4.0), (5, 1), (7, 4), (12, 3), (16, 4), (23, 1), (27, 1.0)], [(0.0, 12.0), (13, 1), (19, 1), (22, 1), (25, 3.0)], [(0.0, 14.0), (23, 1)], [(0.0, 14.0), (15, 3), (19, 1)], [(0.0, 7.0), (8, 4), (14, 3), (20, 1)], [(0.0, 28.0)]]","[[28.0], [4.0], [4.0], [4.0], [5.0, 4, 2, 1, 2, 2, 3.0], [3.0, 2, 1, 2, 3.0], [2.0, 2, 3, 2, 1, 2.0], [6.0, 4, 2, 3, 1, 2.0], [4.0, 1, 4, 3, 4, 1, 1.0], [12.0, 1, 1, 1, 3.0], [14.0, 1], [14.0, 3, 1], [7.0, 4, 3, 1], [28.0]]","[(0, 0.0, 0.0), (1, 24, 0.8571428571428571), (2, 24, 0.8571428571428571), (3, 24, 0.8571428571428571), (4, 9, 0.32142857142857145), (5, 17, 0.6071428571428571), (6, 16, 0.5714285714285714), (7, 10, 0.35714285714285715), (8, 10, 0.35714285714285715), (9, 10, 0.35714285714285715), (10, 13, 0.4642857142857143), (11, 10, 0.35714285714285715), (12, 13, 0.4642857142857143), (13, 0.0, 0.0)]","[(1, 24.0, 24.0, 1.0, 0, 24), (2, 24.0, 24.0, 1.0, 0, 24), (3, 24.0, 24.0, 1.0, 0, 24), (4, 9.0, 20.0, 0.45, 5, 25), (5, 17.0, 22.0, 0.7727272727272727, 3, 25), (6, 16.0, 24.0, 0.6666666666666666, 2, 26), (7, 10.0, 20.0, 0.5, 6, 26), (8, 10.0, 23.0, 0.43478260869565216, 4, 27), (9, 10.0, 13.0, 0.7692307692307693, 12, 25), (10, 13.0, 14.0, 0.9285714285714286, 14, 28), (11, 10.0, 14.0, 0.7142857142857143, 14, 28), (12, 13.0, 21.0, 0.6190476190476191, 7, 28)]",180,2,51.03900003433228,0.0
47,Experiment 4,6 Layers-Batch Size = 45,3,54.0,"[[(0.0, 54.0)], [(51, 3.0)], [(51, 3.0)], [(20, 3), (25, 29.0)], [(0.0, 2.0), (3, 6), (10, 4), (15, 1), (17, 1), (20, 1), (23, 1), (27, 8), (37, 4), (44, 1), (47, 4), (52, 2.0)], [(0.0, 3.0), (6, 2), (11, 1), (13, 4), (18, 1), (22, 3), (27, 1), (29, 8), (39, 2), (43, 3), (47, 1), (52, 2.0)], [(0.0, 7.0), (9, 6), (16, 3), (20, 2), (24, 2), (27, 1), (29, 25.0)], [(0.0, 4.0), (5, 17), (23, 3), (28, 1), (30, 3), (34, 2), (37, 1), (39, 2), (46, 1), (48, 2), (51, 1), (53, 1.0)], [(0.0, 14.0), (15, 4), (20, 2), (23, 1), (29, 1), (31, 2), (34, 3), (39, 2), (42, 2), (45, 1), (49, 1), (53, 1.0)], [(0.0, 6.0), (7, 1), (9, 2), (12, 6), (22, 2), (25, 6), (32, 22.0)], [(0.0, 19.0), (21, 6), (30, 1), (33, 1), (41, 2), (48, 1)], [(0.0, 9.0), (10, 2), (13, 2), (16, 8), (25, 1), (28, 8), (37, 5), (43, 2)], [(0.0, 15.0), (16, 4), (22, 7), (31, 3), (36, 6), (45, 9.0)], [(0.0, 54.0)]]","[[54.0], [3.0], [3.0], [3, 29.0], [2.0, 6, 4, 1, 1, 1, 1, 8, 4, 1, 4, 2.0], [3.0, 2, 1, 4, 1, 3, 1, 8, 2, 3, 1, 2.0], [7.0, 6, 3, 2, 2, 1, 25.0], [4.0, 17, 3, 1, 3, 2, 1, 2, 1, 2, 1, 1.0], [14.0, 4, 2, 1, 1, 2, 3, 2, 2, 1, 1, 1.0], [6.0, 1, 2, 6, 2, 6, 22.0], [19.0, 6, 1, 1, 2, 1], [9.0, 2, 2, 8, 1, 8, 5, 2], [15.0, 4, 7, 3, 6, 9.0], [54.0]]","[(0, 0.0, 0.0), (1, 51, 0.9444444444444444), (2, 51, 0.9444444444444444), (3, 22, 0.4074074074074074), (4, 19, 0.35185185185185186), (5, 23, 0.42592592592592593), (6, 8, 0.14814814814814814), (7, 16, 0.2962962962962963), (8, 20, 0.37037037037037035), (9, 9, 0.16666666666666666), (10, 24, 0.4444444444444444), (11, 17, 0.3148148148148148), (12, 10, 0.18518518518518517), (13, 0.0, 0.0)]","[(1, 51.0, 51.0, 1.0, 0, 51), (2, 51.0, 51.0, 1.0, 0, 51), (3, 22.0, 25.0, 0.88, 0, 25), (4, 19.0, 50.0, 0.38, 2, 52), (5, 23.0, 49.0, 0.46938775510204084, 3, 52), (6, 8.0, 22.0, 0.36363636363636365, 7, 29), (7, 16.0, 49.0, 0.32653061224489793, 4, 53), (8, 20.0, 39.0, 0.5128205128205128, 14, 53), (9, 9.0, 26.0, 0.34615384615384615, 6, 32), (10, 24.0, 35.0, 0.6857142857142857, 19, 54), (11, 17.0, 45.0, 0.37777777777777777, 9, 54), (12, 10.0, 30.0, 0.3333333333333333, 15, 45)]",270,2,143.40400004386902,0.0
48,Experiment 4,3 Layers-Batch Size = 15,4,24.0,"[[(0.0, 24.0)], [(8, 1), (23, 1.0)], [(0.0, 24.0)], [(0.0, 24.0)], [(0.0, 24.0)]]","[[24.0], [1, 1.0], [], [], [24.0]]","[(0, 0.0, 0.0), (1, 22, 0.9166666666666666), (2, 24, 1.0), (3, 24, 1.0), (4, 0.0, 0.0)]","[(1, 22.0, 23.0, 0.9565217391304348, 0, 23), (2, 24.0, 24.0, 1.0, 0, 24), (3, 24.0, 24.0, 1.0, 0, 24)]",70,2,3.4580001831054688,0.0
49,Experiment 4,3 Layers-Batch Size = 30,4,42.0,"[[(0.0, 42.0)], [(0.0, 42.0)], [(0.0, 42.0)], [(0.0, 1.0), (9, 1)], [(0.0, 42.0)]]","[[42.0], [], [], [1.0, 1], [42.0]]","[(0, 0.0, 0.0), (1, 42, 1.0), (2, 42, 1.0), (3, 40, 0.9523809523809523), (4, 0.0, 0.0)]","[(1, 42.0, 42.0, 1.0, 0, 42), (2, 42.0, 42.0, 1.0, 0, 42), (3, 40.0, 41.0, 0.975609756097561, 1, 42)]",124,2,91.44000005722046,0.0
50,Experiment 4,3 Layers-Batch Size = 45,4,68.0,"[[(0.0, 68.0)], [(0.0, 68.0)], [(0.0, 68.0)], [(12, 1), (41, 1)], [(0.0, 68.0)]]","[[68.0], [], [], [1, 1], [68.0]]","[(0, 0.0, 0.0), (1, 68, 1.0), (2, 68, 1.0), (3, 66, 0.9705882352941176), (4, 0.0, 0.0)]","[(1, 68.0, 68.0, 1.0, 0, 68), (2, 68.0, 68.0, 1.0, 0, 68), (3, 66.0, 68.0, 0.9705882352941176, 0, 68)]",202,2,145.74699997901917,0.0
51,Experiment 4,4 Layers-Batch Size = 15,4,14.0,"[[(0.0, 14.0)], [(10, 4.0)], [(12, 2.0)], [(8, 6.0)], [(0.0, 2.0)], [(0.0, 2.0)], [(0.0, 2.0)], [(0.0, 14.0)]]","[[14.0], [4.0], [2.0], [6.0], [2.0], [2.0], [2.0], [14.0]]","[(0, 0.0, 0.0), (1, 10, 0.7142857142857143), (2, 12, 0.8571428571428571), (3, 8, 0.5714285714285714), (4, 12, 0.8571428571428571), (5, 12, 0.8571428571428571), (6, 12, 0.8571428571428571), (7, 0.0, 0.0)]","[(1, 10.0, 10.0, 1.0, 0, 10), (2, 12.0, 12.0, 1.0, 0, 12), (3, 8.0, 8.0, 1.0, 0, 8), (4, 12.0, 12.0, 1.0, 2, 14), (5, 12.0, 12.0, 1.0, 2, 14), (6, 12.0, 12.0, 1.0, 2, 14)]",66,2,1.0199999809265137,0.0
52,Experiment 4,4 Layers-Batch Size = 30,4,28.0,"[[(0.0, 28.0)], [(18, 1), (21, 7.0)], [(12, 3), (21, 1), (24, 4.0)], [(18, 1), (21, 7.0)], [(0.0, 2.0), (22, 2)], [(0.0, 4.0)], [(0.0, 2.0)], [(0.0, 28.0)]]","[[28.0], [1, 7.0], [3, 1, 4.0], [1, 7.0], [2.0, 2], [4.0], [2.0], [28.0]]","[(0, 0.0, 0.0), (1, 20, 0.7142857142857143), (2, 20, 0.7142857142857143), (3, 20, 0.7142857142857143), (4, 24, 0.8571428571428571), (5, 24, 0.8571428571428571), (6, 26, 0.9285714285714286), (7, 0.0, 0.0)]","[(1, 20.0, 21.0, 0.9523809523809523, 0, 21), (2, 20.0, 24.0, 0.8333333333333334, 0, 24), (3, 20.0, 21.0, 0.9523809523809523, 0, 21), (4, 24.0, 26.0, 0.9230769230769231, 2, 28), (5, 24.0, 24.0, 1.0, 4, 28), (6, 26.0, 26.0, 1.0, 2, 28)]",134,2,7.224999904632568,0.0
53,Experiment 4,4 Layers-Batch Size = 45,4,48.0,"[[(0.0, 48.0)], [(30, 1), (33, 15.0)], [(20, 2), (30, 5), (37, 11.0)], [(2, 2), (26, 5), (33, 6), (41, 7.0)], [(0.0, 2.0)], [(0.0, 2.0), (46, 2.0)], [(0.0, 2.0), (46, 2.0)], [(0.0, 48.0)]]","[[48.0], [1, 15.0], [2, 5, 11.0], [2, 5, 6, 7.0], [2.0], [2.0, 2.0], [2.0, 2.0], [48.0]]","[(0, 0.0, 0.0), (1, 32, 0.6666666666666666), (2, 30, 0.625), (3, 28, 0.5833333333333334), (4, 46, 0.9583333333333334), (5, 44, 0.9166666666666666), (6, 44, 0.9166666666666666), (7, 0.0, 0.0)]","[(1, 32.0, 33.0, 0.9696969696969697, 0, 33), (2, 30.0, 37.0, 0.8108108108108109, 0, 37), (3, 28.0, 41.0, 0.6829268292682927, 0, 41), (4, 46.0, 46.0, 1.0, 2, 48), (5, 44.0, 44.0, 1.0, 2, 46), (6, 44.0, 44.0, 1.0, 2, 46)]",224,2,25.990000009536743,0.0
54,Experiment 4,5 Layers-Batch Size = 15,4,13.0,"[[(0.0, 13.0)], [(10, 3.0)], [(10, 3.0)], [(10, 3.0)], [(0.0, 2.0), (5, 3), (11, 2.0)], [(0.0, 2.0), (3, 1), (5, 1), (9, 1), (11, 2.0)], [(0.0, 4.0), (5, 1), (7, 3), (11, 2.0)], [(0.0, 4.0), (8, 1), (12, 1.0)], [(0.0, 3.0), (4, 1)], [(0.0, 5.0), (12, 1.0)], [(0.0, 13.0)]]","[[13.0], [3.0], [3.0], [3.0], [2.0, 3, 2.0], [2.0, 1, 1, 1, 2.0], [4.0, 1, 3, 2.0], [4.0, 1, 1.0], [3.0, 1], [5.0, 1.0], [13.0]]","[(0, 0.0, 0.0), (1, 10, 0.7692307692307693), (2, 10, 0.7692307692307693), (3, 10, 0.7692307692307693), (4, 6, 0.46153846153846156), (5, 6, 0.46153846153846156), (6, 3, 0.23076923076923078), (7, 7, 0.5384615384615384), (8, 9, 0.6923076923076923), (9, 7, 0.5384615384615384), (10, 0.0, 0.0)]","[(1, 10.0, 10.0, 1.0, 0, 10), (2, 10.0, 10.0, 1.0, 0, 10), (3, 10.0, 10.0, 1.0, 0, 10), (4, 6.0, 9.0, 0.6666666666666666, 2, 11), (5, 6.0, 9.0, 0.6666666666666666, 2, 11), (6, 3.0, 7.0, 0.42857142857142855, 4, 11), (7, 7.0, 8.0, 0.875, 4, 12), (8, 9.0, 10.0, 0.9, 3, 13), (9, 7.0, 7.0, 1.0, 5, 12)]",68,2,1.86899995803833,0.0
55,Experiment 4,5 Layers-Batch Size = 30,4,22.0,"[[(0.0, 22.0)], [(20, 2.0)], [(20, 2.0)], [(20, 2.0)], [(0.0, 4.0), (5, 1), (7, 1), (10, 1), (14, 2), (21, 1.0)], [(0.0, 2.0), (4, 2), (7, 2), (10, 1), (17, 1), (19, 1), (21, 1.0)], [(0.0, 2.0), (3, 2), (6, 10), (19, 1), (21, 1.0)], [(0.0, 8.0), (9, 1), (14, 1), (20, 1)], [(0.0, 5.0), (6, 3), (10, 1), (12, 1)], [(0.0, 4.0), (13, 1), (15, 1), (20, 1)], [(0.0, 22.0)]]","[[22.0], [2.0], [2.0], [2.0], [4.0, 1, 1, 1, 2, 1.0], [2.0, 2, 2, 1, 1, 1, 1.0], [2.0, 2, 10, 1, 1.0], [8.0, 1, 1, 1], [5.0, 3, 1, 1], [4.0, 1, 1, 1], [22.0]]","[(0, 0.0, 0.0), (1, 20, 0.9090909090909091), (2, 20, 0.9090909090909091), (3, 20, 0.9090909090909091), (4, 12, 0.5454545454545454), (5, 12, 0.5454545454545454), (6, 6, 0.2727272727272727), (7, 11, 0.5), (8, 12, 0.5454545454545454), (9, 15, 0.6818181818181818), (10, 0.0, 0.0)]","[(1, 20.0, 20.0, 1.0, 0, 20), (2, 20.0, 20.0, 1.0, 0, 20), (3, 20.0, 20.0, 1.0, 0, 20), (4, 12.0, 17.0, 0.7058823529411765, 4, 21), (5, 12.0, 19.0, 0.631578947368421, 2, 21), (6, 6.0, 19.0, 0.3157894736842105, 2, 21), (7, 11.0, 14.0, 0.7857142857142857, 8, 22), (8, 12.0, 17.0, 0.7058823529411765, 5, 22), (9, 15.0, 18.0, 0.8333333333333334, 4, 22)]",128,2,12.509000062942505,0.0
56,Experiment 4,5 Layers-Batch Size = 45,4,36.0,"[[(0.0, 36.0)], [(28, 2), (32, 4.0)], [(32, 4.0)], [(20, 1), (29, 7.0)], [(0.0, 2.0), (4, 1), (6, 2), (11, 1), (14, 4), (19, 3), (23, 1), (27, 2), (30, 1), (33, 3.0)], [(0.0, 9.0), (10, 1), (13, 3), (21, 1), (25, 1), (27, 2), (30, 2), (34, 2.0)], [(0.0, 2.0), (3, 1), (5, 1), (7, 1), (9, 3), (15, 1), (19, 1), (21, 2), (24, 4), (29, 2), (32, 4.0)], [(0.0, 3.0)], [(0.0, 5.0), (6, 4), (14, 1), (18, 1), (27, 1)], [(0.0, 6.0)], [(0.0, 36.0)]]","[[36.0], [2, 4.0], [4.0], [1, 7.0], [2.0, 1, 2, 1, 4, 3, 1, 2, 1, 3.0], [9.0, 1, 3, 1, 1, 2, 2, 2.0], [2.0, 1, 1, 1, 3, 1, 1, 2, 4, 2, 4.0], [3.0], [5.0, 4, 1, 1, 1], [6.0], [36.0]]","[(0, 0.0, 0.0), (1, 30, 0.8333333333333334), (2, 32, 0.8888888888888888), (3, 28, 0.7777777777777778), (4, 16, 0.4444444444444444), (5, 15, 0.4166666666666667), (6, 14, 0.3888888888888889), (7, 33, 0.9166666666666666), (8, 24, 0.6666666666666666), (9, 30, 0.8333333333333334), (10, 0.0, 0.0)]","[(1, 30.0, 32.0, 0.9375, 0, 32), (2, 32.0, 32.0, 1.0, 0, 32), (3, 28.0, 29.0, 0.9655172413793104, 0, 29), (4, 16.0, 31.0, 0.5161290322580645, 2, 33), (5, 15.0, 25.0, 0.6, 9, 34), (6, 14.0, 30.0, 0.4666666666666667, 2, 32), (7, 33.0, 33.0, 1.0, 3, 36), (8, 24.0, 31.0, 0.7741935483870968, 5, 36), (9, 30.0, 30.0, 1.0, 6, 36)]",222,2,63.11399984359741,0.0
57,Experiment 4,6 Layers-Batch Size = 15,4,10.0,"[[(0.0, 10.0)], [(5, 5.0)], [(7, 3.0)], [(3, 7.0)], [(0.0, 1.0), (6, 4.0)], [(0.0, 1.0), (8, 2.0)], [(0.0, 1.0), (3, 1), (5, 5.0)], [(0.0, 2.0), (4, 1), (9, 1.0)], [(0.0, 2.0), (8, 2.0)], [(0.0, 2.0), (3, 2), (6, 2), (9, 1.0)], [(0.0, 3.0)], [(0.0, 3.0)], [(0.0, 3.0)], [(0.0, 10.0)]]","[[10.0], [5.0], [3.0], [7.0], [1.0, 4.0], [1.0, 2.0], [1.0, 1, 5.0], [2.0, 1, 1.0], [2.0, 2.0], [2.0, 2, 2, 1.0], [3.0], [3.0], [3.0], [10.0]]","[(0, 0.0, 0.0), (1, 5, 0.5), (2, 7, 0.7), (3, 3, 0.3), (4, 5, 0.5), (5, 7, 0.7), (6, 3, 0.3), (7, 6, 0.6), (8, 6, 0.6), (9, 3, 0.3), (10, 7, 0.7), (11, 7, 0.7), (12, 7, 0.7), (13, 0.0, 0.0)]","[(1, 5.0, 5.0, 1.0, 0, 5), (2, 7.0, 7.0, 1.0, 0, 7), (3, 3.0, 3.0, 1.0, 0, 3), (4, 5.0, 5.0, 1.0, 1, 6), (5, 7.0, 7.0, 1.0, 1, 8), (6, 3.0, 4.0, 0.75, 1, 5), (7, 6.0, 7.0, 0.8571428571428571, 2, 9), (8, 6.0, 6.0, 1.0, 2, 8), (9, 3.0, 7.0, 0.42857142857142855, 2, 9), (10, 7.0, 7.0, 1.0, 3, 10), (11, 7.0, 7.0, 1.0, 3, 10), (12, 7.0, 7.0, 1.0, 3, 10)]",66,2,1.6050000190734863,0.0
58,Experiment 4,6 Layers-Batch Size = 30,4,21.0,"[[(0.0, 21.0)], [(6, 1), (8, 1), (11, 10.0)], [(10, 11.0)], [(9, 1), (12, 9.0)], [(0.0, 1.0), (3, 1), (8, 2), (11, 1), (15, 6.0)], [(0.0, 1.0), (2, 1), (12, 9.0)], [(0.0, 1.0), (10, 1), (12, 9.0)], [(0.0, 2.0), (4, 1), (6, 1), (9, 1), (11, 3), (16, 5.0)], [(0.0, 2.0), (3, 1), (13, 5), (19, 2.0)], [(0.0, 3.0), (7, 2), (15, 2), (18, 3.0)], [(0.0, 4.0)], [(0.0, 3.0), (20, 1.0)], [(0.0, 3.0)], [(0.0, 21.0)]]","[[21.0], [1, 1, 10.0], [11.0], [1, 9.0], [1.0, 1, 2, 1, 6.0], [1.0, 1, 9.0], [1.0, 1, 9.0], [2.0, 1, 1, 1, 3, 5.0], [2.0, 1, 5, 2.0], [3.0, 2, 2, 3.0], [4.0], [3.0, 1.0], [3.0], [21.0]]","[(0, 0.0, 0.0), (1, 9, 0.42857142857142855), (2, 10, 0.47619047619047616), (3, 11, 0.5238095238095238), (4, 10, 0.47619047619047616), (5, 10, 0.47619047619047616), (6, 10, 0.47619047619047616), (7, 8, 0.38095238095238093), (8, 11, 0.5238095238095238), (9, 11, 0.5238095238095238), (10, 17, 0.8095238095238095), (11, 17, 0.8095238095238095), (12, 18, 0.8571428571428571), (13, 0.0, 0.0)]","[(1, 9.0, 11.0, 0.8181818181818182, 0, 11), (2, 10.0, 10.0, 1.0, 0, 10), (3, 11.0, 12.0, 0.9166666666666666, 0, 12), (4, 10.0, 14.0, 0.7142857142857143, 1, 15), (5, 10.0, 11.0, 0.9090909090909091, 1, 12), (6, 10.0, 11.0, 0.9090909090909091, 1, 12), (7, 8.0, 14.0, 0.5714285714285714, 2, 16), (8, 11.0, 17.0, 0.6470588235294118, 2, 19), (9, 11.0, 15.0, 0.7333333333333333, 3, 18), (10, 17.0, 17.0, 1.0, 4, 21), (11, 17.0, 17.0, 1.0, 3, 20), (12, 18.0, 18.0, 1.0, 3, 21)]",142,2,3.437999963760376,0.0
59,Experiment 4,6 Layers-Batch Size = 45,4,26.0,"[[(0.0, 26.0)], [(7, 1), (10, 1), (14, 1), (16, 10.0)], [(16, 10.0)], [(16, 10.0)], [(0.0, 1.0), (4, 1), (11, 1), (15, 1), (17, 1), (19, 7.0)], [(0.0, 1.0), (4, 2), (17, 2), (20, 3), (24, 2.0)], [(0.0, 1.0), (8, 1), (16, 1), (18, 8.0)], [(0.0, 2.0), (5, 3), (10, 1), (17, 9.0)], [(0.0, 2.0), (3, 1), (7, 1), (11, 1), (13, 1), (15, 1), (23, 1), (25, 1.0)], [(0.0, 2.0), (6, 1), (10, 1), (19, 1), (21, 1), (23, 3.0)], [(0.0, 3.0)], [(0.0, 3.0)], [(0.0, 3.0)], [(0.0, 26.0)]]","[[26.0], [1, 1, 1, 10.0], [10.0], [10.0], [1.0, 1, 1, 1, 1, 7.0], [1.0, 2, 2, 3, 2.0], [1.0, 1, 1, 8.0], [2.0, 3, 1, 9.0], [2.0, 1, 1, 1, 1, 1, 1, 1.0], [2.0, 1, 1, 1, 1, 3.0], [3.0], [3.0], [3.0], [26.0]]","[(0, 0.0, 0.0), (1, 13, 0.5), (2, 16, 0.6153846153846154), (3, 16, 0.6153846153846154), (4, 14, 0.5384615384615384), (5, 16, 0.6153846153846154), (6, 15, 0.5769230769230769), (7, 11, 0.4230769230769231), (8, 17, 0.6538461538461539), (9, 17, 0.6538461538461539), (10, 23, 0.8846153846153846), (11, 23, 0.8846153846153846), (12, 23, 0.8846153846153846), (13, 0.0, 0.0)]","[(1, 13.0, 16.0, 0.8125, 0, 16), (2, 16.0, 16.0, 1.0, 0, 16), (3, 16.0, 16.0, 1.0, 0, 16), (4, 14.0, 18.0, 0.7777777777777778, 1, 19), (5, 16.0, 23.0, 0.6956521739130435, 1, 24), (6, 15.0, 17.0, 0.8823529411764706, 1, 18), (7, 11.0, 15.0, 0.7333333333333333, 2, 17), (8, 17.0, 23.0, 0.7391304347826086, 2, 25), (9, 17.0, 21.0, 0.8095238095238095, 2, 23), (10, 23.0, 23.0, 1.0, 3, 26), (11, 23.0, 23.0, 1.0, 3, 26), (12, 23.0, 23.0, 1.0, 3, 26)]",204,2,105.68999981880188,0.0
60,Experiment 4,3 Layers-Batch Size = 15,5,32.0,"[[(0.0, 32.0)], [(0.0, 32.0)], [(0.0, 32.0)], [(0.0, 32.0)], [(0.0, 32.0)]]","[[32.0], [], [], [], [32.0]]","[(0, 0.0, 0.0), (1, 32, 1.0), (2, 32, 1.0), (3, 32, 1.0), (4, 0.0, 0.0)]","[(1, 32.0, 32.0, 1.0, 0, 32), (2, 32.0, 32.0, 1.0, 0, 32), (3, 32.0, 32.0, 1.0, 0, 32)]",96,2,3.766999959945679,0.0
61,Experiment 4,3 Layers-Batch Size = 30,5,64.0,"[[(0.0, 64.0)], [(0.0, 64.0)], [(26, 1), (56, 1)], [(0.0, 64.0)], [(0.0, 64.0)]]","[[64.0], [], [1, 1], [], [64.0]]","[(0, 0.0, 0.0), (1, 64, 1.0), (2, 62, 0.96875), (3, 64, 1.0), (4, 0.0, 0.0)]","[(1, 64.0, 64.0, 1.0, 0, 64), (2, 62.0, 64.0, 0.96875, 0, 64), (3, 64.0, 64.0, 1.0, 0, 64)]",190,2,27.32800006866455,0.0
62,Experiment 4,3 Layers-Batch Size = 45,5,89.0,"[[(0.0, 89.0)], [(0.0, 89.0)], [(0.0, 89.0)], [(0.0, 89.0)], [(0.0, 89.0)]]","[[89.0], [], [], [], [89.0]]","[(0, 0.0, 0.0), (1, 89, 1.0), (2, 89, 1.0), (3, 89, 1.0), (4, 0.0, 0.0)]","[(1, 89.0, 89.0, 1.0, 0, 89), (2, 89.0, 89.0, 1.0, 0, 89), (3, 89.0, 89.0, 1.0, 0, 89)]",267,2,774.154000043869,0.0
63,Experiment 4,4 Layers-Batch Size = 15,5,20.0,"[[(0.0, 20.0)], [(13, 7.0)], [(5, 2), (12, 8.0)], [(8, 1), (11, 9.0)], [(0.0, 2.0)], [(0.0, 2.0)], [(0.0, 2.0), (10, 1)], [(0.0, 20.0)]]","[[20.0], [7.0], [2, 8.0], [1, 9.0], [2.0], [2.0], [2.0, 1], [20.0]]","[(0, 0.0, 0.0), (1, 13, 0.65), (2, 10, 0.5), (3, 10, 0.5), (4, 18, 0.9), (5, 18, 0.9), (6, 17, 0.85), (7, 0.0, 0.0)]","[(1, 13.0, 13.0, 1.0, 0, 13), (2, 10.0, 12.0, 0.8333333333333334, 0, 12), (3, 10.0, 11.0, 0.9090909090909091, 0, 11), (4, 18.0, 18.0, 1.0, 2, 20), (5, 18.0, 18.0, 1.0, 2, 20), (6, 17.0, 18.0, 0.9444444444444444, 2, 20)]",86,2,2.0820000171661377,0.0
64,Experiment 4,4 Layers-Batch Size = 30,5,42.0,"[[(0.0, 42.0)], [(10, 2), (15, 2), (20, 1), (23, 1), (27, 15.0)], [(11, 1), (17, 2), (22, 6), (31, 11.0)], [(16, 4), (22, 2), (26, 2), (30, 1), (35, 7.0)], [(0.0, 2.0), (35, 1)], [(0.0, 2.0)], [(0.0, 2.0), (41, 1.0)], [(0.0, 42.0)]]","[[42.0], [2, 2, 1, 1, 15.0], [1, 2, 6, 11.0], [4, 2, 2, 1, 7.0], [2.0, 1], [2.0], [2.0, 1.0], [42.0]]","[(0, 0.0, 0.0), (1, 21, 0.5), (2, 22, 0.5238095238095238), (3, 26, 0.6190476190476191), (4, 39, 0.9285714285714286), (5, 40, 0.9523809523809523), (6, 39, 0.9285714285714286), (7, 0.0, 0.0)]","[(1, 21.0, 27.0, 0.7777777777777778, 0, 27), (2, 22.0, 31.0, 0.7096774193548387, 0, 31), (3, 26.0, 35.0, 0.7428571428571429, 0, 35), (4, 39.0, 40.0, 0.975, 2, 42), (5, 40.0, 40.0, 1.0, 2, 42), (6, 39.0, 39.0, 1.0, 2, 41)]",187,2,14.592000007629396,0.0
65,Experiment 4,4 Layers-Batch Size = 45,5,57.0,"[[(0.0, 57.0)], [(48, 3), (54, 3.0)], [(54, 3.0)], [(14, 4), (20, 1), (25, 32.0)], [(0.0, 6.0)], [(0.0, 3.0)], [(0.0, 2.0), (12, 1), (16, 2), (30, 1), (42, 15.0)], [(0.0, 57.0)]]","[[57.0], [3, 3.0], [3.0], [4, 1, 32.0], [6.0], [3.0], [2.0, 1, 2, 1, 15.0], [57.0]]","[(0, 0.0, 0.0), (1, 51, 0.8947368421052632), (2, 54, 0.9473684210526315), (3, 20, 0.3508771929824561), (4, 51, 0.8947368421052632), (5, 54, 0.9473684210526315), (6, 36, 0.631578947368421), (7, 0.0, 0.0)]","[(1, 51.0, 54.0, 0.9444444444444444, 0, 54), (2, 54.0, 54.0, 1.0, 0, 54), (3, 20.0, 25.0, 0.8, 0, 25), (4, 51.0, 51.0, 1.0, 6, 57), (5, 54.0, 54.0, 1.0, 3, 57), (6, 36.0, 40.0, 0.9, 2, 42)]",266,2,50.00499987602234,0.0
66,Experiment 4,5 Layers-Batch Size = 15,5,17.0,"[[(0.0, 17.0)], [(0.0, 1.0), (13, 4.0)], [(14, 3.0)], [(12, 5.0)], [(0.0, 4.0), (5, 1), (7, 1), (15, 2.0)], [(0.0, 2.0), (6, 1), (15, 2.0)], [(0.0, 2.0), (14, 3.0)], [(0.0, 7.0), (11, 1), (16, 1.0)], [(0.0, 5.0), (7, 3)], [(0.0, 6.0), (7, 3), (16, 1.0)], [(0.0, 17.0)]]","[[17.0], [1.0, 4.0], [3.0], [5.0], [4.0, 1, 1, 2.0], [2.0, 1, 2.0], [2.0, 3.0], [7.0, 1, 1.0], [5.0, 3], [6.0, 3, 1.0], [17.0]]","[(0, 0.0, 0.0), (1, 12, 0.7058823529411765), (2, 14, 0.8235294117647058), (3, 12, 0.7058823529411765), (4, 9, 0.5294117647058824), (5, 12, 0.7058823529411765), (6, 12, 0.7058823529411765), (7, 8, 0.47058823529411764), (8, 9, 0.5294117647058824), (9, 7, 0.4117647058823529), (10, 0.0, 0.0)]","[(1, 12.0, 12.0, 1.0, 1, 13), (2, 14.0, 14.0, 1.0, 0, 14), (3, 12.0, 12.0, 1.0, 0, 12), (4, 9.0, 11.0, 0.8181818181818182, 4, 15), (5, 12.0, 13.0, 0.9230769230769231, 2, 15), (6, 12.0, 12.0, 1.0, 2, 14), (7, 8.0, 9.0, 0.8888888888888888, 7, 16), (8, 9.0, 12.0, 0.75, 5, 17), (9, 7.0, 10.0, 0.7, 6, 16)]",95,2,4.51200008392334,0.0
67,Experiment 4,5 Layers-Batch Size = 30,5,39.0,"[[(0.0, 39.0)], [(36, 3.0)], [(36, 3.0)], [(4, 1), (9, 1), (14, 25.0)], [(0.0, 4.0), (5, 2), (11, 1), (13, 3), (19, 2), (22, 2), (25, 2), (29, 1), (31, 5), (37, 2.0)], [(0.0, 3.0), (5, 7), (13, 3), (17, 2), (20, 5), (26, 1), (28, 2), (31, 2), (35, 1), (37, 2.0)], [(0.0, 10.0), (14, 2), (18, 7), (26, 13.0)], [(0.0, 7.0), (9, 3), (16, 2), (30, 1)], [(0.0, 11.0), (15, 2), (19, 2)], [(0.0, 18.0), (19, 1), (22, 8), (32, 3)], [(0.0, 39.0)]]","[[39.0], [3.0], [3.0], [1, 1, 25.0], [4.0, 2, 1, 3, 2, 2, 2, 1, 5, 2.0], [3.0, 7, 3, 2, 5, 1, 2, 2, 1, 2.0], [10.0, 2, 7, 13.0], [7.0, 3, 2, 1], [11.0, 2, 2], [18.0, 1, 8, 3], [39.0]]","[(0, 0.0, 0.0), (1, 36, 0.9230769230769231), (2, 36, 0.9230769230769231), (3, 12, 0.3076923076923077), (4, 15, 0.38461538461538464), (5, 11, 0.28205128205128205), (6, 7, 0.1794871794871795), (7, 26, 0.6666666666666666), (8, 24, 0.6153846153846154), (9, 9, 0.23076923076923078), (10, 0.0, 0.0)]","[(1, 36.0, 36.0, 1.0, 0, 36), (2, 36.0, 36.0, 1.0, 0, 36), (3, 12.0, 14.0, 0.8571428571428571, 0, 14), (4, 15.0, 33.0, 0.45454545454545453, 4, 37), (5, 11.0, 34.0, 0.3235294117647059, 3, 37), (6, 7.0, 16.0, 0.4375, 10, 26), (7, 26.0, 32.0, 0.8125, 7, 39), (8, 24.0, 28.0, 0.8571428571428571, 11, 39), (9, 9.0, 21.0, 0.42857142857142855, 18, 39)]",176,2,33.02500009536743,0.0
68,Experiment 4,5 Layers-Batch Size = 45,5,47.0,"[[(0.0, 47.0)], [(17, 1), (34, 13.0)], [(4, 1), (11, 1), (24, 3), (32, 1), (35, 1), (38, 9.0)], [(22, 1), (27, 1), (30, 2), (34, 4), (40, 7.0)], [(0.0, 5.0), (6, 1), (8, 2), (12, 1), (14, 1), (20, 1), (26, 2), (29, 1), (32, 1), (36, 3), (40, 1), (42, 5.0)], [(0.0, 2.0), (46, 1.0)], [(0.0, 2.0), (46, 1.0)], [(0.0, 17.0), (19, 1), (22, 2), (32, 1), (37, 1), (42, 1), (45, 2.0)], [(0.0, 11.0), (12, 8), (23, 2), (27, 2), (32, 1), (38, 1), (41, 1), (43, 3)], [(0.0, 9.0), (11, 2), (14, 2), (21, 1), (23, 1), (29, 2), (42, 1), (44, 1)], [(0.0, 47.0)]]","[[47.0], [1, 13.0], [1, 1, 3, 1, 1, 9.0], [1, 1, 2, 4, 7.0], [5.0, 1, 2, 1, 1, 1, 2, 1, 1, 3, 1, 5.0], [2.0, 1.0], [2.0, 1.0], [17.0, 1, 2, 1, 1, 1, 2.0], [11.0, 8, 2, 2, 1, 1, 1, 3], [9.0, 2, 2, 1, 1, 2, 1, 1], [47.0]]","[(0, 0.0, 0.0), (1, 33, 0.7021276595744681), (2, 31, 0.6595744680851063), (3, 32, 0.6808510638297872), (4, 23, 0.48936170212765956), (5, 44, 0.9361702127659575), (6, 44, 0.9361702127659575), (7, 22, 0.46808510638297873), (8, 18, 0.3829787234042553), (9, 28, 0.5957446808510638), (10, 0.0, 0.0)]","[(1, 33.0, 34.0, 0.9705882352941176, 0, 34), (2, 31.0, 38.0, 0.8157894736842105, 0, 38), (3, 32.0, 40.0, 0.8, 0, 40), (4, 23.0, 37.0, 0.6216216216216216, 5, 42), (5, 44.0, 44.0, 1.0, 2, 46), (6, 44.0, 44.0, 1.0, 2, 46), (7, 22.0, 28.0, 0.7857142857142857, 17, 45), (8, 18.0, 36.0, 0.5, 11, 47), (9, 28.0, 38.0, 0.7368421052631579, 9, 47)]",275,2,37.43700003623962,0.0
69,Experiment 4,6 Layers-Batch Size = 15,5,13.0,"[[(0.0, 13.0)], [(5, 8.0)], [(5, 8.0)], [(5, 8.0)], [(0.0, 1.0), (3, 1), (7, 6.0)], [(0.0, 1.0), (8, 5.0)], [(0.0, 1.0), (8, 5.0)], [(0.0, 3.0), (11, 2.0)], [(0.0, 3.0), (4, 1), (11, 2.0)], [(0.0, 2.0), (11, 2.0)], [(0.0, 4.0), (8, 1)], [(0.0, 4.0)], [(0.0, 3.0)], [(0.0, 13.0)]]","[[13.0], [8.0], [8.0], [8.0], [1.0, 1, 6.0], [1.0, 5.0], [1.0, 5.0], [3.0, 2.0], [3.0, 1, 2.0], [2.0, 2.0], [4.0, 1], [4.0], [3.0], [13.0]]","[(0, 0.0, 0.0), (1, 5, 0.38461538461538464), (2, 5, 0.38461538461538464), (3, 5, 0.38461538461538464), (4, 5, 0.38461538461538464), (5, 7, 0.5384615384615384), (6, 7, 0.5384615384615384), (7, 8, 0.6153846153846154), (8, 7, 0.5384615384615384), (9, 9, 0.6923076923076923), (10, 8, 0.6153846153846154), (11, 9, 0.6923076923076923), (12, 10, 0.7692307692307693), (13, 0.0, 0.0)]","[(1, 5.0, 5.0, 1.0, 0, 5), (2, 5.0, 5.0, 1.0, 0, 5), (3, 5.0, 5.0, 1.0, 0, 5), (4, 5.0, 6.0, 0.8333333333333334, 1, 7), (5, 7.0, 7.0, 1.0, 1, 8), (6, 7.0, 7.0, 1.0, 1, 8), (7, 8.0, 8.0, 1.0, 3, 11), (8, 7.0, 8.0, 0.875, 3, 11), (9, 9.0, 9.0, 1.0, 2, 11), (10, 8.0, 9.0, 0.8888888888888888, 4, 13), (11, 9.0, 9.0, 1.0, 4, 13), (12, 10.0, 10.0, 1.0, 3, 13)]",85,2,3.5369999408721924,0.0
70,Experiment 4,6 Layers-Batch Size = 30,5,23.0,"[[(0.0, 23.0)], [(9, 1), (15, 8.0)], [(5, 2), (10, 13.0)], [(7, 2), (10, 13.0)], [(0.0, 1.0), (10, 1), (14, 3), (18, 5.0)], [(0.0, 1.0), (9, 1), (15, 8.0)], [(0.0, 1.0), (13, 3), (17, 6.0)], [(0.0, 2.0), (3, 1), (5, 1), (12, 1), (17, 1), (19, 4.0)], [(0.0, 3.0), (4, 1), (6, 4), (16, 7.0)], [(0.0, 2.0), (4, 1), (7, 1), (12, 2), (15, 1), (19, 4.0)], [(0.0, 3.0)], [(0.0, 4.0)], [(0.0, 3.0)], [(0.0, 23.0)]]","[[23.0], [1, 8.0], [2, 13.0], [2, 13.0], [1.0, 1, 3, 5.0], [1.0, 1, 8.0], [1.0, 3, 6.0], [2.0, 1, 1, 1, 1, 4.0], [3.0, 1, 4, 7.0], [2.0, 1, 1, 2, 1, 4.0], [3.0], [4.0], [3.0], [23.0]]","[(0, 0.0, 0.0), (1, 14, 0.6086956521739131), (2, 8, 0.34782608695652173), (3, 8, 0.34782608695652173), (4, 13, 0.5652173913043478), (5, 13, 0.5652173913043478), (6, 13, 0.5652173913043478), (7, 13, 0.5652173913043478), (8, 8, 0.34782608695652173), (9, 12, 0.5217391304347826), (10, 20, 0.8695652173913043), (11, 19, 0.8260869565217391), (12, 20, 0.8695652173913043), (13, 0.0, 0.0)]","[(1, 14.0, 15.0, 0.9333333333333333, 0, 15), (2, 8.0, 10.0, 0.8, 0, 10), (3, 8.0, 10.0, 0.8, 0, 10), (4, 13.0, 17.0, 0.7647058823529411, 1, 18), (5, 13.0, 14.0, 0.9285714285714286, 1, 15), (6, 13.0, 16.0, 0.8125, 1, 17), (7, 13.0, 17.0, 0.7647058823529411, 2, 19), (8, 8.0, 13.0, 0.6153846153846154, 3, 16), (9, 12.0, 17.0, 0.7058823529411765, 2, 19), (10, 20.0, 20.0, 1.0, 3, 23), (11, 19.0, 19.0, 1.0, 4, 23), (12, 20.0, 20.0, 1.0, 3, 23)]",161,2,24.02300000190735,0.0
71,Experiment 4,6 Layers-Batch Size = 45,5,31.0,"[[(0.0, 31.0)], [(11, 1), (16, 15.0)], [(10, 1), (13, 1), (16, 5), (22, 9.0)], [(12, 1), (15, 2), (18, 13.0)], [(0.0, 1.0), (24, 7.0)], [(0.0, 1.0), (22, 1), (25, 6.0)], [(0.0, 1.0), (14, 1), (20, 2), (23, 8.0)], [(0.0, 2.0), (28, 3.0)], [(0.0, 2.0), (30, 1.0)], [(0.0, 2.0), (29, 2.0)], [(0.0, 5.0)], [(0.0, 6.0)], [(0.0, 4.0)], [(0.0, 31.0)]]","[[31.0], [1, 15.0], [1, 1, 5, 9.0], [1, 2, 13.0], [1.0, 7.0], [1.0, 1, 6.0], [1.0, 1, 2, 8.0], [2.0, 3.0], [2.0, 1.0], [2.0, 2.0], [5.0], [6.0], [4.0], [31.0]]","[(0, 0.0, 0.0), (1, 15, 0.4838709677419355), (2, 15, 0.4838709677419355), (3, 15, 0.4838709677419355), (4, 23, 0.7419354838709677), (5, 23, 0.7419354838709677), (6, 19, 0.6129032258064516), (7, 26, 0.8387096774193549), (8, 28, 0.9032258064516129), (9, 27, 0.8709677419354839), (10, 26, 0.8387096774193549), (11, 25, 0.8064516129032258), (12, 27, 0.8709677419354839), (13, 0.0, 0.0)]","[(1, 15.0, 16.0, 0.9375, 0, 16), (2, 15.0, 22.0, 0.6818181818181818, 0, 22), (3, 15.0, 18.0, 0.8333333333333334, 0, 18), (4, 23.0, 23.0, 1.0, 1, 24), (5, 23.0, 24.0, 0.9583333333333334, 1, 25), (6, 19.0, 22.0, 0.8636363636363636, 1, 23), (7, 26.0, 26.0, 1.0, 2, 28), (8, 28.0, 28.0, 1.0, 2, 30), (9, 27.0, 27.0, 1.0, 2, 29), (10, 26.0, 26.0, 1.0, 5, 31), (11, 25.0, 25.0, 1.0, 6, 31), (12, 27.0, 27.0, 1.0, 4, 31)]",269,2,445.2330000400543,0.0
72,Experiment 4,3 Layers-Batch Size = 15,6,28.0,"[[(0.0, 28.0)], [(0.0, 28.0)], [(5, 1), (27, 1.0)], [(0.0, 28.0)], [(0.0, 28.0)]]","[[28.0], [], [1, 1.0], [], [28.0]]","[(0, 0.0, 0.0), (1, 28, 1.0), (2, 26, 0.9285714285714286), (3, 28, 1.0), (4, 0.0, 0.0)]","[(1, 28.0, 28.0, 1.0, 0, 28), (2, 26.0, 27.0, 0.9629629629629629, 0, 27), (3, 28.0, 28.0, 1.0, 0, 28)]",82,2,4.013999938964844,0.0
73,Experiment 4,3 Layers-Batch Size = 30,6,59.0,"[[(0.0, 59.0)], [(46, 1)], [(0.0, 59.0)], [(0.0, 59.0)], [(0.0, 59.0)]]","[[59.0], [1], [], [], [59.0]]","[(0, 0.0, 0.0), (1, 58, 0.9830508474576272), (2, 59, 1.0), (3, 59, 1.0), (4, 0.0, 0.0)]","[(1, 58.0, 59.0, 0.9830508474576272, 0, 59), (2, 59.0, 59.0, 1.0, 0, 59), (3, 59.0, 59.0, 1.0, 0, 59)]",176,2,98.01600003242493,0.0
74,Experiment 4,3 Layers-Batch Size = 45,6,79.0,"[[(0.0, 79.0)], [(0.0, 79.0)], [(63, 1)], [(0.0, 79.0)], [(0.0, 79.0)]]","[[79.0], [], [1], [], [79.0]]","[(0, 0.0, 0.0), (1, 79, 1.0), (2, 78, 0.9873417721518988), (3, 79, 1.0), (4, 0.0, 0.0)]","[(1, 79.0, 79.0, 1.0, 0, 79), (2, 78.0, 79.0, 0.9873417721518988, 0, 79), (3, 79.0, 79.0, 1.0, 0, 79)]",236,2,588.5719997882843,0.0
75,Experiment 4,4 Layers-Batch Size = 15,6,22.0,"[[(0.0, 22.0)], [(15, 1), (19, 3.0)], [(20, 2.0)], [(16, 6.0)], [(0.0, 3.0), (6, 5), (13, 3)], [(0.0, 4.0), (10, 3), (17, 1)], [(0.0, 11.0), (15, 2), (19, 1)], [(0.0, 22.0)]]","[[22.0], [1, 3.0], [2.0], [6.0], [3.0, 5, 3], [4.0, 3, 1], [11.0, 2, 1], [22.0]]","[(0, 0.0, 0.0), (1, 18, 0.8181818181818182), (2, 20, 0.9090909090909091), (3, 16, 0.7272727272727273), (4, 11, 0.5), (5, 14, 0.6363636363636364), (6, 8, 0.36363636363636365), (7, 0.0, 0.0)]","[(1, 18.0, 19.0, 0.9473684210526315, 0, 19), (2, 20.0, 20.0, 1.0, 0, 20), (3, 16.0, 16.0, 1.0, 0, 16), (4, 11.0, 19.0, 0.5789473684210527, 3, 22), (5, 14.0, 18.0, 0.7777777777777778, 4, 22), (6, 8.0, 11.0, 0.7272727272727273, 11, 22)]",87,2,1.255000114440918,0.0
76,Experiment 4,4 Layers-Batch Size = 30,6,46.0,"[[(0.0, 46.0)], [(0.0, 1.0), (16, 1), (20, 2), (25, 1), (32, 14.0)], [(36, 4), (44, 2.0)], [(44, 2.0)], [(0.0, 11.0), (14, 3), (20, 1), (24, 2), (29, 1), (32, 3), (38, 8.0)], [(0.0, 10.0), (12, 4), (18, 1), (21, 1), (26, 2), (42, 2)], [(0.0, 4.0), (6, 5), (13, 4), (22, 4), (30, 2), (34, 1), (39, 1), (42, 2)], [(0.0, 46.0)]]","[[46.0], [1.0, 1, 2, 1, 14.0], [4, 2.0], [2.0], [11.0, 3, 1, 2, 1, 3, 8.0], [10.0, 4, 1, 1, 2, 2], [4.0, 5, 4, 4, 2, 1, 1, 2], [46.0]]","[(0, 0.0, 0.0), (1, 27, 0.5869565217391305), (2, 40, 0.8695652173913043), (3, 44, 0.9565217391304348), (4, 17, 0.3695652173913043), (5, 26, 0.5652173913043478), (6, 23, 0.5), (7, 0.0, 0.0)]","[(1, 27.0, 31.0, 0.8709677419354839, 1, 32), (2, 40.0, 44.0, 0.9090909090909091, 0, 44), (3, 44.0, 44.0, 1.0, 0, 44), (4, 17.0, 27.0, 0.6296296296296297, 11, 38), (5, 26.0, 36.0, 0.7222222222222222, 10, 46), (6, 23.0, 42.0, 0.5476190476190477, 4, 46)]",177,2,4.831000089645386,0.0
77,Experiment 4,4 Layers-Batch Size = 45,6,52.0,"[[(0.0, 52.0)], [(48, 4.0)], [(50, 2.0)], [(50, 2.0)], [(0.0, 4.0), (10, 1), (14, 1), (18, 1), (31, 1), (38, 1), (51, 1.0)], [(0.0, 5.0), (7, 12), (21, 1), (26, 1), (29, 1), (32, 1), (37, 1)], [(0.0, 4.0), (10, 1), (29, 1)], [(0.0, 52.0)]]","[[52.0], [4.0], [2.0], [2.0], [4.0, 1, 1, 1, 1, 1, 1.0], [5.0, 12, 1, 1, 1, 1, 1], [4.0, 1, 1], [52.0]]","[(0, 0.0, 0.0), (1, 48, 0.9230769230769231), (2, 50, 0.9615384615384616), (3, 50, 0.9615384615384616), (4, 42, 0.8076923076923077), (5, 30, 0.5769230769230769), (6, 46, 0.8846153846153846), (7, 0.0, 0.0)]","[(1, 48.0, 48.0, 1.0, 0, 48), (2, 50.0, 50.0, 1.0, 0, 50), (3, 50.0, 50.0, 1.0, 0, 50), (4, 42.0, 47.0, 0.8936170212765957, 4, 51), (5, 30.0, 47.0, 0.6382978723404256, 5, 52), (6, 46.0, 48.0, 0.9583333333333334, 4, 52)]",266,2,296.9960000514984,0.0
78,Experiment 4,5 Layers-Batch Size = 15,6,19.0,"[[(0.0, 19.0)], [(15, 4.0)], [(17, 2.0)], [(16, 3.0)], [(0.0, 3.0), (6, 1), (11, 8.0)], [(0.0, 11.0), (13, 1), (16, 1), (18, 1.0)], [(0.0, 4.0), (6, 1), (12, 2), (15, 1), (18, 1.0)], [(0.0, 9.0), (10, 1), (12, 1), (14, 2), (17, 2.0)], [(0.0, 6.0), (7, 5), (14, 1), (17, 1)], [(0.0, 8.0), (9, 1), (13, 5)], [(0.0, 19.0)]]","[[19.0], [4.0], [2.0], [3.0], [3.0, 1, 8.0], [11.0, 1, 1, 1.0], [4.0, 1, 2, 1, 1.0], [9.0, 1, 1, 2, 2.0], [6.0, 5, 1, 1], [8.0, 1, 5], [19.0]]","[(0, 0.0, 0.0), (1, 15, 0.7894736842105263), (2, 17, 0.8947368421052632), (3, 16, 0.8421052631578947), (4, 7, 0.3684210526315789), (5, 5, 0.2631578947368421), (6, 10, 0.5263157894736842), (7, 4, 0.21052631578947367), (8, 6, 0.3157894736842105), (9, 5, 0.2631578947368421), (10, 0.0, 0.0)]","[(1, 15.0, 15.0, 1.0, 0, 15), (2, 17.0, 17.0, 1.0, 0, 17), (3, 16.0, 16.0, 1.0, 0, 16), (4, 7.0, 8.0, 0.875, 3, 11), (5, 5.0, 7.0, 0.7142857142857143, 11, 18), (6, 10.0, 14.0, 0.7142857142857143, 4, 18), (7, 4.0, 8.0, 0.5, 9, 17), (8, 6.0, 13.0, 0.46153846153846156, 6, 19), (9, 5.0, 11.0, 0.45454545454545453, 8, 19)]",85,2,3.115000009536743,0.0
79,Experiment 4,5 Layers-Batch Size = 30,6,36.0,"[[(0.0, 36.0)], [(33, 3.0)], [(34, 2.0)], [(33, 3.0)], [(0.0, 5.0), (7, 4), (13, 3), (18, 1), (23, 1), (33, 3.0)], [(0.0, 3.0), (4, 6), (11, 6), (18, 1), (20, 1), (22, 1), (24, 8), (35, 1.0)], [(0.0, 9.0), (17, 2), (21, 4), (35, 1.0)], [(0.0, 13.0), (14, 1), (16, 5), (22, 1), (25, 4), (32, 1)], [(0.0, 6.0), (7, 7), (15, 4), (20, 3), (24, 7), (32, 2)], [(0.0, 14.0), (15, 3), (19, 5), (26, 2)], [(0.0, 36.0)]]","[[36.0], [3.0], [2.0], [3.0], [5.0, 4, 3, 1, 1, 3.0], [3.0, 6, 6, 1, 1, 1, 8, 1.0], [9.0, 2, 4, 1.0], [13.0, 1, 5, 1, 4, 1], [6.0, 7, 4, 3, 7, 2], [14.0, 3, 5, 2], [36.0]]","[(0, 0.0, 0.0), (1, 33, 0.9166666666666666), (2, 34, 0.9444444444444444), (3, 33, 0.9166666666666666), (4, 19, 0.5277777777777778), (5, 9, 0.25), (6, 20, 0.5555555555555556), (7, 11, 0.3055555555555556), (8, 7, 0.19444444444444445), (9, 12, 0.3333333333333333), (10, 0.0, 0.0)]","[(1, 33.0, 33.0, 1.0, 0, 33), (2, 34.0, 34.0, 1.0, 0, 34), (3, 33.0, 33.0, 1.0, 0, 33), (4, 19.0, 28.0, 0.6785714285714286, 5, 33), (5, 9.0, 32.0, 0.28125, 3, 35), (6, 20.0, 26.0, 0.7692307692307693, 9, 35), (7, 11.0, 23.0, 0.4782608695652174, 13, 36), (8, 7.0, 30.0, 0.23333333333333334, 6, 36), (9, 12.0, 22.0, 0.5454545454545454, 14, 36)]",178,2,28.08899998664856,0.0
80,Experiment 4,5 Layers-Batch Size = 45,6,70.0,"[[(0.0, 70.0)], [(15, 1), (28, 2), (33, 1), (37, 33.0)], [(68, 2.0)], [(68, 2.0)], [(0.0, 10.0), (11, 7), (20, 8), (29, 3), (33, 20), (54, 16.0)], [(0.0, 6.0), (7, 1), (9, 3), (14, 5), (20, 2), (25, 8), (34, 5), (41, 1), (43, 1), (47, 2), (50, 1), (52, 4), (57, 1), (59, 1), (61, 3), (65, 2), (69, 1.0)], [(0.0, 4.0), (5, 2), (9, 2), (13, 3), (19, 1), (21, 6), (28, 17), (46, 3), (50, 1), (52, 3), (57, 6), (65, 2), (69, 1.0)], [(0.0, 7.0), (8, 4), (13, 5), (19, 1), (21, 7), (29, 4), (35, 14), (50, 19)], [(0.0, 8.0), (9, 4), (14, 5), (20, 3), (24, 5), (30, 1), (33, 12), (46, 2), (49, 2), (53, 7), (62, 2)], [(0.0, 9.0), (10, 2), (15, 5), (21, 5), (27, 14), (44, 8), (53, 6), (60, 2), (63, 2)], [(0.0, 70.0)]]","[[70.0], [1, 2, 1, 33.0], [2.0], [2.0], [10.0, 7, 8, 3, 20, 16.0], [6.0, 1, 3, 5, 2, 8, 5, 1, 1, 2, 1, 4, 1, 1, 3, 2, 1.0], [4.0, 2, 2, 3, 1, 6, 17, 3, 1, 3, 6, 2, 1.0], [7.0, 4, 5, 1, 7, 4, 14, 19], [8.0, 4, 5, 3, 5, 1, 12, 2, 2, 7, 2], [9.0, 2, 5, 5, 14, 8, 6, 2, 2], [70.0]]","[(0, 0.0, 0.0), (1, 33, 0.4714285714285714), (2, 68, 0.9714285714285714), (3, 68, 0.9714285714285714), (4, 6, 0.08571428571428572), (5, 23, 0.32857142857142857), (6, 19, 0.2714285714285714), (7, 9, 0.12857142857142856), (8, 19, 0.2714285714285714), (9, 17, 0.24285714285714285), (10, 0.0, 0.0)]","[(1, 33.0, 37.0, 0.8918918918918919, 0, 37), (2, 68.0, 68.0, 1.0, 0, 68), (3, 68.0, 68.0, 1.0, 0, 68), (4, 6.0, 44.0, 0.13636363636363635, 10, 54), (5, 23.0, 63.0, 0.36507936507936506, 6, 69), (6, 19.0, 65.0, 0.2923076923076923, 4, 69), (7, 9.0, 63.0, 0.14285714285714285, 7, 70), (8, 19.0, 62.0, 0.3064516129032258, 8, 70), (9, 17.0, 61.0, 0.2786885245901639, 9, 70)]",262,2,42.36400008201599,0.0
81,Experiment 4,6 Layers-Batch Size = 15,6,15.0,"[[(0.0, 15.0)], [(6, 1), (9, 6.0)], [(12, 3.0)], [(12, 3.0)], [(0.0, 1.0), (4, 2), (10, 5.0)], [(0.0, 4.0), (8, 2), (13, 2.0)], [(0.0, 3.0), (5, 2), (10, 2), (13, 2.0)], [(0.0, 4.0), (7, 1), (13, 2.0)], [(0.0, 5.0), (6, 3), (12, 1), (14, 1.0)], [(0.0, 4.0), (5, 5), (14, 1.0)], [(0.0, 12.0)], [(0.0, 6.0), (8, 3)], [(0.0, 9.0)], [(0.0, 15.0)]]","[[15.0], [1, 6.0], [3.0], [3.0], [1.0, 2, 5.0], [4.0, 2, 2.0], [3.0, 2, 2, 2.0], [4.0, 1, 2.0], [5.0, 3, 1, 1.0], [4.0, 5, 1.0], [12.0], [6.0, 3], [9.0], [15.0]]","[(0, 0.0, 0.0), (1, 8, 0.5333333333333333), (2, 12, 0.8), (3, 12, 0.8), (4, 7, 0.4666666666666667), (5, 7, 0.4666666666666667), (6, 6, 0.4), (7, 8, 0.5333333333333333), (8, 5, 0.3333333333333333), (9, 5, 0.3333333333333333), (10, 3, 0.2), (11, 6, 0.4), (12, 6, 0.4), (13, 0.0, 0.0)]","[(1, 8.0, 9.0, 0.8888888888888888, 0, 9), (2, 12.0, 12.0, 1.0, 0, 12), (3, 12.0, 12.0, 1.0, 0, 12), (4, 7.0, 9.0, 0.7777777777777778, 1, 10), (5, 7.0, 9.0, 0.7777777777777778, 4, 13), (6, 6.0, 10.0, 0.6, 3, 13), (7, 8.0, 9.0, 0.8888888888888888, 4, 13), (8, 5.0, 9.0, 0.5555555555555556, 5, 14), (9, 5.0, 10.0, 0.5, 4, 14), (10, 3.0, 3.0, 1.0, 12, 15), (11, 6.0, 9.0, 0.6666666666666666, 6, 15), (12, 6.0, 6.0, 1.0, 9, 15)]",85,2,3.315999984741211,0.0
82,Experiment 4,6 Layers-Batch Size = 30,6,30.0,"[[(0.0, 30.0)], [(22, 8.0)], [(16, 1), (26, 4.0)], [(27, 3.0)], [(0.0, 3.0), (7, 1), (9, 1), (11, 4), (17, 1), (19, 1), (21, 9.0)], [(0.0, 5.0), (6, 3), (11, 1), (15, 5), (21, 3), (25, 1), (28, 2.0)], [(0.0, 2.0), (3, 2), (7, 2), (11, 1), (13, 1), (15, 1), (17, 3), (25, 5.0)], [(0.0, 3.0), (5, 8), (19, 7), (28, 2.0)], [(0.0, 5.0), (6, 1), (8, 2), (13, 1), (16, 1), (18, 3), (22, 1), (26, 1), (28, 2.0)], [(0.0, 11.0), (24, 1), (29, 1.0)], [(0.0, 14.0), (16, 1), (18, 1), (20, 5), (26, 1), (29, 1.0)], [(0.0, 11.0), (13, 1), (19, 5), (25, 1)], [(0.0, 13.0), (14, 1), (16, 1), (18, 2), (23, 1), (26, 1)], [(0.0, 30.0)]]","[[30.0], [8.0], [1, 4.0], [3.0], [3.0, 1, 1, 4, 1, 1, 9.0], [5.0, 3, 1, 5, 3, 1, 2.0], [2.0, 2, 2, 1, 1, 1, 3, 5.0], [3.0, 8, 7, 2.0], [5.0, 1, 2, 1, 1, 3, 1, 1, 2.0], [11.0, 1, 1.0], [14.0, 1, 1, 5, 1, 1.0], [11.0, 1, 5, 1], [13.0, 1, 1, 2, 1, 1], [30.0]]","[(0, 0.0, 0.0), (1, 22, 0.7333333333333333), (2, 25, 0.8333333333333334), (3, 27, 0.9), (4, 10, 0.3333333333333333), (5, 10, 0.3333333333333333), (6, 13, 0.43333333333333335), (7, 10, 0.3333333333333333), (8, 13, 0.43333333333333335), (9, 17, 0.5666666666666667), (10, 7, 0.23333333333333334), (11, 12, 0.4), (12, 11, 0.36666666666666664), (13, 0.0, 0.0)]","[(1, 22.0, 22.0, 1.0, 0, 22), (2, 25.0, 26.0, 0.9615384615384616, 0, 26), (3, 27.0, 27.0, 1.0, 0, 27), (4, 10.0, 18.0, 0.5555555555555556, 3, 21), (5, 10.0, 23.0, 0.43478260869565216, 5, 28), (6, 13.0, 23.0, 0.5652173913043478, 2, 25), (7, 10.0, 25.0, 0.4, 3, 28), (8, 13.0, 23.0, 0.5652173913043478, 5, 28), (9, 17.0, 18.0, 0.9444444444444444, 11, 29), (10, 7.0, 15.0, 0.4666666666666667, 14, 29), (11, 12.0, 19.0, 0.631578947368421, 11, 30), (12, 11.0, 17.0, 0.6470588235294118, 13, 30)]",177,2,18.23099994659424,0.0
83,Experiment 4,6 Layers-Batch Size = 45,6,35.0,"[[(0.0, 35.0)], [(21, 1), (23, 1), (25, 1), (27, 8.0)], [(27, 8.0)], [(15, 1), (22, 13.0)], [(0.0, 1.0), (31, 4.0)], [(0.0, 1.0), (33, 2.0)], [(0.0, 3.0), (4, 5), (10, 2), (16, 1), (20, 2), (25, 1), (28, 7.0)], [(0.0, 5.0), (6, 3), (11, 3), (18, 1), (20, 1), (22, 1), (26, 1), (30, 1), (33, 2.0)], [(0.0, 8.0), (9, 2), (14, 2), (26, 1), (31, 1), (34, 1.0)], [(0.0, 5.0), (6, 10), (17, 1), (20, 2), (26, 2), (29, 6.0)], [(0.0, 13.0), (15, 1), (18, 1), (21, 1)], [(0.0, 9.0), (10, 7), (18, 1), (33, 1)], [(0.0, 6.0), (7, 10), (18, 4), (23, 2), (28, 1), (31, 2), (34, 1.0)], [(0.0, 35.0)]]","[[35.0], [1, 1, 1, 8.0], [8.0], [1, 13.0], [1.0, 4.0], [1.0, 2.0], [3.0, 5, 2, 1, 2, 1, 7.0], [5.0, 3, 3, 1, 1, 1, 1, 1, 2.0], [8.0, 2, 2, 1, 1, 1.0], [5.0, 10, 1, 2, 2, 6.0], [13.0, 1, 1, 1], [9.0, 7, 1, 1], [6.0, 10, 4, 2, 1, 2, 1.0], [35.0]]","[(0, 0.0, 0.0), (1, 24, 0.6857142857142857), (2, 27, 0.7714285714285715), (3, 21, 0.6), (4, 30, 0.8571428571428571), (5, 32, 0.9142857142857143), (6, 14, 0.4), (7, 17, 0.4857142857142857), (8, 20, 0.5714285714285714), (9, 9, 0.2571428571428571), (10, 19, 0.5428571428571428), (11, 17, 0.4857142857142857), (12, 9, 0.2571428571428571), (13, 0.0, 0.0)]","[(1, 24.0, 27.0, 0.8888888888888888, 0, 27), (2, 27.0, 27.0, 1.0, 0, 27), (3, 21.0, 22.0, 0.9545454545454546, 0, 22), (4, 30.0, 30.0, 1.0, 1, 31), (5, 32.0, 32.0, 1.0, 1, 33), (6, 14.0, 25.0, 0.56, 3, 28), (7, 17.0, 28.0, 0.6071428571428571, 5, 33), (8, 20.0, 26.0, 0.7692307692307693, 8, 34), (9, 9.0, 24.0, 0.375, 5, 29), (10, 19.0, 22.0, 0.8636363636363636, 13, 35), (11, 17.0, 26.0, 0.6538461538461539, 9, 35), (12, 9.0, 28.0, 0.32142857142857145, 6, 34)]",239,2,111.87800002098083,0.0
84,Experiment 4,3 Layers-Batch Size = 15,7,27.0,"[[(0.0, 27.0)], [(0.0, 27.0)], [(12, 1)], [(10, 1)], [(0.0, 27.0)]]","[[27.0], [], [1], [1], [27.0]]","[(0, 0.0, 0.0), (1, 27, 1.0), (2, 26, 0.9629629629629629), (3, 26, 0.9629629629629629), (4, 0.0, 0.0)]","[(1, 27.0, 27.0, 1.0, 0, 27), (2, 26.0, 27.0, 0.9629629629629629, 0, 27), (3, 26.0, 27.0, 0.9629629629629629, 0, 27)]",79,2,2.69599986076355,0.0
85,Experiment 4,3 Layers-Batch Size = 30,7,60.0,"[[(0.0, 60.0)], [(0.0, 60.0)], [(0.0, 60.0)], [(0.0, 60.0)], [(0.0, 60.0)]]","[[60.0], [], [], [], [60.0]]","[(0, 0.0, 0.0), (1, 60, 1.0), (2, 60, 1.0), (3, 60, 1.0), (4, 0.0, 0.0)]","[(1, 60.0, 60.0, 1.0, 0, 60), (2, 60.0, 60.0, 1.0, 0, 60), (3, 60.0, 60.0, 1.0, 0, 60)]",180,2,63.39199995994568,0.0
86,Experiment 4,3 Layers-Batch Size = 45,7,94.0,"[[(0.0, 94.0)], [(0.0, 94.0)], [(0.0, 94.0)], [(0.0, 94.0)], [(0.0, 94.0)]]","[[94.0], [], [], [], [94.0]]","[(0, 0.0, 0.0), (1, 94, 1.0), (2, 94, 1.0), (3, 94, 1.0), (4, 0.0, 0.0)]","[(1, 94.0, 94.0, 1.0, 0, 94), (2, 94.0, 94.0, 1.0, 0, 94), (3, 94.0, 94.0, 1.0, 0, 94)]",282,2,813.7239999771118,0.0
87,Experiment 4,4 Layers-Batch Size = 15,7,18.0,"[[(0.0, 18.0)], [(14, 4.0)], [(11, 1), (16, 2.0)], [(16, 2.0)], [(0.0, 4.0), (6, 1), (9, 1), (16, 2.0)], [(0.0, 4.0), (6, 2)], [(0.0, 5.0), (7, 1), (14, 2)], [(0.0, 18.0)]]","[[18.0], [4.0], [1, 2.0], [2.0], [4.0, 1, 1, 2.0], [4.0, 2], [5.0, 1, 2], [18.0]]","[(0, 0.0, 0.0), (1, 14, 0.7777777777777778), (2, 15, 0.8333333333333334), (3, 16, 0.8888888888888888), (4, 10, 0.5555555555555556), (5, 12, 0.6666666666666666), (6, 10, 0.5555555555555556), (7, 0.0, 0.0)]","[(1, 14.0, 14.0, 1.0, 0, 14), (2, 15.0, 16.0, 0.9375, 0, 16), (3, 16.0, 16.0, 1.0, 0, 16), (4, 10.0, 12.0, 0.8333333333333334, 4, 16), (5, 12.0, 14.0, 0.8571428571428571, 4, 18), (6, 10.0, 13.0, 0.7692307692307693, 5, 18)]",77,2,1.5090000629425049,0.0
88,Experiment 4,4 Layers-Batch Size = 30,7,26.0,"[[(0.0, 26.0)], [(24, 2.0)], [(17, 2), (22, 4.0)], [(24, 2.0)], [(0.0, 2.0)], [(0.0, 3.0), (7, 2), (13, 1)], [(0.0, 2.0)], [(0.0, 26.0)]]","[[26.0], [2.0], [2, 4.0], [2.0], [2.0], [3.0, 2, 1], [2.0], [26.0]]","[(0, 0.0, 0.0), (1, 24, 0.9230769230769231), (2, 20, 0.7692307692307693), (3, 24, 0.9230769230769231), (4, 24, 0.9230769230769231), (5, 20, 0.7692307692307693), (6, 24, 0.9230769230769231), (7, 0.0, 0.0)]","[(1, 24.0, 24.0, 1.0, 0, 24), (2, 20.0, 22.0, 0.9090909090909091, 0, 22), (3, 24.0, 24.0, 1.0, 0, 24), (4, 24.0, 24.0, 1.0, 2, 26), (5, 20.0, 23.0, 0.8695652173913043, 3, 26), (6, 24.0, 24.0, 1.0, 2, 26)]",136,2,15.7739999294281,0.0
89,Experiment 4,4 Layers-Batch Size = 45,7,62.0,"[[(0.0, 62.0)], [(37, 2), (42, 6), (51, 11.0)], [(56, 6.0)], [(60, 2.0)], [(0.0, 10.0), (18, 2), (36, 1), (39, 1), (48, 2), (54, 2), (60, 2.0)], [(0.0, 11.0), (15, 1), (22, 1), (27, 3), (38, 1), (43, 1), (50, 2), (56, 1), (61, 1.0)], [(0.0, 12.0), (14, 3), (19, 6), (27, 1), (40, 2), (46, 2), (52, 6)], [(0.0, 62.0)]]","[[62.0], [2, 6, 11.0], [6.0], [2.0], [10.0, 2, 1, 1, 2, 2, 2.0], [11.0, 1, 1, 3, 1, 1, 2, 1, 1.0], [12.0, 3, 6, 1, 2, 2, 6], [62.0]]","[(0, 0.0, 0.0), (1, 43, 0.6935483870967742), (2, 56, 0.9032258064516129), (3, 60, 0.967741935483871), (4, 42, 0.6774193548387096), (5, 40, 0.6451612903225806), (6, 30, 0.4838709677419355), (7, 0.0, 0.0)]","[(1, 43.0, 51.0, 0.8431372549019608, 0, 51), (2, 56.0, 56.0, 1.0, 0, 56), (3, 60.0, 60.0, 1.0, 0, 60), (4, 42.0, 50.0, 0.84, 10, 60), (5, 40.0, 50.0, 0.8, 11, 61), (6, 30.0, 50.0, 0.6, 12, 62)]",271,2,53.93199992179871,0.0
90,Experiment 4,5 Layers-Batch Size = 15,7,22.0,"[[(0.0, 22.0)], [(2, 1), (14, 8.0)], [(20, 2.0)], [(16, 6.0)], [(0.0, 8.0), (11, 6), (19, 3.0)], [(0.0, 4.0), (5, 5), (11, 1), (13, 4), (19, 3.0)], [(0.0, 2.0), (3, 7), (11, 2), (14, 1), (16, 2), (19, 1), (21, 1.0)], [(0.0, 11.0), (12, 7), (20, 1)], [(0.0, 11.0), (16, 3)], [(0.0, 6.0), (7, 10), (18, 1)], [(0.0, 22.0)]]","[[22.0], [1, 8.0], [2.0], [6.0], [8.0, 6, 3.0], [4.0, 5, 1, 4, 3.0], [2.0, 7, 2, 1, 2, 1, 1.0], [11.0, 7, 1], [11.0, 3], [6.0, 10, 1], [22.0]]","[(0, 0.0, 0.0), (1, 13, 0.5909090909090909), (2, 20, 0.9090909090909091), (3, 16, 0.7272727272727273), (4, 5, 0.22727272727272727), (5, 5, 0.22727272727272727), (6, 6, 0.2727272727272727), (7, 3, 0.13636363636363635), (8, 8, 0.36363636363636365), (9, 5, 0.22727272727272727), (10, 0.0, 0.0)]","[(1, 13.0, 14.0, 0.9285714285714286, 0, 14), (2, 20.0, 20.0, 1.0, 0, 20), (3, 16.0, 16.0, 1.0, 0, 16), (4, 5.0, 11.0, 0.45454545454545453, 8, 19), (5, 5.0, 15.0, 0.3333333333333333, 4, 19), (6, 6.0, 19.0, 0.3157894736842105, 2, 21), (7, 3.0, 11.0, 0.2727272727272727, 11, 22), (8, 8.0, 11.0, 0.7272727272727273, 11, 22), (9, 5.0, 16.0, 0.3125, 6, 22)]",81,2,1.7709999084472656,0.0
91,Experiment 4,5 Layers-Batch Size = 30,7,30.0,"[[(0.0, 30.0)], [(28, 2.0)], [(26, 4.0)], [(28, 2.0)], [(0.0, 6.0), (7, 5), (13, 1), (17, 1), (20, 1), (22, 1), (25, 2), (28, 2.0)], [(0.0, 12.0), (13, 3), (18, 1), (20, 2), (24, 2), (27, 1), (29, 1.0)], [(0.0, 3.0), (4, 1), (6, 3), (13, 1), (16, 1), (18, 2), (21, 1), (23, 3), (27, 1), (29, 1.0)], [(0.0, 19.0), (20, 1), (26, 3)], [(0.0, 8.0), (9, 4), (14, 2), (19, 2), (24, 1), (26, 1), (28, 1)], [(0.0, 9.0), (10, 1), (12, 1), (14, 3), (19, 2)], [(0.0, 30.0)]]","[[30.0], [2.0], [4.0], [2.0], [6.0, 5, 1, 1, 1, 1, 2, 2.0], [12.0, 3, 1, 2, 2, 1, 1.0], [3.0, 1, 3, 1, 1, 2, 1, 3, 1, 1.0], [19.0, 1, 3], [8.0, 4, 2, 2, 1, 1, 1], [9.0, 1, 1, 3, 2], [30.0]]","[(0, 0.0, 0.0), (1, 28, 0.9333333333333333), (2, 26, 0.8666666666666667), (3, 28, 0.9333333333333333), (4, 11, 0.36666666666666664), (5, 8, 0.26666666666666666), (6, 13, 0.43333333333333335), (7, 7, 0.23333333333333334), (8, 11, 0.36666666666666664), (9, 14, 0.4666666666666667), (10, 0.0, 0.0)]","[(1, 28.0, 28.0, 1.0, 0, 28), (2, 26.0, 26.0, 1.0, 0, 26), (3, 28.0, 28.0, 1.0, 0, 28), (4, 11.0, 22.0, 0.5, 6, 28), (5, 8.0, 17.0, 0.47058823529411764, 12, 29), (6, 13.0, 26.0, 0.5, 3, 29), (7, 7.0, 11.0, 0.6363636363636364, 19, 30), (8, 11.0, 22.0, 0.5, 8, 30), (9, 14.0, 21.0, 0.6666666666666666, 9, 30)]",146,2,30.123000144958496,0.0
92,Experiment 4,5 Layers-Batch Size = 45,7,52.0,"[[(0.0, 52.0)], [(39, 1), (46, 6.0)], [(48, 4.0)], [(6, 1), (13, 1), (32, 1), (37, 15.0)], [(0.0, 6.0), (7, 2), (11, 1), (17, 1), (22, 2), (26, 3), (31, 3), (36, 2), (40, 2), (50, 2.0)], [(0.0, 3.0), (5, 2), (9, 1), (12, 1), (25, 1), (30, 1), (41, 2), (45, 1), (48, 4.0)], [(0.0, 10.0), (11, 1), (13, 2), (16, 4), (21, 1), (23, 1), (26, 2), (31, 5), (37, 3), (41, 11.0)], [(0.0, 10.0), (15, 1), (27, 2), (42, 1)], [(0.0, 5.0), (7, 11), (20, 2), (24, 1), (37, 2), (43, 1), (46, 1), (49, 1)], [(0.0, 16.0), (17, 6), (24, 3), (31, 2), (34, 3), (39, 2), (42, 10.0)], [(0.0, 52.0)]]","[[52.0], [1, 6.0], [4.0], [1, 1, 1, 15.0], [6.0, 2, 1, 1, 2, 3, 3, 2, 2, 2.0], [3.0, 2, 1, 1, 1, 1, 2, 1, 4.0], [10.0, 1, 2, 4, 1, 1, 2, 5, 3, 11.0], [10.0, 1, 2, 1], [5.0, 11, 2, 1, 2, 1, 1, 1], [16.0, 6, 3, 2, 3, 2, 10.0], [52.0]]","[(0, 0.0, 0.0), (1, 45, 0.8653846153846154), (2, 48, 0.9230769230769231), (3, 34, 0.6538461538461539), (4, 28, 0.5384615384615384), (5, 36, 0.6923076923076923), (6, 12, 0.23076923076923078), (7, 38, 0.7307692307692307), (8, 28, 0.5384615384615384), (9, 10, 0.19230769230769232), (10, 0.0, 0.0)]","[(1, 45.0, 46.0, 0.9782608695652174, 0, 46), (2, 48.0, 48.0, 1.0, 0, 48), (3, 34.0, 37.0, 0.918918918918919, 0, 37), (4, 28.0, 44.0, 0.6363636363636364, 6, 50), (5, 36.0, 45.0, 0.8, 3, 48), (6, 12.0, 31.0, 0.3870967741935484, 10, 41), (7, 38.0, 42.0, 0.9047619047619048, 10, 52), (8, 28.0, 47.0, 0.5957446808510638, 5, 52), (9, 10.0, 26.0, 0.38461538461538464, 16, 42)]",279,2,265.0639998912811,0.0
93,Experiment 4,6 Layers-Batch Size = 15,7,14.0,"[[(0.0, 14.0)], [(9, 5.0)], [(10, 4.0)], [(10, 4.0)], [(0.0, 3.0), (4, 1), (7, 1), (10, 4.0)], [(0.0, 2.0), (12, 2.0)], [(0.0, 2.0), (12, 2.0)], [(0.0, 6.0), (8, 1), (12, 2.0)], [(0.0, 4.0), (11, 1), (13, 1.0)], [(0.0, 5.0), (7, 1), (10, 1), (13, 1.0)], [(0.0, 8.0)], [(0.0, 6.0), (10, 1)], [(0.0, 8.0)], [(0.0, 14.0)]]","[[14.0], [5.0], [4.0], [4.0], [3.0, 1, 1, 4.0], [2.0, 2.0], [2.0, 2.0], [6.0, 1, 2.0], [4.0, 1, 1.0], [5.0, 1, 1, 1.0], [8.0], [6.0, 1], [8.0], [14.0]]","[(0, 0.0, 0.0), (1, 9, 0.6428571428571429), (2, 10, 0.7142857142857143), (3, 10, 0.7142857142857143), (4, 5, 0.35714285714285715), (5, 10, 0.7142857142857143), (6, 10, 0.7142857142857143), (7, 5, 0.35714285714285715), (8, 8, 0.5714285714285714), (9, 6, 0.42857142857142855), (10, 6, 0.42857142857142855), (11, 7, 0.5), (12, 6, 0.42857142857142855), (13, 0.0, 0.0)]","[(1, 9.0, 9.0, 1.0, 0, 9), (2, 10.0, 10.0, 1.0, 0, 10), (3, 10.0, 10.0, 1.0, 0, 10), (4, 5.0, 7.0, 0.7142857142857143, 3, 10), (5, 10.0, 10.0, 1.0, 2, 12), (6, 10.0, 10.0, 1.0, 2, 12), (7, 5.0, 6.0, 0.8333333333333334, 6, 12), (8, 8.0, 9.0, 0.8888888888888888, 4, 13), (9, 6.0, 8.0, 0.75, 5, 13), (10, 6.0, 6.0, 1.0, 8, 14), (11, 7.0, 8.0, 0.875, 6, 14), (12, 6.0, 6.0, 1.0, 8, 14)]",92,2,6.002000093460083,0.0
94,Experiment 4,6 Layers-Batch Size = 30,7,20.0,"[[(0.0, 20.0)], [(14, 1), (16, 4.0)], [(16, 4.0)], [(15, 1), (17, 3.0)], [(0.0, 1.0), (2, 2), (5, 2), (8, 1), (18, 2.0)], [(0.0, 2.0), (5, 2), (10, 1), (15, 1), (18, 2.0)], [(0.0, 2.0), (6, 2), (18, 2.0)], [(0.0, 3.0), (10, 1), (13, 1), (15, 1), (19, 1.0)], [(0.0, 4.0), (14, 1), (19, 1.0)], [(0.0, 4.0), (8, 2), (13, 1), (19, 1.0)], [(0.0, 5.0), (16, 1)], [(0.0, 6.0)], [(0.0, 7.0), (8, 1), (14, 1)], [(0.0, 20.0)]]","[[20.0], [1, 4.0], [4.0], [1, 3.0], [1.0, 2, 2, 1, 2.0], [2.0, 2, 1, 1, 2.0], [2.0, 2, 2.0], [3.0, 1, 1, 1, 1.0], [4.0, 1, 1.0], [4.0, 2, 1, 1.0], [5.0, 1], [6.0], [7.0, 1, 1], [20.0]]","[(0, 0.0, 0.0), (1, 15, 0.75), (2, 16, 0.8), (3, 16, 0.8), (4, 12, 0.6), (5, 12, 0.6), (6, 14, 0.7), (7, 13, 0.65), (8, 14, 0.7), (9, 12, 0.6), (10, 14, 0.7), (11, 14, 0.7), (12, 11, 0.55), (13, 0.0, 0.0)]","[(1, 15.0, 16.0, 0.9375, 0, 16), (2, 16.0, 16.0, 1.0, 0, 16), (3, 16.0, 17.0, 0.9411764705882353, 0, 17), (4, 12.0, 17.0, 0.7058823529411765, 1, 18), (5, 12.0, 16.0, 0.75, 2, 18), (6, 14.0, 16.0, 0.875, 2, 18), (7, 13.0, 16.0, 0.8125, 3, 19), (8, 14.0, 15.0, 0.9333333333333333, 4, 19), (9, 12.0, 15.0, 0.8, 4, 19), (10, 14.0, 15.0, 0.9333333333333333, 5, 20), (11, 14.0, 14.0, 1.0, 6, 20), (12, 11.0, 13.0, 0.8461538461538461, 7, 20)]",163,2,74.97800016403198,0.0
95,Experiment 4,6 Layers-Batch Size = 45,7,40.0,"[[(0.0, 40.0)], [(6, 1), (8, 2), (13, 27.0)], [(36, 4.0)], [(36, 4.0)], [(0.0, 2.0), (5, 4), (10, 2), (13, 3), (17, 1), (19, 9), (29, 11.0)], [(0.0, 2.0), (38, 2.0)], [(0.0, 1.0), (38, 2.0)], [(0.0, 2.0), (3, 14), (20, 6), (27, 2), (30, 10.0)], [(0.0, 8.0), (10, 2), (13, 2), (17, 1), (19, 1), (22, 2), (27, 1), (29, 2), (32, 1), (39, 1.0)], [(0.0, 5.0), (7, 1), (9, 1), (11, 4), (17, 1), (20, 2), (23, 1), (27, 2), (37, 1), (39, 1.0)], [(0.0, 14.0), (15, 8), (26, 3), (31, 1), (33, 3), (37, 3.0)], [(0.0, 11.0), (12, 8), (22, 1), (25, 1), (31, 1)], [(0.0, 12.0), (15, 2), (18, 5), (24, 1)], [(0.0, 40.0)]]","[[40.0], [1, 2, 27.0], [4.0], [4.0], [2.0, 4, 2, 3, 1, 9, 11.0], [2.0, 2.0], [1.0, 2.0], [2.0, 14, 6, 2, 10.0], [8.0, 2, 2, 1, 1, 2, 1, 2, 1, 1.0], [5.0, 1, 1, 4, 1, 2, 1, 2, 1, 1.0], [14.0, 8, 3, 1, 3, 3.0], [11.0, 8, 1, 1, 1], [12.0, 2, 5, 1], [40.0]]","[(0, 0.0, 0.0), (1, 10, 0.25), (2, 36, 0.9), (3, 36, 0.9), (4, 8, 0.2), (5, 36, 0.9), (6, 37, 0.925), (7, 6, 0.15), (8, 19, 0.475), (9, 21, 0.525), (10, 8, 0.2), (11, 18, 0.45), (12, 20, 0.5), (13, 0.0, 0.0)]","[(1, 10.0, 13.0, 0.7692307692307693, 0, 13), (2, 36.0, 36.0, 1.0, 0, 36), (3, 36.0, 36.0, 1.0, 0, 36), (4, 8.0, 27.0, 0.2962962962962963, 2, 29), (5, 36.0, 36.0, 1.0, 2, 38), (6, 37.0, 37.0, 1.0, 1, 38), (7, 6.0, 28.0, 0.21428571428571427, 2, 30), (8, 19.0, 31.0, 0.6129032258064516, 8, 39), (9, 21.0, 34.0, 0.6176470588235294, 5, 39), (10, 8.0, 23.0, 0.34782608695652173, 14, 37), (11, 18.0, 29.0, 0.6206896551724138, 11, 40), (12, 20.0, 28.0, 0.7142857142857143, 12, 40)]",255,2,308.9949998855591,0.0
96,Experiment 4,3 Layers-Batch Size = 15,8,35.0,"[[(0.0, 35.0)], [(27, 1)], [(0.0, 35.0)], [(0.0, 35.0)], [(0.0, 35.0)]]","[[35.0], [1], [], [], [35.0]]","[(0, 0.0, 0.0), (1, 34, 0.9714285714285714), (2, 35, 1.0), (3, 35, 1.0), (4, 0.0, 0.0)]","[(1, 34.0, 35.0, 0.9714285714285714, 0, 35), (2, 35.0, 35.0, 1.0, 0, 35), (3, 35.0, 35.0, 1.0, 0, 35)]",104,2,3.7060000896453857,0.0
97,Experiment 4,3 Layers-Batch Size = 30,8,70.0,"[[(0.0, 70.0)], [(35, 1)], [(0.0, 70.0)], [(0.0, 70.0)], [(0.0, 70.0)]]","[[70.0], [1], [], [], [70.0]]","[(0, 0.0, 0.0), (1, 69, 0.9857142857142858), (2, 70, 1.0), (3, 70, 1.0), (4, 0.0, 0.0)]","[(1, 69.0, 70.0, 0.9857142857142858, 0, 70), (2, 70.0, 70.0, 1.0, 0, 70), (3, 70.0, 70.0, 1.0, 0, 70)]",209,2,163.9670000076294,0.0
98,Experiment 4,3 Layers-Batch Size = 45,8,99.0,"[[(0.0, 99.0)], [(0.0, 99.0)], [(0.0, 99.0)], [(0.0, 99.0)], [(0.0, 99.0)]]","[[99.0], [], [], [], [99.0]]","[(0, 0.0, 0.0), (1, 99, 1.0), (2, 99, 1.0), (3, 99, 1.0), (4, 0.0, 0.0)]","[(1, 99.0, 99.0, 1.0, 0, 99), (2, 99.0, 99.0, 1.0, 0, 99), (3, 99.0, 99.0, 1.0, 0, 99)]",297,2,405.11899995803833,0.0
99,Experiment 4,4 Layers-Batch Size = 15,8,22.0,"[[(0.0, 22.0)], [(18, 4.0)], [(20, 2.0)], [(3, 1), (20, 2.0)], [(0.0, 3.0), (14, 1)], [(0.0, 10.0)], [(0.0, 7.0), (11, 1)], [(0.0, 22.0)]]","[[22.0], [4.0], [2.0], [1, 2.0], [3.0, 1], [10.0], [7.0, 1], [22.0]]","[(0, 0.0, 0.0), (1, 18, 0.8181818181818182), (2, 20, 0.9090909090909091), (3, 19, 0.8636363636363636), (4, 18, 0.8181818181818182), (5, 12, 0.5454545454545454), (6, 14, 0.6363636363636364), (7, 0.0, 0.0)]","[(1, 18.0, 18.0, 1.0, 0, 18), (2, 20.0, 20.0, 1.0, 0, 20), (3, 19.0, 20.0, 0.95, 0, 20), (4, 18.0, 19.0, 0.9473684210526315, 3, 22), (5, 12.0, 12.0, 1.0, 10, 22), (6, 14.0, 15.0, 0.9333333333333333, 7, 22)]",101,2,3.532000064849853,0.0
100,Experiment 4,4 Layers-Batch Size = 30,8,40.0,"[[(0.0, 40.0)], [(36, 4.0)], [(38, 2.0)], [(38, 2.0)], [(0.0, 3.0), (6, 3), (21, 2), (29, 2)], [(0.0, 7.0), (10, 2), (26, 1), (33, 1), (37, 1)], [(0.0, 15.0), (29, 1), (32, 1), (35, 1)], [(0.0, 40.0)]]","[[40.0], [4.0], [2.0], [2.0], [3.0, 3, 2, 2], [7.0, 2, 1, 1, 1], [15.0, 1, 1, 1], [40.0]]","[(0, 0.0, 0.0), (1, 36, 0.9), (2, 38, 0.95), (3, 38, 0.95), (4, 30, 0.75), (5, 28, 0.7), (6, 22, 0.55), (7, 0.0, 0.0)]","[(1, 36.0, 36.0, 1.0, 0, 36), (2, 38.0, 38.0, 1.0, 0, 38), (3, 38.0, 38.0, 1.0, 0, 38), (4, 30.0, 37.0, 0.8108108108108109, 3, 40), (5, 28.0, 33.0, 0.8484848484848485, 7, 40), (6, 22.0, 25.0, 0.88, 15, 40)]",192,2,28.83999991416931,0.0
101,Experiment 4,4 Layers-Batch Size = 45,8,56.0,"[[(0.0, 56.0)], [(51, 5.0)], [(54, 2.0)], [(52, 4.0)], [(0.0, 3.0), (55, 1.0)], [(0.0, 6.0), (15, 2), (32, 1), (41, 1)], [(0.0, 3.0), (35, 1)], [(0.0, 56.0)]]","[[56.0], [5.0], [2.0], [4.0], [3.0, 1.0], [6.0, 2, 1, 1], [3.0, 1], [56.0]]","[(0, 0.0, 0.0), (1, 51, 0.9107142857142857), (2, 54, 0.9642857142857143), (3, 52, 0.9285714285714286), (4, 52, 0.9285714285714286), (5, 46, 0.8214285714285714), (6, 52, 0.9285714285714286), (7, 0.0, 0.0)]","[(1, 51.0, 51.0, 1.0, 0, 51), (2, 54.0, 54.0, 1.0, 0, 54), (3, 52.0, 52.0, 1.0, 0, 52), (4, 52.0, 52.0, 1.0, 3, 55), (5, 46.0, 50.0, 0.92, 6, 56), (6, 52.0, 53.0, 0.9811320754716981, 3, 56)]",307,2,896.2149999141693,0.0
102,Experiment 4,5 Layers-Batch Size = 15,8,21.0,"[[(0.0, 21.0)], [(18, 3.0)], [(19, 2.0)], [(18, 3.0)], [(0.0, 3.0), (5, 2), (9, 3), (13, 2), (17, 1), (19, 2.0)], [(0.0, 9.0), (10, 1), (12, 3), (17, 2), (20, 1.0)], [(0.0, 10.0), (16, 3), (20, 1.0)], [(0.0, 13.0)], [(0.0, 10.0), (15, 1), (18, 2)], [(0.0, 11.0), (13, 1)], [(0.0, 21.0)]]","[[21.0], [3.0], [2.0], [3.0], [3.0, 2, 3, 2, 1, 2.0], [9.0, 1, 3, 2, 1.0], [10.0, 3, 1.0], [13.0], [10.0, 1, 2], [11.0, 1], [21.0]]","[(0, 0.0, 0.0), (1, 18, 0.8571428571428571), (2, 19, 0.9047619047619048), (3, 18, 0.8571428571428571), (4, 8, 0.38095238095238093), (5, 5, 0.23809523809523808), (6, 7, 0.3333333333333333), (7, 8, 0.38095238095238093), (8, 8, 0.38095238095238093), (9, 9, 0.42857142857142855), (10, 0.0, 0.0)]","[(1, 18.0, 18.0, 1.0, 0, 18), (2, 19.0, 19.0, 1.0, 0, 19), (3, 18.0, 18.0, 1.0, 0, 18), (4, 8.0, 16.0, 0.5, 3, 19), (5, 5.0, 11.0, 0.45454545454545453, 9, 20), (6, 7.0, 10.0, 0.7, 10, 20), (7, 8.0, 8.0, 1.0, 13, 21), (8, 8.0, 11.0, 0.7272727272727273, 10, 21), (9, 9.0, 10.0, 0.9, 11, 21)]",100,2,3.3310000896453857,0.0
103,Experiment 4,5 Layers-Batch Size = 30,8,67.0,"[[(0.0, 67.0)], [(6, 1), (10, 4), (17, 6), (26, 41.0)], [(65, 2.0)], [(60, 7.0)], [(0.0, 10.0), (11, 7), (20, 11), (32, 35.0)], [(0.0, 3.0), (4, 2), (7, 8), (16, 4), (21, 8), (30, 5), (36, 5), (42, 4), (47, 1), (49, 1), (51, 1), (53, 2), (57, 10.0)], [(0.0, 6.0), (7, 4), (12, 3), (16, 3), (20, 7), (28, 2), (31, 3), (36, 16), (53, 1), (56, 4), (61, 1), (63, 2), (66, 1.0)], [(0.0, 22.0), (24, 25), (51, 12), (65, 2.0)], [(0.0, 7.0), (9, 2), (13, 7), (21, 7), (29, 3), (33, 2), (36, 1), (38, 8), (48, 4), (53, 3), (58, 2), (62, 1), (65, 1)], [(0.0, 16.0), (17, 4), (22, 6), (29, 2), (32, 7), (40, 2), (43, 6), (50, 9), (60, 2), (63, 3)], [(0.0, 67.0)]]","[[67.0], [1, 4, 6, 41.0], [2.0], [7.0], [10.0, 7, 11, 35.0], [3.0, 2, 8, 4, 8, 5, 5, 4, 1, 1, 1, 2, 10.0], [6.0, 4, 3, 3, 7, 2, 3, 16, 1, 4, 1, 2, 1.0], [22.0, 25, 12, 2.0], [7.0, 2, 7, 7, 3, 2, 1, 8, 4, 3, 2, 1, 1], [16.0, 4, 6, 2, 7, 2, 6, 9, 2, 3], [67.0]]","[(0, 0.0, 0.0), (1, 15, 0.22388059701492538), (2, 65, 0.9701492537313433), (3, 60, 0.8955223880597015), (4, 4, 0.05970149253731343), (5, 13, 0.19402985074626866), (6, 14, 0.208955223880597), (7, 6, 0.08955223880597014), (8, 19, 0.2835820895522388), (9, 10, 0.14925373134328357), (10, 0.0, 0.0)]","[(1, 15.0, 26.0, 0.5769230769230769, 0, 26), (2, 65.0, 65.0, 1.0, 0, 65), (3, 60.0, 60.0, 1.0, 0, 60), (4, 4.0, 22.0, 0.18181818181818182, 10, 32), (5, 13.0, 54.0, 0.24074074074074073, 3, 57), (6, 14.0, 60.0, 0.23333333333333334, 6, 66), (7, 6.0, 43.0, 0.13953488372093023, 22, 65), (8, 19.0, 60.0, 0.31666666666666665, 7, 67), (9, 10.0, 51.0, 0.19607843137254902, 16, 67)]",206,2,16.625,0.0
104,Experiment 4,5 Layers-Batch Size = 45,8,54.0,"[[(0.0, 54.0)], [(51, 3.0)], [(52, 2.0)], [(15, 1), (51, 3.0)], [(0.0, 5.0), (7, 2), (13, 1), (18, 1), (21, 1), (23, 1), (26, 1), (31, 1), (34, 1), (39, 2), (49, 2), (52, 2.0)], [(0.0, 10.0), (11, 17), (29, 6), (36, 1), (40, 3), (45, 2), (48, 4), (53, 1.0)], [(0.0, 6.0), (8, 4), (14, 1), (19, 6), (34, 1), (37, 1), (50, 2), (53, 1.0)], [(0.0, 12.0), (14, 2), (20, 2), (24, 4)], [(0.0, 13.0), (14, 9), (25, 9), (35, 4), (45, 2), (51, 1)], [(0.0, 9.0), (11, 2), (15, 4), (21, 6), (29, 1), (34, 1)], [(0.0, 54.0)]]","[[54.0], [3.0], [2.0], [1, 3.0], [5.0, 2, 1, 1, 1, 1, 1, 1, 1, 2, 2, 2.0], [10.0, 17, 6, 1, 3, 2, 4, 1.0], [6.0, 4, 1, 6, 1, 1, 2, 1.0], [12.0, 2, 2, 4], [13.0, 9, 9, 4, 2, 1], [9.0, 2, 4, 6, 1, 1], [54.0]]","[(0, 0.0, 0.0), (1, 51, 0.9444444444444444), (2, 52, 0.9629629629629629), (3, 50, 0.9259259259259259), (4, 34, 0.6296296296296297), (5, 10, 0.18518518518518517), (6, 32, 0.5925925925925926), (7, 34, 0.6296296296296297), (8, 16, 0.2962962962962963), (9, 31, 0.5740740740740741), (10, 0.0, 0.0)]","[(1, 51.0, 51.0, 1.0, 0, 51), (2, 52.0, 52.0, 1.0, 0, 52), (3, 50.0, 51.0, 0.9803921568627451, 0, 51), (4, 34.0, 47.0, 0.723404255319149, 5, 52), (5, 10.0, 43.0, 0.23255813953488372, 10, 53), (6, 32.0, 47.0, 0.6808510638297872, 6, 53), (7, 34.0, 42.0, 0.8095238095238095, 12, 54), (8, 16.0, 41.0, 0.3902439024390244, 13, 54), (9, 31.0, 45.0, 0.6888888888888889, 9, 54)]",310,2,277.7460000514984,0.0
105,Experiment 4,6 Layers-Batch Size = 15,8,15.0,"[[(0.0, 15.0)], [(6, 2), (10, 5.0)], [(7, 1), (10, 5.0)], [(1, 1), (8, 7.0)], [(0.0, 2.0), (3, 1), (12, 3.0)], [(0.0, 1.0), (13, 2.0)], [(0.0, 1.0), (13, 2.0)], [(0.0, 5.0), (7, 2), (11, 1), (13, 2.0)], [(0.0, 5.0), (9, 1), (12, 1), (14, 1.0)], [(0.0, 7.0), (8, 1), (11, 2), (14, 1.0)], [(0.0, 7.0)], [(0.0, 6.0)], [(0.0, 8.0)], [(0.0, 15.0)]]","[[15.0], [2, 5.0], [1, 5.0], [1, 7.0], [2.0, 1, 3.0], [1.0, 2.0], [1.0, 2.0], [5.0, 2, 1, 2.0], [5.0, 1, 1, 1.0], [7.0, 1, 2, 1.0], [7.0], [6.0], [8.0], [15.0]]","[(0, 0.0, 0.0), (1, 8, 0.5333333333333333), (2, 9, 0.6), (3, 7, 0.4666666666666667), (4, 9, 0.6), (5, 12, 0.8), (6, 12, 0.8), (7, 5, 0.3333333333333333), (8, 7, 0.4666666666666667), (9, 4, 0.26666666666666666), (10, 8, 0.5333333333333333), (11, 9, 0.6), (12, 7, 0.4666666666666667), (13, 0.0, 0.0)]","[(1, 8.0, 10.0, 0.8, 0, 10), (2, 9.0, 10.0, 0.9, 0, 10), (3, 7.0, 8.0, 0.875, 0, 8), (4, 9.0, 10.0, 0.9, 2, 12), (5, 12.0, 12.0, 1.0, 1, 13), (6, 12.0, 12.0, 1.0, 1, 13), (7, 5.0, 8.0, 0.625, 5, 13), (8, 7.0, 9.0, 0.7777777777777778, 5, 14), (9, 4.0, 7.0, 0.5714285714285714, 7, 14), (10, 8.0, 8.0, 1.0, 7, 15), (11, 9.0, 9.0, 1.0, 6, 15), (12, 7.0, 7.0, 1.0, 8, 15)]",97,2,4.871000051498413,0.0
106,Experiment 4,6 Layers-Batch Size = 30,8,24.0,"[[(0.0, 24.0)], [(18, 6.0)], [(19, 5.0)], [(18, 6.0)], [(0.0, 2.0), (13, 1), (15, 1), (18, 1), (21, 3.0)], [(0.0, 1.0), (15, 2), (21, 3.0)], [(0.0, 2.0), (3, 1), (5, 4), (10, 1), (12, 2), (15, 1), (22, 2.0)], [(0.0, 3.0), (14, 1), (17, 4), (22, 2.0)], [(0.0, 4.0), (5, 4), (19, 1), (21, 3.0)], [(0.0, 3.0), (8, 1), (10, 2), (14, 1), (23, 1.0)], [(0.0, 6.0)], [(0.0, 5.0), (7, 1)], [(0.0, 5.0)], [(0.0, 24.0)]]","[[24.0], [6.0], [5.0], [6.0], [2.0, 1, 1, 1, 3.0], [1.0, 2, 3.0], [2.0, 1, 4, 1, 2, 1, 2.0], [3.0, 1, 4, 2.0], [4.0, 4, 1, 3.0], [3.0, 1, 2, 1, 1.0], [6.0], [5.0, 1], [5.0], [24.0]]","[(0, 0.0, 0.0), (1, 18, 0.75), (2, 19, 0.7916666666666666), (3, 18, 0.75), (4, 16, 0.6666666666666666), (5, 18, 0.75), (6, 11, 0.4583333333333333), (7, 14, 0.5833333333333334), (8, 12, 0.5), (9, 16, 0.6666666666666666), (10, 18, 0.75), (11, 18, 0.75), (12, 19, 0.7916666666666666), (13, 0.0, 0.0)]","[(1, 18.0, 18.0, 1.0, 0, 18), (2, 19.0, 19.0, 1.0, 0, 19), (3, 18.0, 18.0, 1.0, 0, 18), (4, 16.0, 19.0, 0.8421052631578947, 2, 21), (5, 18.0, 20.0, 0.9, 1, 21), (6, 11.0, 20.0, 0.55, 2, 22), (7, 14.0, 19.0, 0.7368421052631579, 3, 22), (8, 12.0, 17.0, 0.7058823529411765, 4, 21), (9, 16.0, 20.0, 0.8, 3, 23), (10, 18.0, 18.0, 1.0, 6, 24), (11, 18.0, 19.0, 0.9473684210526315, 5, 24), (12, 19.0, 19.0, 1.0, 5, 24)]",197,9,1800.0629999637604,0.0416666666666665
107,Experiment 4,6 Layers-Batch Size = 45,8,35.0,"[[(0.0, 35.0)], [(24, 11.0)], [(27, 1), (29, 6.0)], [(13, 1), (18, 1), (23, 2), (26, 9.0)], [(0.0, 2.0), (30, 1), (32, 3.0)], [(0.0, 1.0), (33, 2.0)], [(0.0, 1.0), (33, 2.0)], [(0.0, 6.0), (8, 2), (12, 1), (14, 1), (19, 2), (23, 2), (27, 1), (32, 3.0)], [(0.0, 3.0), (4, 4), (16, 1), (18, 3), (22, 1), (24, 1), (27, 3), (31, 1), (34, 1.0)], [(0.0, 6.0), (7, 2), (11, 1), (14, 3), (23, 2), (26, 2), (31, 2), (34, 1.0)], [(0.0, 8.0), (12, 2), (30, 1)], [(0.0, 7.0), (9, 2)], [(0.0, 7.0), (8, 3), (13, 1)], [(0.0, 35.0)]]","[[35.0], [11.0], [1, 6.0], [1, 1, 2, 9.0], [2.0, 1, 3.0], [1.0, 2.0], [1.0, 2.0], [6.0, 2, 1, 1, 2, 2, 1, 3.0], [3.0, 4, 1, 3, 1, 1, 3, 1, 1.0], [6.0, 2, 1, 3, 2, 2, 2, 1.0], [8.0, 2, 1], [7.0, 2], [7.0, 3, 1], [35.0]]","[(0, 0.0, 0.0), (1, 24, 0.6857142857142857), (2, 28, 0.8), (3, 22, 0.6285714285714286), (4, 29, 0.8285714285714286), (5, 32, 0.9142857142857143), (6, 32, 0.9142857142857143), (7, 17, 0.4857142857142857), (8, 17, 0.4857142857142857), (9, 16, 0.45714285714285713), (10, 24, 0.6857142857142857), (11, 26, 0.7428571428571429), (12, 24, 0.6857142857142857), (13, 0.0, 0.0)]","[(1, 24.0, 24.0, 1.0, 0, 24), (2, 28.0, 29.0, 0.9655172413793104, 0, 29), (3, 22.0, 26.0, 0.8461538461538461, 0, 26), (4, 29.0, 30.0, 0.9666666666666667, 2, 32), (5, 32.0, 32.0, 1.0, 1, 33), (6, 32.0, 32.0, 1.0, 1, 33), (7, 17.0, 26.0, 0.6538461538461539, 6, 32), (8, 17.0, 31.0, 0.5483870967741935, 3, 34), (9, 16.0, 28.0, 0.5714285714285714, 6, 34), (10, 24.0, 27.0, 0.8888888888888888, 8, 35), (11, 26.0, 28.0, 0.9285714285714286, 7, 35), (12, 24.0, 28.0, 0.8571428571428571, 7, 35)]",291,2,305.4099998474121,0.0
108,Experiment 4,3 Layers-Batch Size = 15,9,29.0,"[[(0.0, 29.0)], [(0.0, 29.0)], [(0.0, 29.0)], [(0.0, 29.0)], [(0.0, 29.0)]]","[[29.0], [], [], [], [29.0]]","[(0, 0.0, 0.0), (1, 29, 1.0), (2, 29, 1.0), (3, 29, 1.0), (4, 0.0, 0.0)]","[(1, 29.0, 29.0, 1.0, 0, 29), (2, 29.0, 29.0, 1.0, 0, 29), (3, 29.0, 29.0, 1.0, 0, 29)]",87,2,1.7259998321533203,0.0
109,Experiment 4,3 Layers-Batch Size = 30,9,58.0,"[[(0.0, 58.0)], [(0.0, 58.0)], [(0.0, 58.0)], [(49, 2)], [(0.0, 58.0)]]","[[58.0], [], [], [2], [58.0]]","[(0, 0.0, 0.0), (1, 58, 1.0), (2, 58, 1.0), (3, 56, 0.9655172413793104), (4, 0.0, 0.0)]","[(1, 58.0, 58.0, 1.0, 0, 58), (2, 58.0, 58.0, 1.0, 0, 58), (3, 56.0, 58.0, 0.9655172413793104, 0, 58)]",172,2,37.57399988174439,0.0
110,Experiment 4,3 Layers-Batch Size = 45,9,77.0,"[[(0.0, 77.0)], [(0.0, 77.0)], [(10, 1), (76, 1.0)], [(0.0, 77.0)], [(0.0, 77.0)]]","[[77.0], [], [1, 1.0], [], [77.0]]","[(0, 0.0, 0.0), (1, 77, 1.0), (2, 75, 0.974025974025974), (3, 77, 1.0), (4, 0.0, 0.0)]","[(1, 77.0, 77.0, 1.0, 0, 77), (2, 75.0, 76.0, 0.9868421052631579, 0, 76), (3, 77.0, 77.0, 1.0, 0, 77)]",229,2,453.9829998016357,0.0
111,Experiment 4,4 Layers-Batch Size = 15,9,17.0,"[[(0.0, 17.0)], [(15, 2.0)], [(15, 2.0)], [(15, 2.0)], [(0.0, 3.0)], [(0.0, 3.0), (7, 1), (12, 1)], [(0.0, 6.0), (14, 1)], [(0.0, 17.0)]]","[[17.0], [2.0], [2.0], [2.0], [3.0], [3.0, 1, 1], [6.0, 1], [17.0]]","[(0, 0.0, 0.0), (1, 15, 0.8823529411764706), (2, 15, 0.8823529411764706), (3, 15, 0.8823529411764706), (4, 14, 0.8235294117647058), (5, 12, 0.7058823529411765), (6, 10, 0.5882352941176471), (7, 0.0, 0.0)]","[(1, 15.0, 15.0, 1.0, 0, 15), (2, 15.0, 15.0, 1.0, 0, 15), (3, 15.0, 15.0, 1.0, 0, 15), (4, 14.0, 14.0, 1.0, 3, 17), (5, 12.0, 14.0, 0.8571428571428571, 3, 17), (6, 10.0, 11.0, 0.9090909090909091, 6, 17)]",81,2,2.378000020980835,0.0
112,Experiment 4,4 Layers-Batch Size = 30,9,35.0,"[[(0.0, 35.0)], [(24, 1), (28, 7.0)], [(33, 2.0)], [(30, 5.0)], [(0.0, 10.0), (14, 1), (19, 2), (25, 2)], [(0.0, 6.0), (10, 2), (18, 1)], [(0.0, 3.0), (5, 1), (10, 1), (17, 1), (24, 1), (29, 2)], [(0.0, 35.0)]]","[[35.0], [1, 7.0], [2.0], [5.0], [10.0, 1, 2, 2], [6.0, 2, 1], [3.0, 1, 1, 1, 1, 2], [35.0]]","[(0, 0.0, 0.0), (1, 27, 0.7714285714285715), (2, 33, 0.9428571428571428), (3, 30, 0.8571428571428571), (4, 20, 0.5714285714285714), (5, 26, 0.7428571428571429), (6, 26, 0.7428571428571429), (7, 0.0, 0.0)]","[(1, 27.0, 28.0, 0.9642857142857143, 0, 28), (2, 33.0, 33.0, 1.0, 0, 33), (3, 30.0, 30.0, 1.0, 0, 30), (4, 20.0, 25.0, 0.8, 10, 35), (5, 26.0, 29.0, 0.896551724137931, 6, 35), (6, 26.0, 32.0, 0.8125, 3, 35)]",162,2,19.3050000667572,0.0
113,Experiment 4,4 Layers-Batch Size = 45,9,49.0,"[[(0.0, 49.0)], [(45, 4.0)], [(45, 4.0)], [(39, 1), (43, 1), (47, 2.0)], [(0.0, 3.0)], [(0.0, 3.0)], [(0.0, 8.0), (20, 1)], [(0.0, 49.0)]]","[[49.0], [4.0], [4.0], [1, 1, 2.0], [3.0], [3.0], [8.0, 1], [49.0]]","[(0, 0.0, 0.0), (1, 45, 0.9183673469387755), (2, 45, 0.9183673469387755), (3, 45, 0.9183673469387755), (4, 46, 0.9387755102040817), (5, 46, 0.9387755102040817), (6, 40, 0.8163265306122449), (7, 0.0, 0.0)]","[(1, 45.0, 45.0, 1.0, 0, 45), (2, 45.0, 45.0, 1.0, 0, 45), (3, 45.0, 47.0, 0.9574468085106383, 0, 47), (4, 46.0, 46.0, 1.0, 3, 49), (5, 46.0, 46.0, 1.0, 3, 49), (6, 40.0, 41.0, 0.975609756097561, 8, 49)]",267,2,339.3840000629425,0.0
114,Experiment 4,5 Layers-Batch Size = 15,9,20.0,"[[(0.0, 20.0)], [(18, 2.0)], [(6, 3), (12, 8.0)], [(18, 2.0)], [(0.0, 3.0), (4, 2), (7, 2), (10, 2), (14, 2), (17, 1), (19, 1.0)], [(0.0, 3.0), (4, 4), (9, 4), (14, 6.0)], [(0.0, 10.0), (11, 2), (14, 2), (19, 1.0)], [(0.0, 10.0), (11, 3)], [(0.0, 4.0), (5, 5), (13, 1), (15, 5.0)], [(0.0, 10.0), (11, 2), (15, 2), (18, 1)], [(0.0, 20.0)]]","[[20.0], [2.0], [3, 8.0], [2.0], [3.0, 2, 2, 2, 2, 1, 1.0], [3.0, 4, 4, 6.0], [10.0, 2, 2, 1.0], [10.0, 3], [4.0, 5, 1, 5.0], [10.0, 2, 2, 1], [20.0]]","[(0, 0.0, 0.0), (1, 18, 0.9), (2, 9, 0.45), (3, 18, 0.9), (4, 7, 0.35), (5, 3, 0.15), (6, 5, 0.25), (7, 7, 0.35), (8, 5, 0.25), (9, 5, 0.25), (10, 0.0, 0.0)]","[(1, 18.0, 18.0, 1.0, 0, 18), (2, 9.0, 12.0, 0.75, 0, 12), (3, 18.0, 18.0, 1.0, 0, 18), (4, 7.0, 16.0, 0.4375, 3, 19), (5, 3.0, 11.0, 0.2727272727272727, 3, 14), (6, 5.0, 9.0, 0.5555555555555556, 10, 19), (7, 7.0, 10.0, 0.7, 10, 20), (8, 5.0, 11.0, 0.45454545454545453, 4, 15), (9, 5.0, 10.0, 0.5, 10, 20)]",77,2,2.3570001125335693,0.0
115,Experiment 4,5 Layers-Batch Size = 30,9,37.0,"[[(0.0, 37.0)], [(33, 4.0)], [(30, 7.0)], [(21, 1), (28, 9.0)], [(0.0, 3.0), (4, 4), (9, 3), (13, 2), (16, 1), (19, 1), (22, 2), (25, 2), (28, 2), (31, 2), (34, 3.0)], [(0.0, 3.0), (4, 2), (7, 2), (10, 2), (14, 4), (19, 5), (26, 2), (29, 4), (34, 3.0)], [(0.0, 8.0), (9, 4), (15, 1), (17, 1), (19, 2), (22, 3), (26, 4), (31, 6.0)], [(0.0, 4.0), (7, 2), (12, 1)], [(0.0, 4.0)], [(0.0, 15.0), (16, 2), (24, 3), (28, 3), (32, 5.0)], [(0.0, 37.0)]]","[[37.0], [4.0], [7.0], [1, 9.0], [3.0, 4, 3, 2, 1, 1, 2, 2, 2, 2, 3.0], [3.0, 2, 2, 2, 4, 5, 2, 4, 3.0], [8.0, 4, 1, 1, 2, 3, 4, 6.0], [4.0, 2, 1], [4.0], [15.0, 2, 3, 3, 5.0], [37.0]]","[(0, 0.0, 0.0), (1, 33, 0.8918918918918919), (2, 30, 0.8108108108108109), (3, 27, 0.7297297297297297), (4, 12, 0.32432432432432434), (5, 10, 0.2702702702702703), (6, 8, 0.21621621621621623), (7, 30, 0.8108108108108109), (8, 33, 0.8918918918918919), (9, 9, 0.24324324324324326), (10, 0.0, 0.0)]","[(1, 33.0, 33.0, 1.0, 0, 33), (2, 30.0, 30.0, 1.0, 0, 30), (3, 27.0, 28.0, 0.9642857142857143, 0, 28), (4, 12.0, 31.0, 0.3870967741935484, 3, 34), (5, 10.0, 31.0, 0.3225806451612903, 3, 34), (6, 8.0, 23.0, 0.34782608695652173, 8, 31), (7, 30.0, 33.0, 0.9090909090909091, 4, 37), (8, 33.0, 33.0, 1.0, 4, 37), (9, 9.0, 17.0, 0.5294117647058824, 15, 32)]",192,2,22.16100001335144,0.0
116,Experiment 4,5 Layers-Batch Size = 45,9,47.0,"[[(0.0, 47.0)], [(45, 2.0)], [(45, 2.0)], [(45, 2.0)], [(0.0, 3.0), (4, 2), (8, 4), (13, 4), (18, 2), (22, 2), (26, 5), (33, 1), (37, 2), (40, 4), (46, 1.0)], [(0.0, 6.0), (8, 4), (14, 7), (24, 7), (34, 2), (38, 1), (40, 3), (46, 1.0)], [(0.0, 4.0), (5, 6), (12, 7), (20, 11), (32, 2), (38, 1), (41, 3), (46, 1.0)], [(0.0, 4.0), (19, 3), (25, 1), (44, 1)], [(0.0, 10.0), (13, 3), (24, 1), (28, 1), (32, 1)], [(0.0, 13.0), (14, 18), (33, 3), (39, 1)], [(0.0, 47.0)]]","[[47.0], [2.0], [2.0], [2.0], [3.0, 2, 4, 4, 2, 2, 5, 1, 2, 4, 1.0], [6.0, 4, 7, 7, 2, 1, 3, 1.0], [4.0, 6, 7, 11, 2, 1, 3, 1.0], [4.0, 3, 1, 1], [10.0, 3, 1, 1, 1], [13.0, 18, 3, 1], [47.0]]","[(0, 0.0, 0.0), (1, 45, 0.9574468085106383), (2, 45, 0.9574468085106383), (3, 45, 0.9574468085106383), (4, 17, 0.3617021276595745), (5, 16, 0.3404255319148936), (6, 12, 0.2553191489361702), (7, 38, 0.8085106382978723), (8, 31, 0.6595744680851063), (9, 12, 0.2553191489361702), (10, 0.0, 0.0)]","[(1, 45.0, 45.0, 1.0, 0, 45), (2, 45.0, 45.0, 1.0, 0, 45), (3, 45.0, 45.0, 1.0, 0, 45), (4, 17.0, 43.0, 0.3953488372093023, 3, 46), (5, 16.0, 40.0, 0.4, 6, 46), (6, 12.0, 42.0, 0.2857142857142857, 4, 46), (7, 38.0, 43.0, 0.8837209302325582, 4, 47), (8, 31.0, 37.0, 0.8378378378378378, 10, 47), (9, 12.0, 34.0, 0.35294117647058826, 13, 47)]",261,2,115.25699996948242,0.0
117,Experiment 4,6 Layers-Batch Size = 15,9,13.0,"[[(0.0, 13.0)], [(3, 1), (6, 7.0)], [(9, 4.0)], [(7, 1), (10, 3.0)], [(0.0, 1.0), (3, 1), (8, 5.0)], [(0.0, 1.0), (5, 2), (9, 4.0)], [(0.0, 1.0), (11, 2.0)], [(0.0, 3.0), (4, 2), (7, 1), (10, 3.0)], [(0.0, 3.0), (4, 1), (6, 5), (12, 1.0)], [(0.0, 3.0), (11, 2.0)], [(0.0, 4.0)], [(0.0, 4.0)], [(0.0, 4.0)], [(0.0, 13.0)]]","[[13.0], [1, 7.0], [4.0], [1, 3.0], [1.0, 1, 5.0], [1.0, 2, 4.0], [1.0, 2.0], [3.0, 2, 1, 3.0], [3.0, 1, 5, 1.0], [3.0, 2.0], [4.0], [4.0], [4.0], [13.0]]","[(0, 0.0, 0.0), (1, 5, 0.38461538461538464), (2, 9, 0.6923076923076923), (3, 9, 0.6923076923076923), (4, 6, 0.46153846153846156), (5, 6, 0.46153846153846156), (6, 10, 0.7692307692307693), (7, 4, 0.3076923076923077), (8, 3, 0.23076923076923078), (9, 8, 0.6153846153846154), (10, 9, 0.6923076923076923), (11, 9, 0.6923076923076923), (12, 9, 0.6923076923076923), (13, 0.0, 0.0)]","[(1, 5.0, 6.0, 0.8333333333333334, 0, 6), (2, 9.0, 9.0, 1.0, 0, 9), (3, 9.0, 10.0, 0.9, 0, 10), (4, 6.0, 7.0, 0.8571428571428571, 1, 8), (5, 6.0, 8.0, 0.75, 1, 9), (6, 10.0, 10.0, 1.0, 1, 11), (7, 4.0, 7.0, 0.5714285714285714, 3, 10), (8, 3.0, 9.0, 0.3333333333333333, 3, 12), (9, 8.0, 8.0, 1.0, 3, 11), (10, 9.0, 9.0, 1.0, 4, 13), (11, 9.0, 9.0, 1.0, 4, 13), (12, 9.0, 9.0, 1.0, 4, 13)]",87,2,3.2060000896453857,0.0
118,Experiment 4,6 Layers-Batch Size = 30,9,21.0,"[[(0.0, 21.0)], [(11, 5), (17, 4.0)], [(9, 2), (13, 8.0)], [(13, 1), (16, 5.0)], [(0.0, 1.0), (19, 2.0)], [(0.0, 1.0), (18, 3.0)], [(0.0, 1.0), (18, 3.0)], [(0.0, 3.0), (4, 1), (7, 2), (12, 1), (20, 1.0)], [(0.0, 3.0), (4, 1), (6, 1), (8, 3), (14, 1), (16, 1), (18, 3.0)], [(0.0, 5.0), (6, 1), (8, 4), (15, 1), (20, 1.0)], [(0.0, 6.0), (9, 1), (11, 1)], [(0.0, 4.0)], [(0.0, 5.0), (6, 2), (10, 2)], [(0.0, 21.0)]]","[[21.0], [5, 4.0], [2, 8.0], [1, 5.0], [1.0, 2.0], [1.0, 3.0], [1.0, 3.0], [3.0, 1, 2, 1, 1.0], [3.0, 1, 1, 3, 1, 1, 3.0], [5.0, 1, 4, 1, 1.0], [6.0, 1, 1], [4.0], [5.0, 2, 2], [21.0]]","[(0, 0.0, 0.0), (1, 12, 0.5714285714285714), (2, 11, 0.5238095238095238), (3, 15, 0.7142857142857143), (4, 18, 0.8571428571428571), (5, 17, 0.8095238095238095), (6, 17, 0.8095238095238095), (7, 13, 0.6190476190476191), (8, 8, 0.38095238095238093), (9, 9, 0.42857142857142855), (10, 13, 0.6190476190476191), (11, 17, 0.8095238095238095), (12, 12, 0.5714285714285714), (13, 0.0, 0.0)]","[(1, 12.0, 17.0, 0.7058823529411765, 0, 17), (2, 11.0, 13.0, 0.8461538461538461, 0, 13), (3, 15.0, 16.0, 0.9375, 0, 16), (4, 18.0, 18.0, 1.0, 1, 19), (5, 17.0, 17.0, 1.0, 1, 18), (6, 17.0, 17.0, 1.0, 1, 18), (7, 13.0, 17.0, 0.7647058823529411, 3, 20), (8, 8.0, 15.0, 0.5333333333333333, 3, 18), (9, 9.0, 15.0, 0.6, 5, 20), (10, 13.0, 15.0, 0.8666666666666667, 6, 21), (11, 17.0, 17.0, 1.0, 4, 21), (12, 12.0, 16.0, 0.75, 5, 21)]",162,2,45.46399998664856,0.0
119,Experiment 4,6 Layers-Batch Size = 45,9,29.0,"[[(0.0, 29.0)], [(18, 1), (21, 8.0)], [(20, 9.0)], [(21, 1), (24, 5.0)], [(0.0, 1.0), (27, 2.0)], [(0.0, 4.0), (22, 1), (24, 1), (26, 3.0)], [(0.0, 1.0), (27, 2.0)], [(0.0, 10.0), (13, 1), (19, 1), (23, 2), (28, 1.0)], [(0.0, 9.0), (21, 1), (23, 2), (27, 2.0)], [(0.0, 5.0), (7, 1), (13, 1), (16, 2), (20, 1), (23, 2), (28, 1.0)], [(0.0, 11.0), (15, 1), (23, 1)], [(0.0, 14.0), (16, 1), (28, 1.0)], [(0.0, 6.0), (7, 5)], [(0.0, 29.0)]]","[[29.0], [1, 8.0], [9.0], [1, 5.0], [1.0, 2.0], [4.0, 1, 1, 3.0], [1.0, 2.0], [10.0, 1, 1, 2, 1.0], [9.0, 1, 2, 2.0], [5.0, 1, 1, 2, 1, 2, 1.0], [11.0, 1, 1], [14.0, 1, 1.0], [6.0, 5], [29.0]]","[(0, 0.0, 0.0), (1, 20, 0.6896551724137931), (2, 20, 0.6896551724137931), (3, 23, 0.7931034482758621), (4, 26, 0.896551724137931), (5, 20, 0.6896551724137931), (6, 26, 0.896551724137931), (7, 14, 0.4827586206896552), (8, 15, 0.5172413793103449), (9, 16, 0.5517241379310345), (10, 16, 0.5517241379310345), (11, 13, 0.4482758620689655), (12, 18, 0.6206896551724138), (13, 0.0, 0.0)]","[(1, 20.0, 21.0, 0.9523809523809523, 0, 21), (2, 20.0, 20.0, 1.0, 0, 20), (3, 23.0, 24.0, 0.9583333333333334, 0, 24), (4, 26.0, 26.0, 1.0, 1, 27), (5, 20.0, 22.0, 0.9090909090909091, 4, 26), (6, 26.0, 26.0, 1.0, 1, 27), (7, 14.0, 18.0, 0.7777777777777778, 10, 28), (8, 15.0, 18.0, 0.8333333333333334, 9, 27), (9, 16.0, 23.0, 0.6956521739130435, 5, 28), (10, 16.0, 18.0, 0.8888888888888888, 11, 29), (11, 13.0, 14.0, 0.9285714285714286, 14, 28), (12, 18.0, 23.0, 0.782608695652174, 6, 29)]",227,2,85.39800000190735,0.0
120,Experiment 4,3 Layers-Batch Size = 15,10,26.0,"[[(0.0, 26.0)], [(0.0, 26.0)], [(0.0, 26.0)], [(15, 1)], [(0.0, 26.0)]]","[[26.0], [], [], [1], [26.0]]","[(0, 0.0, 0.0), (1, 26, 1.0), (2, 26, 1.0), (3, 25, 0.9615384615384616), (4, 0.0, 0.0)]","[(1, 26.0, 26.0, 1.0, 0, 26), (2, 26.0, 26.0, 1.0, 0, 26), (3, 25.0, 26.0, 0.9615384615384616, 0, 26)]",77,2,2.947999954223633,0.0
121,Experiment 4,3 Layers-Batch Size = 30,10,53.0,"[[(0.0, 53.0)], [(0.0, 53.0)], [(0.0, 53.0)], [(0.0, 53.0)], [(0.0, 53.0)]]","[[53.0], [], [], [], [53.0]]","[(0, 0.0, 0.0), (1, 53, 1.0), (2, 53, 1.0), (3, 53, 1.0), (4, 0.0, 0.0)]","[(1, 53.0, 53.0, 1.0, 0, 53), (2, 53.0, 53.0, 1.0, 0, 53), (3, 53.0, 53.0, 1.0, 0, 53)]",159,2,299.5620000362396,0.0
122,Experiment 4,3 Layers-Batch Size = 45,10,79.0,"[[(0.0, 79.0)], [(0.0, 79.0)], [(0.0, 79.0)], [(0.0, 79.0)], [(0.0, 79.0)]]","[[79.0], [], [], [], [79.0]]","[(0, 0.0, 0.0), (1, 79, 1.0), (2, 79, 1.0), (3, 79, 1.0), (4, 0.0, 0.0)]","[(1, 79.0, 79.0, 1.0, 0, 79), (2, 79.0, 79.0, 1.0, 0, 79), (3, 79.0, 79.0, 1.0, 0, 79)]",237,2,321.8439998626709,0.0
123,Experiment 4,4 Layers-Batch Size = 15,10,22.0,"[[(0.0, 22.0)], [(12, 10.0)], [(6, 2), (13, 9.0)], [(2, 1), (14, 8.0)], [(0.0, 3.0), (5, 2), (9, 2), (19, 3.0)], [(0.0, 2.0), (10, 4)], [(0.0, 2.0)], [(0.0, 22.0)]]","[[22.0], [10.0], [2, 9.0], [1, 8.0], [3.0, 2, 2, 3.0], [2.0, 4], [2.0], [22.0]]","[(0, 0.0, 0.0), (1, 12, 0.5454545454545454), (2, 11, 0.5), (3, 13, 0.5909090909090909), (4, 12, 0.5454545454545454), (5, 16, 0.7272727272727273), (6, 20, 0.9090909090909091), (7, 0.0, 0.0)]","[(1, 12.0, 12.0, 1.0, 0, 12), (2, 11.0, 13.0, 0.8461538461538461, 0, 13), (3, 13.0, 14.0, 0.9285714285714286, 0, 14), (4, 12.0, 16.0, 0.75, 3, 19), (5, 16.0, 20.0, 0.8, 2, 22), (6, 20.0, 20.0, 1.0, 2, 22)]",84,2,1.062999963760376,0.0
124,Experiment 4,4 Layers-Batch Size = 30,10,31.0,"[[(0.0, 31.0)], [(15, 1), (22, 1), (29, 2.0)], [(11, 1), (28, 3.0)], [(14, 1), (22, 2), (27, 4.0)], [(0.0, 3.0)], [(0.0, 2.0), (28, 1)], [(0.0, 2.0), (30, 1.0)], [(0.0, 31.0)]]","[[31.0], [1, 1, 2.0], [1, 3.0], [1, 2, 4.0], [3.0], [2.0, 1], [2.0, 1.0], [31.0]]","[(0, 0.0, 0.0), (1, 27, 0.8709677419354839), (2, 27, 0.8709677419354839), (3, 24, 0.7741935483870968), (4, 28, 0.9032258064516129), (5, 28, 0.9032258064516129), (6, 28, 0.9032258064516129), (7, 0.0, 0.0)]","[(1, 27.0, 29.0, 0.9310344827586207, 0, 29), (2, 27.0, 28.0, 0.9642857142857143, 0, 28), (3, 24.0, 27.0, 0.8888888888888888, 0, 27), (4, 28.0, 28.0, 1.0, 3, 31), (5, 28.0, 29.0, 0.9655172413793104, 2, 31), (6, 28.0, 28.0, 1.0, 2, 30)]",162,2,20.144999980926517,0.0
125,Experiment 4,4 Layers-Batch Size = 45,10,78.0,"[[(0.0, 78.0)], [(9, 1), (13, 2), (18, 1), (22, 56.0)], [(20, 3), (25, 2), (37, 5), (44, 3), (49, 5), (56, 2), (60, 18.0)], [(18, 1), (21, 3), (28, 1), (35, 2), (42, 2), (46, 4), (53, 25.0)], [(0.0, 12.0), (16, 4), (22, 1), (25, 7), (34, 6), (42, 1), (45, 15), (62, 16.0)], [(0.0, 2.0)], [(0.0, 6.0)], [(0.0, 78.0)]]","[[78.0], [1, 2, 1, 56.0], [3, 2, 5, 3, 5, 2, 18.0], [1, 3, 1, 2, 2, 4, 25.0], [12.0, 4, 1, 7, 6, 1, 15, 16.0], [2.0], [6.0], [78.0]]","[(0, 0.0, 0.0), (1, 18, 0.23076923076923078), (2, 40, 0.5128205128205128), (3, 40, 0.5128205128205128), (4, 16, 0.20512820512820512), (5, 76, 0.9743589743589743), (6, 72, 0.9230769230769231), (7, 0.0, 0.0)]","[(1, 18.0, 22.0, 0.8181818181818182, 0, 22), (2, 40.0, 60.0, 0.6666666666666666, 0, 60), (3, 40.0, 53.0, 0.7547169811320755, 0, 53), (4, 16.0, 50.0, 0.32, 12, 62), (5, 76.0, 76.0, 1.0, 2, 78), (6, 72.0, 72.0, 1.0, 6, 78)]",262,2,29.3199999332428,0.0
126,Experiment 4,5 Layers-Batch Size = 15,10,17.0,"[[(0.0, 17.0)], [(9, 1), (13, 4.0)], [(15, 2.0)], [(8, 1), (15, 2.0)], [(0.0, 3.0), (5, 1), (7, 2), (13, 1), (16, 1.0)], [(0.0, 3.0), (5, 3), (10, 2), (16, 1.0)], [(0.0, 8.0), (10, 7.0)], [(0.0, 7.0), (8, 3), (12, 1), (14, 1)], [(0.0, 8.0), (9, 4)], [(0.0, 6.0), (9, 1), (12, 1)], [(0.0, 17.0)]]","[[17.0], [1, 4.0], [2.0], [1, 2.0], [3.0, 1, 2, 1, 1.0], [3.0, 3, 2, 1.0], [8.0, 7.0], [7.0, 3, 1, 1], [8.0, 4], [6.0, 1, 1], [17.0]]","[(0, 0.0, 0.0), (1, 12, 0.7058823529411765), (2, 15, 0.8823529411764706), (3, 14, 0.8235294117647058), (4, 9, 0.5294117647058824), (5, 8, 0.47058823529411764), (6, 2, 0.11764705882352941), (7, 5, 0.29411764705882354), (8, 5, 0.29411764705882354), (9, 9, 0.5294117647058824), (10, 0.0, 0.0)]","[(1, 12.0, 13.0, 0.9230769230769231, 0, 13), (2, 15.0, 15.0, 1.0, 0, 15), (3, 14.0, 15.0, 0.9333333333333333, 0, 15), (4, 9.0, 13.0, 0.6923076923076923, 3, 16), (5, 8.0, 13.0, 0.6153846153846154, 3, 16), (6, 2.0, 2.0, 1.0, 8, 10), (7, 5.0, 10.0, 0.5, 7, 17), (8, 5.0, 9.0, 0.5555555555555556, 8, 17), (9, 9.0, 11.0, 0.8181818181818182, 6, 17)]",79,2,4.998000144958496,0.0
127,Experiment 4,5 Layers-Batch Size = 30,10,38.0,"[[(0.0, 38.0)], [(36, 2.0)], [(18, 20.0)], [(33, 5.0)], [(0.0, 3.0), (4, 3), (8, 6), (15, 2), (22, 2), (25, 5), (32, 1), (35, 1), (37, 1.0)], [(0.0, 4.0), (6, 5), (14, 7), (22, 16.0)], [(0.0, 3.0), (4, 4), (10, 1), (12, 7), (22, 1), (25, 2), (30, 2), (33, 5.0)], [(0.0, 14.0), (16, 3), (26, 2), (29, 1), (32, 2)], [(0.0, 10.0), (13, 25.0)], [(0.0, 6.0), (8, 4), (13, 1), (16, 2), (19, 2), (22, 1), (24, 1), (26, 3), (30, 1), (32, 1), (34, 2)], [(0.0, 38.0)]]","[[38.0], [2.0], [20.0], [5.0], [3.0, 3, 6, 2, 2, 5, 1, 1, 1.0], [4.0, 5, 7, 16.0], [3.0, 4, 1, 7, 1, 2, 2, 5.0], [14.0, 3, 2, 1, 2], [10.0, 25.0], [6.0, 4, 1, 2, 2, 1, 1, 3, 1, 1, 2], [38.0]]","[(0, 0.0, 0.0), (1, 36, 0.9473684210526315), (2, 18, 0.47368421052631576), (3, 33, 0.868421052631579), (4, 14, 0.3684210526315789), (5, 6, 0.15789473684210525), (6, 13, 0.34210526315789475), (7, 16, 0.42105263157894735), (8, 3, 0.07894736842105263), (9, 14, 0.3684210526315789), (10, 0.0, 0.0)]","[(1, 36.0, 36.0, 1.0, 0, 36), (2, 18.0, 18.0, 1.0, 0, 18), (3, 33.0, 33.0, 1.0, 0, 33), (4, 14.0, 34.0, 0.4117647058823529, 3, 37), (5, 6.0, 18.0, 0.3333333333333333, 4, 22), (6, 13.0, 30.0, 0.43333333333333335, 3, 33), (7, 16.0, 24.0, 0.6666666666666666, 14, 38), (8, 3.0, 3.0, 1.0, 10, 13), (9, 14.0, 32.0, 0.4375, 6, 38)]",153,2,10.355999946594238,0.0
128,Experiment 4,5 Layers-Batch Size = 45,10,38.0,"[[(0.0, 38.0)], [(36, 2.0)], [(35, 3.0)], [(36, 2.0)], [(0.0, 12.0), (13, 5), (19, 2), (22, 2), (26, 1), (28, 1), (31, 2), (35, 1), (37, 1.0)], [(0.0, 2.0), (28, 3), (36, 2.0)], [(0.0, 4.0), (30, 1), (33, 1), (37, 1.0)], [(0.0, 19.0), (21, 5)], [(0.0, 4.0), (12, 3), (17, 1)], [(0.0, 6.0), (12, 2), (26, 1)], [(0.0, 38.0)]]","[[38.0], [2.0], [3.0], [2.0], [12.0, 5, 2, 2, 1, 1, 2, 1, 1.0], [2.0, 3, 2.0], [4.0, 1, 1, 1.0], [19.0, 5], [4.0, 3, 1], [6.0, 2, 1], [38.0]]","[(0, 0.0, 0.0), (1, 36, 0.9473684210526315), (2, 35, 0.9210526315789473), (3, 36, 0.9473684210526315), (4, 11, 0.2894736842105263), (5, 31, 0.8157894736842105), (6, 31, 0.8157894736842105), (7, 14, 0.3684210526315789), (8, 30, 0.7894736842105263), (9, 29, 0.7631578947368421), (10, 0.0, 0.0)]","[(1, 36.0, 36.0, 1.0, 0, 36), (2, 35.0, 35.0, 1.0, 0, 35), (3, 36.0, 36.0, 1.0, 0, 36), (4, 11.0, 25.0, 0.44, 12, 37), (5, 31.0, 34.0, 0.9117647058823529, 2, 36), (6, 31.0, 33.0, 0.9393939393939394, 4, 37), (7, 14.0, 19.0, 0.7368421052631579, 19, 38), (8, 30.0, 34.0, 0.8823529411764706, 4, 38), (9, 29.0, 32.0, 0.90625, 6, 38)]",253,2,289.20099997520447,0.0
129,Experiment 4,6 Layers-Batch Size = 15,10,12.0,"[[(0.0, 12.0)], [(8, 4.0)], [(1, 1), (9, 3.0)], [(6, 6.0)], [(0.0, 2.0), (3, 1), (6, 1), (8, 4.0)], [(0.0, 1.0), (2, 1), (5, 1), (7, 1), (10, 2.0)], [(0.0, 1.0), (7, 5.0)], [(0.0, 3.0), (5, 1), (11, 1.0)], [(0.0, 2.0), (4, 1), (10, 2.0)], [(0.0, 2.0), (10, 2.0)], [(0.0, 5.0)], [(0.0, 5.0)], [(0.0, 4.0)], [(0.0, 12.0)]]","[[12.0], [4.0], [1, 3.0], [6.0], [2.0, 1, 1, 4.0], [1.0, 1, 1, 1, 2.0], [1.0, 5.0], [3.0, 1, 1.0], [2.0, 1, 2.0], [2.0, 2.0], [5.0], [5.0], [4.0], [12.0]]","[(0, 0.0, 0.0), (1, 8, 0.6666666666666666), (2, 8, 0.6666666666666666), (3, 6, 0.5), (4, 4, 0.3333333333333333), (5, 6, 0.5), (6, 6, 0.5), (7, 7, 0.5833333333333334), (8, 7, 0.5833333333333334), (9, 8, 0.6666666666666666), (10, 7, 0.5833333333333334), (11, 7, 0.5833333333333334), (12, 8, 0.6666666666666666), (13, 0.0, 0.0)]","[(1, 8.0, 8.0, 1.0, 0, 8), (2, 8.0, 9.0, 0.8888888888888888, 0, 9), (3, 6.0, 6.0, 1.0, 0, 6), (4, 4.0, 6.0, 0.6666666666666666, 2, 8), (5, 6.0, 9.0, 0.6666666666666666, 1, 10), (6, 6.0, 6.0, 1.0, 1, 7), (7, 7.0, 8.0, 0.875, 3, 11), (8, 7.0, 8.0, 0.875, 2, 10), (9, 8.0, 8.0, 1.0, 2, 10), (10, 7.0, 7.0, 1.0, 5, 12), (11, 7.0, 7.0, 1.0, 5, 12), (12, 8.0, 8.0, 1.0, 4, 12)]",82,2,3.7909998893737793,0.0
130,Experiment 4,6 Layers-Batch Size = 30,10,19.0,"[[(0.0, 19.0)], [(11, 1), (13, 6.0)], [(7, 12.0)], [(12, 1), (14, 5.0)], [(0.0, 1.0), (17, 2.0)], [(0.0, 1.0), (15, 4.0)], [(0.0, 1.0), (17, 2.0)], [(0.0, 3.0), (5, 1), (13, 1), (18, 1.0)], [(0.0, 3.0), (16, 3.0)], [(0.0, 2.0), (18, 1.0)], [(0.0, 6.0), (7, 1)], [(0.0, 4.0)], [(0.0, 4.0)], [(0.0, 19.0)]]","[[19.0], [1, 6.0], [12.0], [1, 5.0], [1.0, 2.0], [1.0, 4.0], [1.0, 2.0], [3.0, 1, 1, 1.0], [3.0, 3.0], [2.0, 1.0], [6.0, 1], [4.0], [4.0], [19.0]]","[(0, 0.0, 0.0), (1, 12, 0.631578947368421), (2, 7, 0.3684210526315789), (3, 13, 0.6842105263157895), (4, 16, 0.8421052631578947), (5, 14, 0.7368421052631579), (6, 16, 0.8421052631578947), (7, 13, 0.6842105263157895), (8, 13, 0.6842105263157895), (9, 16, 0.8421052631578947), (10, 12, 0.631578947368421), (11, 15, 0.7894736842105263), (12, 15, 0.7894736842105263), (13, 0.0, 0.0)]","[(1, 12.0, 13.0, 0.9230769230769231, 0, 13), (2, 7.0, 7.0, 1.0, 0, 7), (3, 13.0, 14.0, 0.9285714285714286, 0, 14), (4, 16.0, 16.0, 1.0, 1, 17), (5, 14.0, 14.0, 1.0, 1, 15), (6, 16.0, 16.0, 1.0, 1, 17), (7, 13.0, 15.0, 0.8666666666666667, 3, 18), (8, 13.0, 13.0, 1.0, 3, 16), (9, 16.0, 16.0, 1.0, 2, 18), (10, 12.0, 13.0, 0.9230769230769231, 6, 19), (11, 15.0, 15.0, 1.0, 4, 19), (12, 15.0, 15.0, 1.0, 4, 19)]",162,2,66.73400020599365,0.0
131,Experiment 4,6 Layers-Batch Size = 45,10,26.0,"[[(0.0, 26.0)], [(14, 1), (16, 10.0)], [(9, 1), (15, 11.0)], [(18, 8.0)], [(0.0, 1.0), (24, 2.0)], [(0.0, 1.0), (22, 4.0)], [(0.0, 1.0), (24, 2.0)], [(0.0, 3.0), (25, 1.0)], [(0.0, 2.0), (24, 2.0)], [(0.0, 2.0), (22, 1), (25, 1.0)], [(0.0, 4.0)], [(0.0, 4.0)], [(0.0, 4.0)], [(0.0, 26.0)]]","[[26.0], [1, 10.0], [1, 11.0], [8.0], [1.0, 2.0], [1.0, 4.0], [1.0, 2.0], [3.0, 1.0], [2.0, 2.0], [2.0, 1, 1.0], [4.0], [4.0], [4.0], [26.0]]","[(0, 0.0, 0.0), (1, 15, 0.5769230769230769), (2, 14, 0.5384615384615384), (3, 18, 0.6923076923076923), (4, 23, 0.8846153846153846), (5, 21, 0.8076923076923077), (6, 23, 0.8846153846153846), (7, 22, 0.8461538461538461), (8, 22, 0.8461538461538461), (9, 22, 0.8461538461538461), (10, 22, 0.8461538461538461), (11, 22, 0.8461538461538461), (12, 22, 0.8461538461538461), (13, 0.0, 0.0)]","[(1, 15.0, 16.0, 0.9375, 0, 16), (2, 14.0, 15.0, 0.9333333333333333, 0, 15), (3, 18.0, 18.0, 1.0, 0, 18), (4, 23.0, 23.0, 1.0, 1, 24), (5, 21.0, 21.0, 1.0, 1, 22), (6, 23.0, 23.0, 1.0, 1, 24), (7, 22.0, 22.0, 1.0, 3, 25), (8, 22.0, 22.0, 1.0, 2, 24), (9, 22.0, 23.0, 0.9565217391304348, 2, 25), (10, 22.0, 22.0, 1.0, 4, 26), (11, 22.0, 22.0, 1.0, 4, 26), (12, 22.0, 22.0, 1.0, 4, 26)]",246,2,614.805999994278,0.0
132,Experiment 4,3 Layers-Batch Size = 15,11,32.0,"[[(0.0, 32.0)], [(0.0, 32.0)], [(31, 1.0)], [(18, 1)], [(0.0, 32.0)]]","[[32.0], [], [1.0], [1], [32.0]]","[(0, 0.0, 0.0), (1, 32, 1.0), (2, 31, 0.96875), (3, 31, 0.96875), (4, 0.0, 0.0)]","[(1, 32.0, 32.0, 1.0, 0, 32), (2, 31.0, 31.0, 1.0, 0, 31), (3, 31.0, 32.0, 0.96875, 0, 32)]",94,2,4.422000169754028,0.0
133,Experiment 4,3 Layers-Batch Size = 30,11,62.0,"[[(0.0, 62.0)], [(0.0, 62.0)], [(0.0, 62.0)], [(0.0, 62.0)], [(0.0, 62.0)]]","[[62.0], [], [], [], [62.0]]","[(0, 0.0, 0.0), (1, 62, 1.0), (2, 62, 1.0), (3, 62, 1.0), (4, 0.0, 0.0)]","[(1, 62.0, 62.0, 1.0, 0, 62), (2, 62.0, 62.0, 1.0, 0, 62), (3, 62.0, 62.0, 1.0, 0, 62)]",186,2,173.3619999885559,0.0
134,Experiment 4,3 Layers-Batch Size = 45,11,94.0,"[[(0.0, 94.0)], [(0.0, 94.0)], [(0.0, 94.0)], [(0.0, 94.0)], [(0.0, 94.0)]]","[[94.0], [], [], [], [94.0]]","[(0, 0.0, 0.0), (1, 94, 1.0), (2, 94, 1.0), (3, 94, 1.0), (4, 0.0, 0.0)]","[(1, 94.0, 94.0, 1.0, 0, 94), (2, 94.0, 94.0, 1.0, 0, 94), (3, 94.0, 94.0, 1.0, 0, 94)]",282,2,587.585000038147,0.0
135,Experiment 4,4 Layers-Batch Size = 15,11,26.0,"[[(0.0, 26.0)], [(14, 12.0)], [(10, 5), (17, 9.0)], [(2, 3), (9, 3), (16, 10.0)], [(0.0, 2.0), (10, 2), (20, 2)], [(0.0, 2.0)], [(0.0, 2.0), (7, 2), (11, 1), (14, 2), (18, 8.0)], [(0.0, 26.0)]]","[[26.0], [12.0], [5, 9.0], [3, 3, 10.0], [2.0, 2, 2], [2.0], [2.0, 2, 1, 2, 8.0], [26.0]]","[(0, 0.0, 0.0), (1, 14, 0.5384615384615384), (2, 12, 0.46153846153846156), (3, 10, 0.38461538461538464), (4, 20, 0.7692307692307693), (5, 24, 0.9230769230769231), (6, 11, 0.4230769230769231), (7, 0.0, 0.0)]","[(1, 14.0, 14.0, 1.0, 0, 14), (2, 12.0, 17.0, 0.7058823529411765, 0, 17), (3, 10.0, 16.0, 0.625, 0, 16), (4, 20.0, 24.0, 0.8333333333333334, 2, 26), (5, 24.0, 24.0, 1.0, 2, 26), (6, 11.0, 16.0, 0.6875, 2, 18)]",91,2,1.13100004196167,0.0
136,Experiment 4,4 Layers-Batch Size = 30,11,42.0,"[[(0.0, 42.0)], [(14, 1), (19, 1), (22, 2), (26, 1), (29, 13.0)], [(18, 1), (23, 9), (34, 8.0)], [(4, 1), (9, 2), (15, 2), (19, 1), (24, 4), (30, 12.0)], [(0.0, 2.0)], [(0.0, 2.0)], [(0.0, 2.0), (41, 1.0)], [(0.0, 42.0)]]","[[42.0], [1, 1, 2, 1, 13.0], [1, 9, 8.0], [1, 2, 2, 1, 4, 12.0], [2.0], [2.0], [2.0, 1.0], [42.0]]","[(0, 0.0, 0.0), (1, 24, 0.5714285714285714), (2, 24, 0.5714285714285714), (3, 20, 0.47619047619047616), (4, 40, 0.9523809523809523), (5, 40, 0.9523809523809523), (6, 39, 0.9285714285714286), (7, 0.0, 0.0)]","[(1, 24.0, 29.0, 0.8275862068965517, 0, 29), (2, 24.0, 34.0, 0.7058823529411765, 0, 34), (3, 20.0, 30.0, 0.6666666666666666, 0, 30), (4, 40.0, 40.0, 1.0, 2, 42), (5, 40.0, 40.0, 1.0, 2, 42), (6, 39.0, 39.0, 1.0, 2, 41)]",187,2,10.877999782562256,0.0
137,Experiment 4,4 Layers-Batch Size = 45,11,66.0,"[[(0.0, 66.0)], [(16, 1), (21, 2), (25, 1), (28, 1), (31, 6), (39, 27.0)], [(64, 2.0)], [(60, 6.0)], [(0.0, 9.0), (14, 4), (26, 4), (42, 3), (49, 3), (56, 3), (63, 3.0)], [(0.0, 5.0), (13, 1), (22, 1), (25, 1), (30, 2), (42, 1), (47, 1), (52, 1), (63, 1)], [(0.0, 7.0), (9, 5), (16, 10), (30, 2), (42, 5), (49, 1), (52, 4), (58, 2)], [(0.0, 66.0)]]","[[66.0], [1, 2, 1, 1, 6, 27.0], [2.0], [6.0], [9.0, 4, 4, 3, 3, 3, 3.0], [5.0, 1, 1, 1, 2, 1, 1, 1, 1], [7.0, 5, 10, 2, 5, 1, 4, 2], [66.0]]","[(0, 0.0, 0.0), (1, 28, 0.42424242424242425), (2, 64, 0.9696969696969697), (3, 60, 0.9090909090909091), (4, 37, 0.5606060606060606), (5, 52, 0.7878787878787878), (6, 30, 0.45454545454545453), (7, 0.0, 0.0)]","[(1, 28.0, 39.0, 0.717948717948718, 0, 39), (2, 64.0, 64.0, 1.0, 0, 64), (3, 60.0, 60.0, 1.0, 0, 60), (4, 37.0, 54.0, 0.6851851851851852, 9, 63), (5, 52.0, 61.0, 0.8524590163934426, 5, 66), (6, 30.0, 59.0, 0.5084745762711864, 7, 66)]",271,2,21.125999927520752,0.0
138,Experiment 4,5 Layers-Batch Size = 15,11,23.0,"[[(0.0, 23.0)], [(8, 5), (15, 8.0)], [(2, 1), (11, 12.0)], [(8, 1), (15, 8.0)], [(0.0, 2.0), (3, 2), (7, 10), (18, 5.0)], [(0.0, 2.0), (4, 1), (7, 4), (13, 10.0)], [(0.0, 2.0), (3, 1), (5, 3), (12, 2), (16, 7.0)], [(0.0, 3.0)], [(0.0, 5.0), (7, 2), (12, 1), (15, 1), (17, 6.0)], [(0.0, 3.0)], [(0.0, 23.0)]]","[[23.0], [5, 8.0], [1, 12.0], [1, 8.0], [2.0, 2, 10, 5.0], [2.0, 1, 4, 10.0], [2.0, 1, 3, 2, 7.0], [3.0], [5.0, 2, 1, 1, 6.0], [3.0], [23.0]]","[(0, 0.0, 0.0), (1, 10, 0.43478260869565216), (2, 10, 0.43478260869565216), (3, 14, 0.6086956521739131), (4, 4, 0.17391304347826086), (5, 6, 0.2608695652173913), (6, 8, 0.34782608695652173), (7, 20, 0.8695652173913043), (8, 8, 0.34782608695652173), (9, 20, 0.8695652173913043), (10, 0.0, 0.0)]","[(1, 10.0, 15.0, 0.6666666666666666, 0, 15), (2, 10.0, 11.0, 0.9090909090909091, 0, 11), (3, 14.0, 15.0, 0.9333333333333333, 0, 15), (4, 4.0, 16.0, 0.25, 2, 18), (5, 6.0, 11.0, 0.5454545454545454, 2, 13), (6, 8.0, 14.0, 0.5714285714285714, 2, 16), (7, 20.0, 20.0, 1.0, 3, 23), (8, 8.0, 12.0, 0.6666666666666666, 5, 17), (9, 20.0, 20.0, 1.0, 3, 23)]",100,2,2.5,0.0
139,Experiment 4,5 Layers-Batch Size = 30,11,34.0,"[[(0.0, 34.0)], [(22, 1), (27, 7.0)], [(32, 2.0)], [(32, 2.0)], [(0.0, 4.0), (6, 4), (11, 5), (17, 5), (24, 1), (27, 1), (30, 4.0)], [(0.0, 10.0), (11, 1), (14, 1), (17, 2), (20, 1), (23, 1), (25, 1), (27, 5), (33, 1.0)], [(0.0, 2.0), (3, 3), (7, 5), (13, 1), (15, 1), (19, 1), (21, 5), (27, 1), (29, 1), (31, 1), (33, 1.0)], [(0.0, 3.0), (27, 1)], [(0.0, 11.0), (12, 2), (19, 2), (22, 2), (32, 1)], [(0.0, 7.0), (11, 1), (16, 3)], [(0.0, 34.0)]]","[[34.0], [1, 7.0], [2.0], [2.0], [4.0, 4, 5, 5, 1, 1, 4.0], [10.0, 1, 1, 2, 1, 1, 1, 5, 1.0], [2.0, 3, 5, 1, 1, 1, 5, 1, 1, 1, 1.0], [3.0, 1], [11.0, 2, 2, 2, 1], [7.0, 1, 3], [34.0]]","[(0, 0.0, 0.0), (1, 26, 0.7647058823529411), (2, 32, 0.9411764705882353), (3, 32, 0.9411764705882353), (4, 10, 0.29411764705882354), (5, 11, 0.3235294117647059), (6, 12, 0.35294117647058826), (7, 30, 0.8823529411764706), (8, 16, 0.47058823529411764), (9, 23, 0.6764705882352942), (10, 0.0, 0.0)]","[(1, 26.0, 27.0, 0.9629629629629629, 0, 27), (2, 32.0, 32.0, 1.0, 0, 32), (3, 32.0, 32.0, 1.0, 0, 32), (4, 10.0, 26.0, 0.38461538461538464, 4, 30), (5, 11.0, 23.0, 0.4782608695652174, 10, 33), (6, 12.0, 31.0, 0.3870967741935484, 2, 33), (7, 30.0, 31.0, 0.967741935483871, 3, 34), (8, 16.0, 23.0, 0.6956521739130435, 11, 34), (9, 23.0, 27.0, 0.8518518518518519, 7, 34)]",192,2,68.35000014305115,0.0
140,Experiment 4,5 Layers-Batch Size = 45,11,41.0,"[[(0.0, 41.0)], [(30, 1), (37, 4.0)], [(38, 3.0)], [(38, 3.0)], [(0.0, 2.0), (3, 1), (6, 1), (9, 1), (11, 2), (19, 5), (25, 2), (35, 2), (39, 2.0)], [(0.0, 2.0), (4, 2), (10, 2), (16, 3), (27, 3), (32, 1), (37, 1), (39, 2.0)], [(0.0, 2.0), (3, 1), (6, 3), (11, 1), (13, 3), (18, 1), (21, 1), (23, 3), (27, 7), (35, 1), (37, 2), (40, 1.0)], [(0.0, 3.0)], [(0.0, 4.0)], [(0.0, 3.0), (19, 1), (29, 1)], [(0.0, 41.0)]]","[[41.0], [1, 4.0], [3.0], [3.0], [2.0, 1, 1, 1, 2, 5, 2, 2, 2.0], [2.0, 2, 2, 3, 3, 1, 1, 2.0], [2.0, 1, 3, 1, 3, 1, 1, 3, 7, 1, 2, 1.0], [3.0], [4.0], [3.0, 1, 1], [41.0]]","[(0, 0.0, 0.0), (1, 36, 0.8780487804878049), (2, 38, 0.926829268292683), (3, 38, 0.926829268292683), (4, 23, 0.5609756097560976), (5, 25, 0.6097560975609756), (6, 15, 0.36585365853658536), (7, 38, 0.926829268292683), (8, 37, 0.9024390243902439), (9, 36, 0.8780487804878049), (10, 0.0, 0.0)]","[(1, 36.0, 37.0, 0.972972972972973, 0, 37), (2, 38.0, 38.0, 1.0, 0, 38), (3, 38.0, 38.0, 1.0, 0, 38), (4, 23.0, 37.0, 0.6216216216216216, 2, 39), (5, 25.0, 37.0, 0.6756756756756757, 2, 39), (6, 15.0, 38.0, 0.39473684210526316, 2, 40), (7, 38.0, 38.0, 1.0, 3, 41), (8, 37.0, 37.0, 1.0, 4, 41), (9, 36.0, 38.0, 0.9473684210526315, 3, 41)]",286,2,504.27099990844727,0.0
141,Experiment 4,6 Layers-Batch Size = 15,11,23.0,"[[(0.0, 23.0)], [(4, 1), (7, 16.0)], [(0.0, 1.0), (3, 1), (6, 17.0)], [(6, 1), (8, 15.0)], [(0.0, 1.0), (7, 2), (10, 13.0)], [(0.0, 3.0), (8, 15.0)], [(0.0, 1.0), (3, 2), (6, 1), (8, 3), (12, 11.0)], [(0.0, 2.0), (3, 2), (7, 5), (15, 8.0)], [(0.0, 6.0), (8, 2), (12, 11.0)], [(0.0, 2.0), (8, 1), (11, 12.0)], [(0.0, 3.0)], [(0.0, 8.0), (16, 7.0)], [(0.0, 3.0)], [(0.0, 23.0)]]","[[23.0], [1, 16.0], [1.0, 1, 17.0], [1, 15.0], [1.0, 2, 13.0], [3.0, 15.0], [1.0, 2, 1, 3, 11.0], [2.0, 2, 5, 8.0], [6.0, 2, 11.0], [2.0, 1, 12.0], [3.0], [8.0, 7.0], [3.0], [23.0]]","[(0, 0.0, 0.0), (1, 6, 0.2608695652173913), (2, 4, 0.17391304347826086), (3, 7, 0.30434782608695654), (4, 7, 0.30434782608695654), (5, 5, 0.21739130434782608), (6, 5, 0.21739130434782608), (7, 6, 0.2608695652173913), (8, 4, 0.17391304347826086), (9, 8, 0.34782608695652173), (10, 20, 0.8695652173913043), (11, 8, 0.34782608695652173), (12, 20, 0.8695652173913043), (13, 0.0, 0.0)]","[(1, 6.0, 7.0, 0.8571428571428571, 0, 7), (2, 4.0, 5.0, 0.8, 1, 6), (3, 7.0, 8.0, 0.875, 0, 8), (4, 7.0, 9.0, 0.7777777777777778, 1, 10), (5, 5.0, 5.0, 1.0, 3, 8), (6, 5.0, 11.0, 0.45454545454545453, 1, 12), (7, 6.0, 13.0, 0.46153846153846156, 2, 15), (8, 4.0, 6.0, 0.6666666666666666, 6, 12), (9, 8.0, 9.0, 0.8888888888888888, 2, 11), (10, 20.0, 20.0, 1.0, 3, 23), (11, 8.0, 8.0, 1.0, 8, 16), (12, 20.0, 20.0, 1.0, 3, 23)]",100,2,2.3239998817443848,0.0
142,Experiment 4,6 Layers-Batch Size = 30,11,26.0,"[[(0.0, 26.0)], [(10, 4), (15, 2), (18, 8.0)], [(12, 1), (15, 11.0)], [(10, 16.0)], [(0.0, 1.0), (11, 2), (14, 2), (18, 3), (22, 4.0)], [(0.0, 1.0), (2, 1), (4, 1), (13, 1), (15, 11.0)], [(0.0, 5.0), (14, 4), (20, 6.0)], [(0.0, 2.0), (24, 2.0)], [(0.0, 2.0), (24, 2.0)], [(0.0, 4.0), (5, 2), (8, 1), (10, 1), (14, 1), (16, 5), (22, 4.0)], [(0.0, 4.0)], [(0.0, 4.0)], [(0.0, 7.0), (13, 1), (16, 2), (24, 2.0)], [(0.0, 26.0)]]","[[26.0], [4, 2, 8.0], [1, 11.0], [16.0], [1.0, 2, 2, 3, 4.0], [1.0, 1, 1, 1, 11.0], [5.0, 4, 6.0], [2.0, 2.0], [2.0, 2.0], [4.0, 2, 1, 1, 1, 5, 4.0], [4.0], [4.0], [7.0, 1, 2, 2.0], [26.0]]","[(0, 0.0, 0.0), (1, 12, 0.46153846153846156), (2, 14, 0.5384615384615384), (3, 10, 0.38461538461538464), (4, 14, 0.5384615384615384), (5, 11, 0.4230769230769231), (6, 11, 0.4230769230769231), (7, 22, 0.8461538461538461), (8, 22, 0.8461538461538461), (9, 8, 0.3076923076923077), (10, 22, 0.8461538461538461), (11, 22, 0.8461538461538461), (12, 14, 0.5384615384615384), (13, 0.0, 0.0)]","[(1, 12.0, 18.0, 0.6666666666666666, 0, 18), (2, 14.0, 15.0, 0.9333333333333333, 0, 15), (3, 10.0, 10.0, 1.0, 0, 10), (4, 14.0, 21.0, 0.6666666666666666, 1, 22), (5, 11.0, 14.0, 0.7857142857142857, 1, 15), (6, 11.0, 15.0, 0.7333333333333333, 5, 20), (7, 22.0, 22.0, 1.0, 2, 24), (8, 22.0, 22.0, 1.0, 2, 24), (9, 8.0, 18.0, 0.4444444444444444, 4, 22), (10, 22.0, 22.0, 1.0, 4, 26), (11, 22.0, 22.0, 1.0, 4, 26), (12, 14.0, 17.0, 0.8235294117647058, 7, 24)]",182,2,38.88899993896485,0.0
143,Experiment 4,6 Layers-Batch Size = 45,11,31.0,"[[(0.0, 31.0)], [(18, 13.0)], [(22, 9.0)], [(7, 1), (16, 1), (25, 6.0)], [(0.0, 1.0), (5, 1), (8, 1), (21, 10.0)], [(0.0, 1.0), (3, 2), (6, 1), (24, 2), (28, 3.0)], [(0.0, 1.0), (4, 2), (18, 1), (25, 2), (29, 2.0)], [(0.0, 2.0), (3, 1), (10, 1), (27, 4.0)], [(0.0, 2.0), (25, 3), (29, 2.0)], [(0.0, 3.0), (5, 1), (7, 1), (9, 2), (23, 1), (25, 1), (28, 1), (30, 1.0)], [(0.0, 3.0)], [(0.0, 4.0)], [(0.0, 4.0)], [(0.0, 31.0)]]","[[31.0], [13.0], [9.0], [1, 1, 6.0], [1.0, 1, 1, 10.0], [1.0, 2, 1, 2, 3.0], [1.0, 2, 1, 2, 2.0], [2.0, 1, 1, 4.0], [2.0, 3, 2.0], [3.0, 1, 1, 2, 1, 1, 1, 1.0], [3.0], [4.0], [4.0], [31.0]]","[(0, 0.0, 0.0), (1, 18, 0.5806451612903226), (2, 22, 0.7096774193548387), (3, 23, 0.7419354838709677), (4, 18, 0.5806451612903226), (5, 22, 0.7096774193548387), (6, 23, 0.7419354838709677), (7, 23, 0.7419354838709677), (8, 24, 0.7741935483870968), (9, 20, 0.6451612903225806), (10, 28, 0.9032258064516129), (11, 27, 0.8709677419354839), (12, 27, 0.8709677419354839), (13, 0.0, 0.0)]","[(1, 18.0, 18.0, 1.0, 0, 18), (2, 22.0, 22.0, 1.0, 0, 22), (3, 23.0, 25.0, 0.92, 0, 25), (4, 18.0, 20.0, 0.9, 1, 21), (5, 22.0, 27.0, 0.8148148148148148, 1, 28), (6, 23.0, 28.0, 0.8214285714285714, 1, 29), (7, 23.0, 25.0, 0.92, 2, 27), (8, 24.0, 27.0, 0.8888888888888888, 2, 29), (9, 20.0, 27.0, 0.7407407407407407, 3, 30), (10, 28.0, 28.0, 1.0, 3, 31), (11, 27.0, 27.0, 1.0, 4, 31), (12, 27.0, 27.0, 1.0, 4, 31)]",275,2,270.316999912262,0.0
144,Experiment 4,3 Layers-Batch Size = 15,12,28.0,"[[(0.0, 28.0)], [(0.0, 28.0)], [(0.0, 28.0)], [(0.0, 28.0)], [(0.0, 28.0)]]","[[28.0], [], [], [], [28.0]]","[(0, 0.0, 0.0), (1, 28, 1.0), (2, 28, 1.0), (3, 28, 1.0), (4, 0.0, 0.0)]","[(1, 28.0, 28.0, 1.0, 0, 28), (2, 28.0, 28.0, 1.0, 0, 28), (3, 28.0, 28.0, 1.0, 0, 28)]",84,2,4.718000173568726,0.0
145,Experiment 4,3 Layers-Batch Size = 30,12,59.0,"[[(0.0, 59.0)], [(46, 1)], [(0.0, 59.0)], [(0.0, 59.0)], [(0.0, 59.0)]]","[[59.0], [1], [], [], [59.0]]","[(0, 0.0, 0.0), (1, 58, 0.9830508474576272), (2, 59, 1.0), (3, 59, 1.0), (4, 0.0, 0.0)]","[(1, 58.0, 59.0, 0.9830508474576272, 0, 59), (2, 59.0, 59.0, 1.0, 0, 59), (3, 59.0, 59.0, 1.0, 0, 59)]",176,2,133.11699986457825,0.0
146,Experiment 4,3 Layers-Batch Size = 45,12,77.0,"[[(0.0, 77.0)], [(0.0, 77.0)], [(0.0, 77.0)], [(0.0, 77.0)], [(0.0, 77.0)]]","[[77.0], [], [], [], [77.0]]","[(0, 0.0, 0.0), (1, 77, 1.0), (2, 77, 1.0), (3, 77, 1.0), (4, 0.0, 0.0)]","[(1, 77.0, 77.0, 1.0, 0, 77), (2, 77.0, 77.0, 1.0, 0, 77), (3, 77.0, 77.0, 1.0, 0, 77)]",231,2,1613.5950000286102,0.0
147,Experiment 4,4 Layers-Batch Size = 15,12,24.0,"[[(0.0, 24.0)], [(5, 19.0)], [(21, 3.0)], [(18, 6.0)], [(0.0, 2.0), (8, 16.0)], [(0.0, 3.0), (6, 3)], [(0.0, 3.0)], [(0.0, 24.0)]]","[[24.0], [19.0], [3.0], [6.0], [2.0, 16.0], [3.0, 3], [3.0], [24.0]]","[(0, 0.0, 0.0), (1, 5, 0.20833333333333334), (2, 21, 0.875), (3, 18, 0.75), (4, 6, 0.25), (5, 18, 0.75), (6, 21, 0.875), (7, 0.0, 0.0)]","[(1, 5.0, 5.0, 1.0, 0, 5), (2, 21.0, 21.0, 1.0, 0, 21), (3, 18.0, 18.0, 1.0, 0, 18), (4, 6.0, 6.0, 1.0, 2, 8), (5, 18.0, 21.0, 0.8571428571428571, 3, 24), (6, 21.0, 21.0, 1.0, 3, 24)]",89,2,1.428999900817871,0.0
148,Experiment 4,4 Layers-Batch Size = 30,12,33.0,"[[(0.0, 33.0)], [(23, 4), (30, 3.0)], [(17, 1), (30, 3.0)], [(27, 6.0)], [(0.0, 2.0), (5, 1)], [(0.0, 2.0), (29, 1)], [(0.0, 3.0)], [(0.0, 33.0)]]","[[33.0], [4, 3.0], [1, 3.0], [6.0], [2.0, 1], [2.0, 1], [3.0], [33.0]]","[(0, 0.0, 0.0), (1, 26, 0.7878787878787878), (2, 29, 0.8787878787878788), (3, 27, 0.8181818181818182), (4, 30, 0.9090909090909091), (5, 30, 0.9090909090909091), (6, 30, 0.9090909090909091), (7, 0.0, 0.0)]","[(1, 26.0, 30.0, 0.8666666666666667, 0, 30), (2, 29.0, 30.0, 0.9666666666666667, 0, 30), (3, 27.0, 27.0, 1.0, 0, 27), (4, 30.0, 31.0, 0.967741935483871, 2, 33), (5, 30.0, 31.0, 0.967741935483871, 2, 33), (6, 30.0, 30.0, 1.0, 3, 33)]",172,2,28.026000022888184,0.0
149,Experiment 4,4 Layers-Batch Size = 45,12,50.0,"[[(0.0, 50.0)], [(29, 1), (32, 1), (35, 4), (41, 9.0)], [(14, 1), (29, 2), (33, 1), (36, 3), (43, 7.0)], [(21, 3), (30, 2), (35, 4), (42, 8.0)], [(0.0, 2.0)], [(0.0, 5.0)], [(0.0, 3.0), (30, 3), (42, 2)], [(0.0, 50.0)]]","[[50.0], [1, 1, 4, 9.0], [1, 2, 1, 3, 7.0], [3, 2, 4, 8.0], [2.0], [5.0], [3.0, 3, 2], [50.0]]","[(0, 0.0, 0.0), (1, 35, 0.7), (2, 36, 0.72), (3, 33, 0.66), (4, 48, 0.96), (5, 45, 0.9), (6, 42, 0.84), (7, 0.0, 0.0)]","[(1, 35.0, 41.0, 0.8536585365853658, 0, 41), (2, 36.0, 43.0, 0.8372093023255814, 0, 43), (3, 33.0, 42.0, 0.7857142857142857, 0, 42), (4, 48.0, 48.0, 1.0, 2, 50), (5, 45.0, 45.0, 1.0, 5, 50), (6, 42.0, 47.0, 0.8936170212765957, 3, 50)]",239,2,21.881999969482425,0.0
150,Experiment 4,5 Layers-Batch Size = 15,12,18.0,"[[(0.0, 18.0)], [(15, 3.0)], [(3, 1), (14, 4.0)], [(15, 3.0)], [(0.0, 5.0), (6, 1), (8, 1), (10, 2), (14, 1), (16, 2.0)], [(0.0, 8.0), (10, 1), (13, 2), (17, 1.0)], [(0.0, 4.0), (8, 1), (10, 2), (16, 2.0)], [(0.0, 7.0), (9, 2), (13, 1)], [(0.0, 10.0), (12, 1), (15, 1)], [(0.0, 6.0), (12, 1), (15, 1)], [(0.0, 18.0)]]","[[18.0], [3.0], [1, 4.0], [3.0], [5.0, 1, 1, 2, 1, 2.0], [8.0, 1, 2, 1.0], [4.0, 1, 2, 2.0], [7.0, 2, 1], [10.0, 1, 1], [6.0, 1, 1], [18.0]]","[(0, 0.0, 0.0), (1, 15, 0.8333333333333334), (2, 13, 0.7222222222222222), (3, 15, 0.8333333333333334), (4, 6, 0.3333333333333333), (5, 6, 0.3333333333333333), (6, 9, 0.5), (7, 8, 0.4444444444444444), (8, 6, 0.3333333333333333), (9, 10, 0.5555555555555556), (10, 0.0, 0.0)]","[(1, 15.0, 15.0, 1.0, 0, 15), (2, 13.0, 14.0, 0.9285714285714286, 0, 14), (3, 15.0, 15.0, 1.0, 0, 15), (4, 6.0, 11.0, 0.5454545454545454, 5, 16), (5, 6.0, 9.0, 0.6666666666666666, 8, 17), (6, 9.0, 12.0, 0.75, 4, 16), (7, 8.0, 11.0, 0.7272727272727273, 7, 18), (8, 6.0, 8.0, 0.75, 10, 18), (9, 10.0, 12.0, 0.8333333333333334, 6, 18)]",88,2,2.995999813079834,0.0
151,Experiment 4,5 Layers-Batch Size = 30,12,39.0,"[[(0.0, 39.0)], [(36, 3.0)], [(3, 2), (19, 20.0)], [(36, 3.0)], [(0.0, 3.0), (4, 1), (6, 1), (8, 1), (13, 7), (22, 1), (24, 2), (28, 8), (37, 2.0)], [(0.0, 7.0), (9, 2), (13, 3), (18, 3), (23, 16.0)], [(0.0, 9.0), (10, 5), (17, 1), (21, 4), (27, 1), (32, 1), (35, 1), (37, 2.0)], [(0.0, 11.0), (13, 1), (18, 1), (21, 3), (36, 1)], [(0.0, 16.0), (17, 3), (21, 1), (23, 4), (28, 11.0)], [(0.0, 5.0), (7, 3), (12, 1), (16, 1), (19, 1)], [(0.0, 39.0)]]","[[39.0], [3.0], [2, 20.0], [3.0], [3.0, 1, 1, 1, 7, 1, 2, 8, 2.0], [7.0, 2, 3, 3, 16.0], [9.0, 5, 1, 4, 1, 1, 1, 2.0], [11.0, 1, 1, 3, 1], [16.0, 3, 1, 4, 11.0], [5.0, 3, 1, 1, 1], [39.0]]","[(0, 0.0, 0.0), (1, 36, 0.9230769230769231), (2, 17, 0.4358974358974359), (3, 36, 0.9230769230769231), (4, 13, 0.3333333333333333), (5, 8, 0.20512820512820512), (6, 15, 0.38461538461538464), (7, 22, 0.5641025641025641), (8, 4, 0.10256410256410256), (9, 28, 0.717948717948718), (10, 0.0, 0.0)]","[(1, 36.0, 36.0, 1.0, 0, 36), (2, 17.0, 19.0, 0.8947368421052632, 0, 19), (3, 36.0, 36.0, 1.0, 0, 36), (4, 13.0, 34.0, 0.38235294117647056, 3, 37), (5, 8.0, 16.0, 0.5, 7, 23), (6, 15.0, 28.0, 0.5357142857142857, 9, 37), (7, 22.0, 28.0, 0.7857142857142857, 11, 39), (8, 4.0, 12.0, 0.3333333333333333, 16, 28), (9, 28.0, 34.0, 0.8235294117647058, 5, 39)]",179,2,20.54900002479553,0.0
152,Experiment 4,5 Layers-Batch Size = 45,12,44.0,"[[(0.0, 44.0)], [(41, 3.0)], [(41, 3.0)], [(39, 5.0)], [(0.0, 4.0), (6, 3), (11, 4), (20, 1), (24, 2), (27, 2), (31, 1), (39, 1), (42, 2.0)], [(0.0, 2.0), (4, 2), (8, 2), (12, 2), (32, 2), (38, 2), (42, 2.0)], [(0.0, 8.0), (10, 4), (19, 2), (25, 1), (34, 1), (37, 1), (43, 1.0)], [(0.0, 5.0), (6, 12), (19, 4), (41, 1)], [(0.0, 17.0), (19, 1), (21, 6), (28, 1), (30, 1), (32, 2)], [(0.0, 19.0), (20, 2), (25, 2), (30, 2), (34, 2)], [(0.0, 44.0)]]","[[44.0], [3.0], [3.0], [5.0], [4.0, 3, 4, 1, 2, 2, 1, 1, 2.0], [2.0, 2, 2, 2, 2, 2, 2.0], [8.0, 4, 2, 1, 1, 1, 1.0], [5.0, 12, 4, 1], [17.0, 1, 6, 1, 1, 2], [19.0, 2, 2, 2, 2], [44.0]]","[(0, 0.0, 0.0), (1, 41, 0.9318181818181818), (2, 41, 0.9318181818181818), (3, 39, 0.8863636363636364), (4, 24, 0.5454545454545454), (5, 30, 0.6818181818181818), (6, 26, 0.5909090909090909), (7, 22, 0.5), (8, 16, 0.36363636363636365), (9, 17, 0.38636363636363635), (10, 0.0, 0.0)]","[(1, 41.0, 41.0, 1.0, 0, 41), (2, 41.0, 41.0, 1.0, 0, 41), (3, 39.0, 39.0, 1.0, 0, 39), (4, 24.0, 38.0, 0.631578947368421, 4, 42), (5, 30.0, 40.0, 0.75, 2, 42), (6, 26.0, 35.0, 0.7428571428571429, 8, 43), (7, 22.0, 39.0, 0.5641025641025641, 5, 44), (8, 16.0, 27.0, 0.5925925925925926, 17, 44), (9, 17.0, 25.0, 0.68, 19, 44)]",256,2,194.8870000839233,0.0
153,Experiment 4,6 Layers-Batch Size = 15,12,12.0,"[[(0.0, 12.0)], [(4, 8.0)], [(5, 1), (7, 5.0)], [(5, 7.0)], [(0.0, 1.0), (9, 3.0)], [(0.0, 1.0), (9, 3.0)], [(0.0, 1.0), (9, 3.0)], [(0.0, 3.0), (11, 1.0)], [(0.0, 2.0), (8, 1), (11, 1.0)], [(0.0, 3.0), (10, 2.0)], [(0.0, 4.0)], [(0.0, 6.0)], [(0.0, 4.0)], [(0.0, 12.0)]]","[[12.0], [8.0], [1, 5.0], [7.0], [1.0, 3.0], [1.0, 3.0], [1.0, 3.0], [3.0, 1.0], [2.0, 1, 1.0], [3.0, 2.0], [4.0], [6.0], [4.0], [12.0]]","[(0, 0.0, 0.0), (1, 4, 0.3333333333333333), (2, 6, 0.5), (3, 5, 0.4166666666666667), (4, 8, 0.6666666666666666), (5, 8, 0.6666666666666666), (6, 8, 0.6666666666666666), (7, 8, 0.6666666666666666), (8, 8, 0.6666666666666666), (9, 7, 0.5833333333333334), (10, 8, 0.6666666666666666), (11, 6, 0.5), (12, 8, 0.6666666666666666), (13, 0.0, 0.0)]","[(1, 4.0, 4.0, 1.0, 0, 4), (2, 6.0, 7.0, 0.8571428571428571, 0, 7), (3, 5.0, 5.0, 1.0, 0, 5), (4, 8.0, 8.0, 1.0, 1, 9), (5, 8.0, 8.0, 1.0, 1, 9), (6, 8.0, 8.0, 1.0, 1, 9), (7, 8.0, 8.0, 1.0, 3, 11), (8, 8.0, 9.0, 0.8888888888888888, 2, 11), (9, 7.0, 7.0, 1.0, 3, 10), (10, 8.0, 8.0, 1.0, 4, 12), (11, 6.0, 6.0, 1.0, 6, 12), (12, 8.0, 8.0, 1.0, 4, 12)]",84,2,6.973999977111816,0.0
154,Experiment 4,6 Layers-Batch Size = 30,12,22.0,"[[(0.0, 22.0)], [(7, 15.0)], [(9, 1), (11, 11.0)], [(13, 9.0)], [(0.0, 1.0), (17, 5.0)], [(0.0, 1.0), (19, 3.0)], [(0.0, 1.0), (19, 3.0)], [(0.0, 2.0), (21, 1.0)], [(0.0, 2.0), (6, 1), (21, 1.0)], [(0.0, 3.0), (21, 1.0)], [(0.0, 6.0), (8, 5)], [(0.0, 4.0), (5, 4), (13, 2)], [(0.0, 5.0), (6, 2), (10, 1), (14, 1), (19, 1)], [(0.0, 22.0)]]","[[22.0], [15.0], [1, 11.0], [9.0], [1.0, 5.0], [1.0, 3.0], [1.0, 3.0], [2.0, 1.0], [2.0, 1, 1.0], [3.0, 1.0], [6.0, 5], [4.0, 4, 2], [5.0, 2, 1, 1, 1], [22.0]]","[(0, 0.0, 0.0), (1, 7, 0.3181818181818182), (2, 10, 0.45454545454545453), (3, 13, 0.5909090909090909), (4, 16, 0.7272727272727273), (5, 18, 0.8181818181818182), (6, 18, 0.8181818181818182), (7, 19, 0.8636363636363636), (8, 18, 0.8181818181818182), (9, 18, 0.8181818181818182), (10, 11, 0.5), (11, 12, 0.5454545454545454), (12, 12, 0.5454545454545454), (13, 0.0, 0.0)]","[(1, 7.0, 7.0, 1.0, 0, 7), (2, 10.0, 11.0, 0.9090909090909091, 0, 11), (3, 13.0, 13.0, 1.0, 0, 13), (4, 16.0, 16.0, 1.0, 1, 17), (5, 18.0, 18.0, 1.0, 1, 19), (6, 18.0, 18.0, 1.0, 1, 19), (7, 19.0, 19.0, 1.0, 2, 21), (8, 18.0, 19.0, 0.9473684210526315, 2, 21), (9, 18.0, 18.0, 1.0, 3, 21), (10, 11.0, 16.0, 0.6875, 6, 22), (11, 12.0, 18.0, 0.6666666666666666, 4, 22), (12, 12.0, 17.0, 0.7058823529411765, 5, 22)]",172,2,53.45100021362305,0.0
155,Experiment 4,6 Layers-Batch Size = 45,12,38.0,"[[(0.0, 38.0)], [(6, 1), (10, 1), (12, 26.0)], [(14, 1), (17, 2), (20, 1), (22, 16.0)], [(9, 1), (12, 1), (14, 1), (20, 18.0)], [(0.0, 1.0), (3, 2), (11, 1), (16, 2), (19, 1), (21, 17.0)], [(0.0, 1.0), (35, 3.0)], [(0.0, 1.0), (35, 3.0)], [(0.0, 2.0), (4, 2), (11, 2), (14, 2), (18, 1), (20, 1), (29, 9.0)], [(0.0, 3.0), (37, 1.0)], [(0.0, 3.0), (37, 1.0)], [(0.0, 7.0), (8, 5), (15, 3), (22, 7), (30, 8.0)], [(0.0, 5.0), (6, 4), (14, 2), (17, 1), (19, 2), (22, 1), (32, 1)], [(0.0, 13.0), (14, 2), (17, 2), (20, 1), (23, 2)], [(0.0, 38.0)]]","[[38.0], [1, 1, 26.0], [1, 2, 1, 16.0], [1, 1, 1, 18.0], [1.0, 2, 1, 2, 1, 17.0], [1.0, 3.0], [1.0, 3.0], [2.0, 2, 2, 2, 1, 1, 9.0], [3.0, 1.0], [3.0, 1.0], [7.0, 5, 3, 7, 8.0], [5.0, 4, 2, 1, 2, 1, 1], [13.0, 2, 2, 1, 2], [38.0]]","[(0, 0.0, 0.0), (1, 10, 0.2631578947368421), (2, 18, 0.47368421052631576), (3, 17, 0.4473684210526316), (4, 14, 0.3684210526315789), (5, 34, 0.8947368421052632), (6, 34, 0.8947368421052632), (7, 19, 0.5), (8, 34, 0.8947368421052632), (9, 34, 0.8947368421052632), (10, 8, 0.21052631578947367), (11, 22, 0.5789473684210527), (12, 18, 0.47368421052631576), (13, 0.0, 0.0)]","[(1, 10.0, 12.0, 0.8333333333333334, 0, 12), (2, 18.0, 22.0, 0.8181818181818182, 0, 22), (3, 17.0, 20.0, 0.85, 0, 20), (4, 14.0, 20.0, 0.7, 1, 21), (5, 34.0, 34.0, 1.0, 1, 35), (6, 34.0, 34.0, 1.0, 1, 35), (7, 19.0, 27.0, 0.7037037037037037, 2, 29), (8, 34.0, 34.0, 1.0, 3, 37), (9, 34.0, 34.0, 1.0, 3, 37), (10, 8.0, 23.0, 0.34782608695652173, 7, 30), (11, 22.0, 33.0, 0.6666666666666666, 5, 38), (12, 18.0, 25.0, 0.72, 13, 38)]",262,2,184.5279998779297,0.0
156,Experiment 4,3 Layers-Batch Size = 15,13,27.0,"[[(0.0, 27.0)], [(0.0, 27.0)], [(0.0, 27.0)], [(0.0, 2.0)], [(0.0, 27.0)]]","[[27.0], [], [], [2.0], [27.0]]","[(0, 0.0, 0.0), (1, 27, 1.0), (2, 27, 1.0), (3, 25, 0.9259259259259259), (4, 0.0, 0.0)]","[(1, 27.0, 27.0, 1.0, 0, 27), (2, 27.0, 27.0, 1.0, 0, 27), (3, 25.0, 25.0, 1.0, 2, 27)]",79,2,3.829999923706055,0.0
157,Experiment 4,3 Layers-Batch Size = 30,13,58.0,"[[(0.0, 58.0)], [(0.0, 58.0)], [(0.0, 58.0)], [(0.0, 58.0)], [(0.0, 58.0)]]","[[58.0], [], [], [], [58.0]]","[(0, 0.0, 0.0), (1, 58, 1.0), (2, 58, 1.0), (3, 58, 1.0), (4, 0.0, 0.0)]","[(1, 58.0, 58.0, 1.0, 0, 58), (2, 58.0, 58.0, 1.0, 0, 58), (3, 58.0, 58.0, 1.0, 0, 58)]",174,2,222.63100004196167,0.0
158,Experiment 4,3 Layers-Batch Size = 45,13,90.0,"[[(0.0, 90.0)], [(0.0, 90.0)], [(0.0, 90.0)], [(0.0, 90.0)], [(0.0, 90.0)]]","[[90.0], [], [], [], [90.0]]","[(0, 0.0, 0.0), (1, 90, 1.0), (2, 90, 1.0), (3, 90, 1.0), (4, 0.0, 0.0)]","[(1, 90.0, 90.0, 1.0, 0, 90), (2, 90.0, 90.0, 1.0, 0, 90), (3, 90.0, 90.0, 1.0, 0, 90)]",270,9,1800.2020001411438,0.6777777777777778
159,Experiment 4,4 Layers-Batch Size = 15,13,26.0,"[[(0.0, 26.0)], [(6, 1), (9, 2), (15, 11.0)], [(10, 16.0)], [(4, 2), (10, 16.0)], [(0.0, 2.0), (18, 2), (24, 2.0)], [(0.0, 2.0)], [(0.0, 2.0), (7, 1), (13, 1), (21, 5.0)], [(0.0, 26.0)]]","[[26.0], [1, 2, 11.0], [16.0], [2, 16.0], [2.0, 2, 2.0], [2.0], [2.0, 1, 1, 5.0], [26.0]]","[(0, 0.0, 0.0), (1, 12, 0.46153846153846156), (2, 10, 0.38461538461538464), (3, 8, 0.3076923076923077), (4, 20, 0.7692307692307693), (5, 24, 0.9230769230769231), (6, 17, 0.6538461538461539), (7, 0.0, 0.0)]","[(1, 12.0, 15.0, 0.8, 0, 15), (2, 10.0, 10.0, 1.0, 0, 10), (3, 8.0, 10.0, 0.8, 0, 10), (4, 20.0, 22.0, 0.9090909090909091, 2, 24), (5, 24.0, 24.0, 1.0, 2, 26), (6, 17.0, 19.0, 0.8947368421052632, 2, 21)]",91,2,0.8480000495910645,0.0
160,Experiment 4,4 Layers-Batch Size = 30,13,52.0,"[[(0.0, 52.0)], [(14, 1), (17, 35.0)], [(12, 1), (19, 1), (22, 1), (29, 23.0)], [(12, 1), (17, 4), (23, 29.0)], [(0.0, 6.0), (8, 3), (13, 1), (34, 2), (38, 14.0)], [(0.0, 2.0), (32, 5)], [(0.0, 2.0)], [(0.0, 52.0)]]","[[52.0], [1, 35.0], [1, 1, 1, 23.0], [1, 4, 29.0], [6.0, 3, 1, 2, 14.0], [2.0, 5], [2.0], [52.0]]","[(0, 0.0, 0.0), (1, 16, 0.3076923076923077), (2, 26, 0.5), (3, 18, 0.34615384615384615), (4, 26, 0.5), (5, 45, 0.8653846153846154), (6, 50, 0.9615384615384616), (7, 0.0, 0.0)]","[(1, 16.0, 17.0, 0.9411764705882353, 0, 17), (2, 26.0, 29.0, 0.896551724137931, 0, 29), (3, 18.0, 23.0, 0.782608695652174, 0, 23), (4, 26.0, 32.0, 0.8125, 6, 38), (5, 45.0, 50.0, 0.9, 2, 52), (6, 50.0, 50.0, 1.0, 2, 52)]",181,2,3.973999977111816,0.0
161,Experiment 4,4 Layers-Batch Size = 45,13,50.0,"[[(0.0, 50.0)], [(6, 1), (11, 1), (22, 1), (29, 11), (42, 8.0)], [(10, 1), (19, 2), (25, 1), (28, 1), (31, 3), (36, 14.0)], [(16, 2), (32, 2), (36, 3), (41, 9.0)], [(0.0, 2.0)], [(0.0, 2.0), (49, 1.0)], [(0.0, 2.0)], [(0.0, 50.0)]]","[[50.0], [1, 1, 1, 11, 8.0], [1, 2, 1, 1, 3, 14.0], [2, 2, 3, 9.0], [2.0], [2.0, 1.0], [2.0], [50.0]]","[(0, 0.0, 0.0), (1, 28, 0.56), (2, 28, 0.56), (3, 34, 0.68), (4, 48, 0.96), (5, 47, 0.94), (6, 48, 0.96), (7, 0.0, 0.0)]","[(1, 28.0, 42.0, 0.6666666666666666, 0, 42), (2, 28.0, 36.0, 0.7777777777777778, 0, 36), (3, 34.0, 41.0, 0.8292682926829268, 0, 41), (4, 48.0, 48.0, 1.0, 2, 50), (5, 47.0, 47.0, 1.0, 2, 49), (6, 48.0, 48.0, 1.0, 2, 50)]",233,2,51.48200011253357,0.0
162,Experiment 4,5 Layers-Batch Size = 15,13,14.0,"[[(0.0, 14.0)], [(12, 2.0)], [(8, 6.0)], [(10, 4.0)], [(0.0, 2.0), (11, 1), (13, 1.0)], [(0.0, 2.0), (11, 3.0)], [(0.0, 2.0), (10, 1), (13, 1.0)], [(0.0, 7.0), (8, 1), (12, 1)], [(0.0, 7.0), (12, 2.0)], [(0.0, 6.0), (8, 1)], [(0.0, 14.0)]]","[[14.0], [2.0], [6.0], [4.0], [2.0, 1, 1.0], [2.0, 3.0], [2.0, 1, 1.0], [7.0, 1, 1], [7.0, 2.0], [6.0, 1], [14.0]]","[(0, 0.0, 0.0), (1, 12, 0.8571428571428571), (2, 8, 0.5714285714285714), (3, 10, 0.7142857142857143), (4, 10, 0.7142857142857143), (5, 9, 0.6428571428571429), (6, 10, 0.7142857142857143), (7, 5, 0.35714285714285715), (8, 5, 0.35714285714285715), (9, 7, 0.5), (10, 0.0, 0.0)]","[(1, 12.0, 12.0, 1.0, 0, 12), (2, 8.0, 8.0, 1.0, 0, 8), (3, 10.0, 10.0, 1.0, 0, 10), (4, 10.0, 11.0, 0.9090909090909091, 2, 13), (5, 9.0, 9.0, 1.0, 2, 11), (6, 10.0, 11.0, 0.9090909090909091, 2, 13), (7, 5.0, 7.0, 0.7142857142857143, 7, 14), (8, 5.0, 5.0, 1.0, 7, 12), (9, 7.0, 8.0, 0.875, 6, 14)]",76,2,4.48199987411499,0.0
163,Experiment 4,5 Layers-Batch Size = 30,13,31.0,"[[(0.0, 31.0)], [(16, 4), (22, 9.0)], [(18, 1), (21, 10.0)], [(20, 1), (23, 8.0)], [(0.0, 4.0), (5, 1), (7, 1), (11, 1), (20, 4), (25, 3), (29, 2.0)], [(0.0, 2.0), (20, 1), (27, 4.0)], [(0.0, 2.0), (29, 2.0)], [(0.0, 11.0), (12, 6), (23, 4), (28, 2)], [(0.0, 9.0), (17, 2), (23, 1), (26, 1)], [(0.0, 6.0), (12, 2), (16, 1), (26, 1)], [(0.0, 31.0)]]","[[31.0], [4, 9.0], [1, 10.0], [1, 8.0], [4.0, 1, 1, 1, 4, 3, 2.0], [2.0, 1, 4.0], [2.0, 2.0], [11.0, 6, 4, 2], [9.0, 2, 1, 1], [6.0, 2, 1, 1], [31.0]]","[(0, 0.0, 0.0), (1, 18, 0.5806451612903226), (2, 20, 0.6451612903225806), (3, 22, 0.7096774193548387), (4, 15, 0.4838709677419355), (5, 24, 0.7741935483870968), (6, 27, 0.8709677419354839), (7, 8, 0.25806451612903225), (8, 18, 0.5806451612903226), (9, 21, 0.6774193548387096), (10, 0.0, 0.0)]","[(1, 18.0, 22.0, 0.8181818181818182, 0, 22), (2, 20.0, 21.0, 0.9523809523809523, 0, 21), (3, 22.0, 23.0, 0.9565217391304348, 0, 23), (4, 15.0, 25.0, 0.6, 4, 29), (5, 24.0, 25.0, 0.96, 2, 27), (6, 27.0, 27.0, 1.0, 2, 29), (7, 8.0, 20.0, 0.4, 11, 31), (8, 18.0, 22.0, 0.8181818181818182, 9, 31), (9, 21.0, 25.0, 0.84, 6, 31)]",173,2,18.792999982833862,0.0
164,Experiment 4,5 Layers-Batch Size = 45,13,34.0,"[[(0.0, 34.0)], [(32, 2.0)], [(28, 6.0)], [(28, 2), (32, 2.0)], [(0.0, 2.0), (3, 1), (8, 1), (19, 1), (30, 1), (33, 1.0)], [(0.0, 2.0), (17, 1), (27, 1), (31, 3.0)], [(0.0, 4.0), (33, 1.0)], [(0.0, 6.0), (7, 3), (12, 4), (20, 1)], [(0.0, 12.0), (16, 2)], [(0.0, 9.0), (16, 3)], [(0.0, 34.0)]]","[[34.0], [2.0], [6.0], [2, 2.0], [2.0, 1, 1, 1, 1, 1.0], [2.0, 1, 1, 3.0], [4.0, 1.0], [6.0, 3, 4, 1], [12.0, 2], [9.0, 3], [34.0]]","[(0, 0.0, 0.0), (1, 32, 0.9411764705882353), (2, 28, 0.8235294117647058), (3, 30, 0.8823529411764706), (4, 27, 0.7941176470588235), (5, 27, 0.7941176470588235), (6, 29, 0.8529411764705882), (7, 20, 0.5882352941176471), (8, 20, 0.5882352941176471), (9, 22, 0.6470588235294118), (10, 0.0, 0.0)]","[(1, 32.0, 32.0, 1.0, 0, 32), (2, 28.0, 28.0, 1.0, 0, 28), (3, 30.0, 32.0, 0.9375, 0, 32), (4, 27.0, 31.0, 0.8709677419354839, 2, 33), (5, 27.0, 29.0, 0.9310344827586207, 2, 31), (6, 29.0, 29.0, 1.0, 4, 33), (7, 20.0, 28.0, 0.7142857142857143, 6, 34), (8, 20.0, 22.0, 0.9090909090909091, 12, 34), (9, 22.0, 25.0, 0.88, 9, 34)]",235,2,302.1559998989105,0.0
165,Experiment 4,6 Layers-Batch Size = 15,13,15.0,"[[(0.0, 15.0)], [(3, 2), (6, 9.0)], [(6, 9.0)], [(3, 1), (6, 9.0)], [(0.0, 1.0), (9, 6.0)], [(0.0, 1.0), (3, 1), (6, 2), (9, 6.0)], [(0.0, 1.0), (2, 1), (4, 11.0)], [(0.0, 2.0), (14, 1.0)], [(0.0, 2.0), (14, 1.0)], [(0.0, 2.0), (13, 2.0)], [(0.0, 6.0), (7, 4)], [(0.0, 5.0), (7, 2)], [(0.0, 6.0), (9, 2)], [(0.0, 15.0)]]","[[15.0], [2, 9.0], [9.0], [1, 9.0], [1.0, 6.0], [1.0, 1, 2, 6.0], [1.0, 1, 11.0], [2.0, 1.0], [2.0, 1.0], [2.0, 2.0], [6.0, 4], [5.0, 2], [6.0, 2], [15.0]]","[(0, 0.0, 0.0), (1, 4, 0.26666666666666666), (2, 6, 0.4), (3, 5, 0.3333333333333333), (4, 8, 0.5333333333333333), (5, 5, 0.3333333333333333), (6, 2, 0.13333333333333333), (7, 12, 0.8), (8, 12, 0.8), (9, 11, 0.7333333333333333), (10, 5, 0.3333333333333333), (11, 8, 0.5333333333333333), (12, 7, 0.4666666666666667), (13, 0.0, 0.0)]","[(1, 4.0, 6.0, 0.6666666666666666, 0, 6), (2, 6.0, 6.0, 1.0, 0, 6), (3, 5.0, 6.0, 0.8333333333333334, 0, 6), (4, 8.0, 8.0, 1.0, 1, 9), (5, 5.0, 8.0, 0.625, 1, 9), (6, 2.0, 3.0, 0.6666666666666666, 1, 4), (7, 12.0, 12.0, 1.0, 2, 14), (8, 12.0, 12.0, 1.0, 2, 14), (9, 11.0, 11.0, 1.0, 2, 13), (10, 5.0, 9.0, 0.5555555555555556, 6, 15), (11, 8.0, 10.0, 0.8, 5, 15), (12, 7.0, 9.0, 0.7777777777777778, 6, 15)]",85,2,3.559000015258789,0.0
166,Experiment 4,6 Layers-Batch Size = 30,13,24.0,"[[(0.0, 24.0)], [(7, 1), (12, 12.0)], [(6, 1), (8, 3), (12, 12.0)], [(9, 2), (13, 11.0)], [(0.0, 1.0), (8, 1), (12, 12.0)], [(0.0, 1.0), (3, 2), (8, 2), (11, 1), (13, 11.0)], [(0.0, 1.0), (2, 1), (8, 1), (10, 1), (14, 1), (17, 2), (20, 4.0)], [(0.0, 2.0), (23, 1.0)], [(0.0, 2.0), (20, 4.0)], [(0.0, 2.0), (23, 1.0)], [(0.0, 9.0), (11, 1), (16, 1)], [(0.0, 6.0), (8, 1), (15, 1), (18, 2)], [(0.0, 7.0), (10, 1), (13, 1)], [(0.0, 24.0)]]","[[24.0], [1, 12.0], [1, 3, 12.0], [2, 11.0], [1.0, 1, 12.0], [1.0, 2, 2, 1, 11.0], [1.0, 1, 1, 1, 1, 2, 4.0], [2.0, 1.0], [2.0, 4.0], [2.0, 1.0], [9.0, 1, 1], [6.0, 1, 1, 2], [7.0, 1, 1], [24.0]]","[(0, 0.0, 0.0), (1, 11, 0.4583333333333333), (2, 8, 0.3333333333333333), (3, 11, 0.4583333333333333), (4, 10, 0.4166666666666667), (5, 7, 0.2916666666666667), (6, 13, 0.5416666666666666), (7, 21, 0.875), (8, 18, 0.75), (9, 21, 0.875), (10, 13, 0.5416666666666666), (11, 14, 0.5833333333333334), (12, 15, 0.625), (13, 0.0, 0.0)]","[(1, 11.0, 12.0, 0.9166666666666666, 0, 12), (2, 8.0, 12.0, 0.6666666666666666, 0, 12), (3, 11.0, 13.0, 0.8461538461538461, 0, 13), (4, 10.0, 11.0, 0.9090909090909091, 1, 12), (5, 7.0, 12.0, 0.5833333333333334, 1, 13), (6, 13.0, 19.0, 0.6842105263157895, 1, 20), (7, 21.0, 21.0, 1.0, 2, 23), (8, 18.0, 18.0, 1.0, 2, 20), (9, 21.0, 21.0, 1.0, 2, 23), (10, 13.0, 15.0, 0.8666666666666667, 9, 24), (11, 14.0, 18.0, 0.7777777777777778, 6, 24), (12, 15.0, 17.0, 0.8823529411764706, 7, 24)]",162,2,28.79399991035461,0.0
167,Experiment 4,6 Layers-Batch Size = 45,13,66.0,"[[(0.0, 66.0)], [(12, 1), (16, 2), (22, 1), (25, 1), (27, 39.0)], [(19, 1), (21, 45.0)], [(2, 1), (4, 62.0)], [(0.0, 1.0), (2, 1), (11, 1), (19, 2), (24, 5), (30, 3), (34, 1), (36, 30.0)], [(0.0, 1.0), (2, 1), (5, 1), (11, 2), (14, 1), (21, 1), (25, 3), (30, 3), (34, 7), (42, 24.0)], [(0.0, 4.0), (5, 61.0)], [(0.0, 2.0), (65, 1.0)], [(0.0, 2.0), (65, 1.0)], [(0.0, 5.0), (8, 2), (11, 3), (17, 49.0)], [(0.0, 9.0), (10, 1), (12, 1), (15, 1), (18, 1), (20, 1), (22, 5), (28, 5), (35, 2), (38, 6), (46, 2), (51, 4), (60, 3)], [(0.0, 6.0), (7, 1), (11, 14), (27, 3), (31, 7), (39, 2), (44, 1), (46, 6), (53, 1), (55, 3), (59, 2), (64, 1)], [(0.0, 23.0), (25, 21), (47, 19.0)], [(0.0, 66.0)]]","[[66.0], [1, 2, 1, 1, 39.0], [1, 45.0], [1, 62.0], [1.0, 1, 1, 2, 5, 3, 1, 30.0], [1.0, 1, 1, 2, 1, 1, 3, 3, 7, 24.0], [4.0, 61.0], [2.0, 1.0], [2.0, 1.0], [5.0, 2, 3, 49.0], [9.0, 1, 1, 1, 1, 1, 5, 5, 2, 6, 2, 4, 3], [6.0, 1, 14, 3, 7, 2, 1, 6, 1, 3, 2, 1], [23.0, 21, 19.0], [66.0]]","[(0, 0.0, 0.0), (1, 22, 0.3333333333333333), (2, 20, 0.30303030303030304), (3, 3, 0.045454545454545456), (4, 22, 0.3333333333333333), (5, 22, 0.3333333333333333), (6, 1, 0.015151515151515152), (7, 63, 0.9545454545454546), (8, 63, 0.9545454545454546), (9, 7, 0.10606060606060606), (10, 25, 0.3787878787878788), (11, 19, 0.2878787878787879), (12, 3, 0.045454545454545456), (13, 0.0, 0.0)]","[(1, 22.0, 27.0, 0.8148148148148148, 0, 27), (2, 20.0, 21.0, 0.9523809523809523, 0, 21), (3, 3.0, 4.0, 0.75, 0, 4), (4, 22.0, 35.0, 0.6285714285714286, 1, 36), (5, 22.0, 41.0, 0.5365853658536586, 1, 42), (6, 1.0, 1.0, 1.0, 4, 5), (7, 63.0, 63.0, 1.0, 2, 65), (8, 63.0, 63.0, 1.0, 2, 65), (9, 7.0, 12.0, 0.5833333333333334, 5, 17), (10, 25.0, 57.0, 0.43859649122807015, 9, 66), (11, 19.0, 60.0, 0.31666666666666665, 6, 66), (12, 3.0, 24.0, 0.125, 23, 47)]",270,2,58.26099991798401,0.0
168,Experiment 4,3 Layers-Batch Size = 15,14,31.0,"[[(0.0, 31.0)], [(0.0, 31.0)], [(5, 1)], [(23, 1)], [(0.0, 31.0)]]","[[31.0], [], [1], [1], [31.0]]","[(0, 0.0, 0.0), (1, 31, 1.0), (2, 30, 0.967741935483871), (3, 30, 0.967741935483871), (4, 0.0, 0.0)]","[(1, 31.0, 31.0, 1.0, 0, 31), (2, 30.0, 31.0, 0.967741935483871, 0, 31), (3, 30.0, 31.0, 0.967741935483871, 0, 31)]",91,2,4.859999895095825,0.0
169,Experiment 4,3 Layers-Batch Size = 30,14,57.0,"[[(0.0, 57.0)], [(0.0, 57.0)], [(0.0, 1.0)], [(49, 1)], [(0.0, 57.0)]]","[[57.0], [], [1.0], [1], [57.0]]","[(0, 0.0, 0.0), (1, 57, 1.0), (2, 56, 0.9824561403508771), (3, 56, 0.9824561403508771), (4, 0.0, 0.0)]","[(1, 57.0, 57.0, 1.0, 0, 57), (2, 56.0, 56.0, 1.0, 1, 57), (3, 56.0, 57.0, 0.9824561403508771, 0, 57)]",169,2,219.35000014305115,0.0
170,Experiment 4,3 Layers-Batch Size = 45,14,91.0,"[[(0.0, 91.0)], [(0.0, 91.0)], [(89, 2.0)], [(0.0, 91.0)], [(0.0, 91.0)]]","[[91.0], [], [2.0], [], [91.0]]","[(0, 0.0, 0.0), (1, 91, 1.0), (2, 89, 0.978021978021978), (3, 91, 1.0), (4, 0.0, 0.0)]","[(1, 91.0, 91.0, 1.0, 0, 91), (2, 89.0, 89.0, 1.0, 0, 89), (3, 91.0, 91.0, 1.0, 0, 91)]",271,9,1800.117999792099,0.4835164835164834
171,Experiment 4,4 Layers-Batch Size = 15,14,16.0,"[[(0.0, 16.0)], [(12, 4.0)], [(14, 2.0)], [(14, 2.0)], [(0.0, 5.0), (9, 1)], [(0.0, 2.0), (6, 3), (13, 1)], [(0.0, 4.0), (8, 1)], [(0.0, 16.0)]]","[[16.0], [4.0], [2.0], [2.0], [5.0, 1], [2.0, 3, 1], [4.0, 1], [16.0]]","[(0, 0.0, 0.0), (1, 12, 0.75), (2, 14, 0.875), (3, 14, 0.875), (4, 10, 0.625), (5, 10, 0.625), (6, 11, 0.6875), (7, 0.0, 0.0)]","[(1, 12.0, 12.0, 1.0, 0, 12), (2, 14.0, 14.0, 1.0, 0, 14), (3, 14.0, 14.0, 1.0, 0, 14), (4, 10.0, 11.0, 0.9090909090909091, 5, 16), (5, 10.0, 14.0, 0.7142857142857143, 2, 16), (6, 11.0, 12.0, 0.9166666666666666, 4, 16)]",71,2,2.6589999198913574,0.0
172,Experiment 4,4 Layers-Batch Size = 30,14,30.0,"[[(0.0, 30.0)], [(28, 2.0)], [(28, 2.0)], [(26, 4.0)], [(0.0, 5.0), (7, 1), (11, 1), (27, 1)], [(0.0, 4.0), (6, 3), (11, 1), (18, 1), (23, 1)], [(0.0, 3.0), (8, 2)], [(0.0, 30.0)]]","[[30.0], [2.0], [2.0], [4.0], [5.0, 1, 1, 1], [4.0, 3, 1, 1, 1], [3.0, 2], [30.0]]","[(0, 0.0, 0.0), (1, 28, 0.9333333333333333), (2, 28, 0.9333333333333333), (3, 26, 0.8666666666666667), (4, 22, 0.7333333333333333), (5, 20, 0.6666666666666666), (6, 25, 0.8333333333333334), (7, 0.0, 0.0)]","[(1, 28.0, 28.0, 1.0, 0, 28), (2, 28.0, 28.0, 1.0, 0, 28), (3, 26.0, 26.0, 1.0, 0, 26), (4, 22.0, 25.0, 0.88, 5, 30), (5, 20.0, 26.0, 0.7692307692307693, 4, 30), (6, 25.0, 27.0, 0.9259259259259259, 3, 30)]",149,2,79.52500009536743,0.0
173,Experiment 4,4 Layers-Batch Size = 45,14,87.0,"[[(0.0, 87.0)], [(84, 3.0)], [(5, 12), (19, 4), (26, 61.0)], [(80, 7.0)], [(0.0, 4.0), (7, 9), (25, 4), (32, 1), (39, 1), (43, 2), (51, 1), (64, 1), (71, 2), (76, 1), (80, 1)], [(0.0, 34.0), (36, 2), (40, 2), (44, 43.0)], [(0.0, 2.0), (4, 7), (14, 2), (25, 2), (30, 3), (51, 1), (58, 2), (75, 2), (83, 1)], [(0.0, 87.0)]]","[[87.0], [3.0], [12, 4, 61.0], [7.0], [4.0, 9, 4, 1, 1, 2, 1, 1, 2, 1, 1], [34.0, 2, 2, 43.0], [2.0, 7, 2, 2, 3, 1, 2, 2, 1], [87.0]]","[(0, 0.0, 0.0), (1, 84, 0.9655172413793104), (2, 10, 0.11494252873563218), (3, 80, 0.9195402298850575), (4, 60, 0.6896551724137931), (5, 6, 0.06896551724137931), (6, 65, 0.7471264367816092), (7, 0.0, 0.0)]","[(1, 84.0, 84.0, 1.0, 0, 84), (2, 10.0, 26.0, 0.38461538461538464, 0, 26), (3, 80.0, 80.0, 1.0, 0, 80), (4, 60.0, 83.0, 0.7228915662650602, 4, 87), (5, 6.0, 10.0, 0.6, 34, 44), (6, 65.0, 85.0, 0.7647058823529411, 2, 87)]",305,2,185.3230001926422,0.0
174,Experiment 4,5 Layers-Batch Size = 15,14,18.0,"[[(0.0, 18.0)], [(15, 3.0)], [(16, 2.0)], [(16, 2.0)], [(0.0, 8.0), (9, 2), (12, 1), (14, 1), (17, 1.0)], [(0.0, 4.0), (5, 1), (7, 5), (13, 1), (15, 3.0)], [(0.0, 4.0), (6, 2), (9, 4), (15, 1), (17, 1.0)], [(0.0, 5.0), (6, 4)], [(0.0, 12.0), (13, 2)], [(0.0, 8.0), (10, 1), (14, 1)], [(0.0, 18.0)]]","[[18.0], [3.0], [2.0], [2.0], [8.0, 2, 1, 1, 1.0], [4.0, 1, 5, 1, 3.0], [4.0, 2, 4, 1, 1.0], [5.0, 4], [12.0, 2], [8.0, 1, 1], [18.0]]","[(0, 0.0, 0.0), (1, 15, 0.8333333333333334), (2, 16, 0.8888888888888888), (3, 16, 0.8888888888888888), (4, 5, 0.2777777777777778), (5, 4, 0.2222222222222222), (6, 6, 0.3333333333333333), (7, 9, 0.5), (8, 4, 0.2222222222222222), (9, 8, 0.4444444444444444), (10, 0.0, 0.0)]","[(1, 15.0, 15.0, 1.0, 0, 15), (2, 16.0, 16.0, 1.0, 0, 16), (3, 16.0, 16.0, 1.0, 0, 16), (4, 5.0, 9.0, 0.5555555555555556, 8, 17), (5, 4.0, 11.0, 0.36363636363636365, 4, 15), (6, 6.0, 13.0, 0.46153846153846156, 4, 17), (7, 9.0, 13.0, 0.6923076923076923, 5, 18), (8, 4.0, 6.0, 0.6666666666666666, 12, 18), (9, 8.0, 10.0, 0.8, 8, 18)]",83,2,4.703999996185303,0.0
175,Experiment 4,5 Layers-Batch Size = 30,14,32.0,"[[(0.0, 32.0)], [(30, 2.0)], [(11, 1), (29, 3.0)], [(28, 4.0)], [(0.0, 3.0), (4, 4), (9, 1), (11, 4), (20, 3), (26, 1), (30, 2.0)], [(0.0, 3.0), (4, 2), (7, 7), (15, 4), (20, 4), (26, 1), (28, 2), (31, 1.0)], [(0.0, 2.0), (3, 8), (12, 3), (16, 3), (20, 1), (23, 2), (26, 3), (30, 2.0)], [(0.0, 5.0), (6, 1), (8, 6), (16, 3), (20, 4)], [(0.0, 9.0), (10, 5), (16, 1), (18, 4), (24, 2)], [(0.0, 3.0), (4, 11), (16, 4), (22, 3), (29, 1)], [(0.0, 32.0)]]","[[32.0], [2.0], [1, 3.0], [4.0], [3.0, 4, 1, 4, 3, 1, 2.0], [3.0, 2, 7, 4, 4, 1, 2, 1.0], [2.0, 8, 3, 3, 1, 2, 3, 2.0], [5.0, 1, 6, 3, 4], [9.0, 5, 1, 4, 2], [3.0, 11, 4, 3, 1], [32.0]]","[(0, 0.0, 0.0), (1, 30, 0.9375), (2, 28, 0.875), (3, 28, 0.875), (4, 14, 0.4375), (5, 8, 0.25), (6, 8, 0.25), (7, 13, 0.40625), (8, 11, 0.34375), (9, 10, 0.3125), (10, 0.0, 0.0)]","[(1, 30.0, 30.0, 1.0, 0, 30), (2, 28.0, 29.0, 0.9655172413793104, 0, 29), (3, 28.0, 28.0, 1.0, 0, 28), (4, 14.0, 27.0, 0.5185185185185185, 3, 30), (5, 8.0, 28.0, 0.2857142857142857, 3, 31), (6, 8.0, 28.0, 0.2857142857142857, 2, 30), (7, 13.0, 27.0, 0.48148148148148145, 5, 32), (8, 11.0, 23.0, 0.4782608695652174, 9, 32), (9, 10.0, 29.0, 0.3448275862068966, 3, 32)]",150,2,27.861999988555908,0.0
176,Experiment 4,5 Layers-Batch Size = 45,14,47.0,"[[(0.0, 47.0)], [(44, 3.0)], [(45, 2.0)], [(44, 3.0)], [(0.0, 5.0), (6, 1), (8, 2), (11, 11), (23, 2), (27, 1), (29, 2), (33, 2), (36, 1), (39, 1), (43, 4.0)], [(0.0, 10.0), (11, 5), (17, 4), (22, 4), (27, 2), (30, 1), (33, 3), (38, 3), (42, 1), (45, 2.0)], [(0.0, 4.0), (5, 6), (12, 2), (16, 1), (18, 1), (20, 4), (26, 2), (29, 2), (32, 1), (35, 2), (39, 2), (42, 1), (46, 1.0)], [(0.0, 14.0), (19, 7), (28, 1), (31, 1), (38, 1)], [(0.0, 18.0), (19, 5), (25, 5), (32, 2), (36, 1), (41, 1)], [(0.0, 7.0), (9, 3), (16, 6), (25, 1), (29, 2), (46, 1.0)], [(0.0, 47.0)]]","[[47.0], [3.0], [2.0], [3.0], [5.0, 1, 2, 11, 2, 1, 2, 2, 1, 1, 4.0], [10.0, 5, 4, 4, 2, 1, 3, 3, 1, 2.0], [4.0, 6, 2, 1, 1, 4, 2, 2, 1, 2, 2, 1, 1.0], [14.0, 7, 1, 1, 1], [18.0, 5, 5, 2, 1, 1], [7.0, 3, 6, 1, 2, 1.0], [47.0]]","[(0, 0.0, 0.0), (1, 44, 0.9361702127659575), (2, 45, 0.9574468085106383), (3, 44, 0.9361702127659575), (4, 15, 0.3191489361702128), (5, 12, 0.2553191489361702), (6, 18, 0.3829787234042553), (7, 23, 0.48936170212765956), (8, 15, 0.3191489361702128), (9, 27, 0.574468085106383), (10, 0.0, 0.0)]","[(1, 44.0, 44.0, 1.0, 0, 44), (2, 45.0, 45.0, 1.0, 0, 45), (3, 44.0, 44.0, 1.0, 0, 44), (4, 15.0, 38.0, 0.39473684210526316, 5, 43), (5, 12.0, 35.0, 0.34285714285714286, 10, 45), (6, 18.0, 42.0, 0.42857142857142855, 4, 46), (7, 23.0, 33.0, 0.696969696969697, 14, 47), (8, 15.0, 29.0, 0.5172413793103449, 18, 47), (9, 27.0, 39.0, 0.6923076923076923, 7, 46)]",243,2,165.24399995803833,0.0
177,Experiment 4,6 Layers-Batch Size = 15,14,11.0,"[[(0.0, 11.0)], [(8, 3.0)], [(7, 4.0)], [(7, 4.0)], [(0.0, 2.0), (5, 1), (9, 2.0)], [(0.0, 2.0), (3, 1), (8, 3.0)], [(0.0, 1.0), (6, 1), (8, 3.0)], [(0.0, 4.0), (5, 2), (10, 1.0)], [(0.0, 5.0), (9, 2.0)], [(0.0, 2.0), (9, 2.0)], [(0.0, 5.0), (7, 1)], [(0.0, 5.0)], [(0.0, 5.0)], [(0.0, 11.0)]]","[[11.0], [3.0], [4.0], [4.0], [2.0, 1, 2.0], [2.0, 1, 3.0], [1.0, 1, 3.0], [4.0, 2, 1.0], [5.0, 2.0], [2.0, 2.0], [5.0, 1], [5.0], [5.0], [11.0]]","[(0, 0.0, 0.0), (1, 8, 0.7272727272727273), (2, 7, 0.6363636363636364), (3, 7, 0.6363636363636364), (4, 6, 0.5454545454545454), (5, 5, 0.45454545454545453), (6, 6, 0.5454545454545454), (7, 4, 0.36363636363636365), (8, 4, 0.36363636363636365), (9, 7, 0.6363636363636364), (10, 5, 0.45454545454545453), (11, 6, 0.5454545454545454), (12, 6, 0.5454545454545454), (13, 0.0, 0.0)]","[(1, 8.0, 8.0, 1.0, 0, 8), (2, 7.0, 7.0, 1.0, 0, 7), (3, 7.0, 7.0, 1.0, 0, 7), (4, 6.0, 7.0, 0.8571428571428571, 2, 9), (5, 5.0, 6.0, 0.8333333333333334, 2, 8), (6, 6.0, 7.0, 0.8571428571428571, 1, 8), (7, 4.0, 6.0, 0.6666666666666666, 4, 10), (8, 4.0, 4.0, 1.0, 5, 9), (9, 7.0, 7.0, 1.0, 2, 9), (10, 5.0, 6.0, 0.8333333333333334, 5, 11), (11, 6.0, 6.0, 1.0, 5, 11), (12, 6.0, 6.0, 1.0, 5, 11)]",71,2,4.223999977111816,0.0
178,Experiment 4,6 Layers-Batch Size = 30,14,31.0,"[[(0.0, 31.0)], [(24, 1), (27, 4.0)], [(28, 3.0)], [(3, 1), (5, 26.0)], [(0.0, 7.0), (10, 1), (12, 4), (22, 1), (25, 2), (28, 3.0)], [(0.0, 2.0), (3, 1), (5, 6), (13, 1), (17, 1), (19, 2), (23, 1), (25, 1), (29, 2.0)], [(0.0, 1.0), (2, 4), (9, 22.0)], [(0.0, 4.0), (5, 5), (11, 1), (13, 4), (23, 1), (25, 2), (29, 2.0)], [(0.0, 5.0), (6, 5), (12, 2), (15, 2), (25, 1), (30, 1.0)], [(0.0, 7.0), (8, 2), (11, 7), (19, 12.0)], [(0.0, 17.0), (18, 1)], [(0.0, 11.0), (12, 3), (16, 2)], [(0.0, 12.0), (13, 8), (23, 8.0)], [(0.0, 31.0)]]","[[31.0], [1, 4.0], [3.0], [1, 26.0], [7.0, 1, 4, 1, 2, 3.0], [2.0, 1, 6, 1, 1, 2, 1, 1, 2.0], [1.0, 4, 22.0], [4.0, 5, 1, 4, 1, 2, 2.0], [5.0, 5, 2, 2, 1, 1.0], [7.0, 2, 7, 12.0], [17.0, 1], [11.0, 3, 2], [12.0, 8, 8.0], [31.0]]","[(0, 0.0, 0.0), (1, 26, 0.8387096774193549), (2, 28, 0.9032258064516129), (3, 4, 0.12903225806451613), (4, 13, 0.41935483870967744), (5, 14, 0.45161290322580644), (6, 4, 0.12903225806451613), (7, 12, 0.3870967741935484), (8, 15, 0.4838709677419355), (9, 3, 0.0967741935483871), (10, 13, 0.41935483870967744), (11, 15, 0.4838709677419355), (12, 3, 0.0967741935483871), (13, 0.0, 0.0)]","[(1, 26.0, 27.0, 0.9629629629629629, 0, 27), (2, 28.0, 28.0, 1.0, 0, 28), (3, 4.0, 5.0, 0.8, 0, 5), (4, 13.0, 21.0, 0.6190476190476191, 7, 28), (5, 14.0, 27.0, 0.5185185185185185, 2, 29), (6, 4.0, 8.0, 0.5, 1, 9), (7, 12.0, 25.0, 0.48, 4, 29), (8, 15.0, 25.0, 0.6, 5, 30), (9, 3.0, 12.0, 0.25, 7, 19), (10, 13.0, 14.0, 0.9285714285714286, 17, 31), (11, 15.0, 20.0, 0.75, 11, 31), (12, 3.0, 11.0, 0.2727272727272727, 12, 23)]",150,2,36.57399988174439,0.0
179,Experiment 4,6 Layers-Batch Size = 45,14,34.0,"[[(0.0, 34.0)], [(30, 4.0)], [(30, 4.0)], [(28, 6.0)], [(0.0, 2.0), (31, 3.0)], [(0.0, 4.0), (5, 1), (8, 1), (10, 1), (12, 5), (19, 1), (22, 1), (26, 1), (31, 3.0)], [(0.0, 2.0), (30, 4.0)], [(0.0, 4.0), (5, 1), (9, 1), (11, 1), (13, 1), (15, 1), (17, 1), (19, 1), (21, 1), (23, 1), (25, 1), (32, 2.0)], [(0.0, 6.0), (7, 1), (9, 1), (11, 1), (13, 6), (20, 4), (27, 1), (32, 2.0)], [(0.0, 4.0), (5, 1), (7, 1), (9, 1), (11, 1), (13, 1), (15, 1), (17, 1), (19, 1), (21, 1), (23, 1), (25, 1), (27, 1), (31, 3.0)], [(0.0, 5.0)], [(0.0, 10.0), (13, 7), (23, 2)], [(0.0, 5.0)], [(0.0, 34.0)]]","[[34.0], [4.0], [4.0], [6.0], [2.0, 3.0], [4.0, 1, 1, 1, 5, 1, 1, 1, 3.0], [2.0, 4.0], [4.0, 1, 1, 1, 1, 1, 1, 1, 1, 1, 1, 2.0], [6.0, 1, 1, 1, 6, 4, 1, 2.0], [4.0, 1, 1, 1, 1, 1, 1, 1, 1, 1, 1, 1, 1, 3.0], [5.0], [10.0, 7, 2], [5.0], [34.0]]","[(0, 0.0, 0.0), (1, 30, 0.8823529411764706), (2, 30, 0.8823529411764706), (3, 28, 0.8235294117647058), (4, 29, 0.8529411764705882), (5, 16, 0.47058823529411764), (6, 28, 0.8235294117647058), (7, 18, 0.5294117647058824), (8, 12, 0.35294117647058826), (9, 15, 0.4411764705882353), (10, 29, 0.8529411764705882), (11, 15, 0.4411764705882353), (12, 29, 0.8529411764705882), (13, 0.0, 0.0)]","[(1, 30.0, 30.0, 1.0, 0, 30), (2, 30.0, 30.0, 1.0, 0, 30), (3, 28.0, 28.0, 1.0, 0, 28), (4, 29.0, 29.0, 1.0, 2, 31), (5, 16.0, 27.0, 0.5925925925925926, 4, 31), (6, 28.0, 28.0, 1.0, 2, 30), (7, 18.0, 28.0, 0.6428571428571429, 4, 32), (8, 12.0, 26.0, 0.46153846153846156, 6, 32), (9, 15.0, 27.0, 0.5555555555555556, 4, 31), (10, 29.0, 29.0, 1.0, 5, 34), (11, 15.0, 24.0, 0.625, 10, 34), (12, 29.0, 29.0, 1.0, 5, 34)]",279,2,1766.6149997711182,0.0
180,Experiment 4,3 Layers-Batch Size = 15,15,35.0,"[[(0.0, 35.0)], [(12, 1), (34, 1.0)], [(14, 1), (34, 1.0)], [(0.0, 35.0)], [(0.0, 35.0)]]","[[35.0], [1, 1.0], [1, 1.0], [], [35.0]]","[(0, 0.0, 0.0), (1, 33, 0.9428571428571428), (2, 33, 0.9428571428571428), (3, 35, 1.0), (4, 0.0, 0.0)]","[(1, 33.0, 34.0, 0.9705882352941176, 0, 34), (2, 33.0, 34.0, 0.9705882352941176, 0, 34), (3, 35.0, 35.0, 1.0, 0, 35)]",101,2,5.507999897003174,0.0
181,Experiment 4,3 Layers-Batch Size = 30,15,62.0,"[[(0.0, 62.0)], [(0.0, 62.0)], [(0.0, 62.0)], [(0.0, 62.0)], [(0.0, 62.0)]]","[[62.0], [], [], [], [62.0]]","[(0, 0.0, 0.0), (1, 62, 1.0), (2, 62, 1.0), (3, 62, 1.0), (4, 0.0, 0.0)]","[(1, 62.0, 62.0, 1.0, 0, 62), (2, 62.0, 62.0, 1.0, 0, 62), (3, 62.0, 62.0, 1.0, 0, 62)]",186,2,475.7720000743866,0.0
182,Experiment 4,3 Layers-Batch Size = 45,15,90.0,"[[(0.0, 90.0)], [(0.0, 90.0)], [(82, 1)], [(0.0, 90.0)], [(0.0, 90.0)]]","[[90.0], [], [1], [], [90.0]]","[(0, 0.0, 0.0), (1, 90, 1.0), (2, 89, 0.9888888888888889), (3, 90, 1.0), (4, 0.0, 0.0)]","[(1, 90.0, 90.0, 1.0, 0, 90), (2, 89.0, 90.0, 0.9888888888888889, 0, 90), (3, 90.0, 90.0, 1.0, 0, 90)]",269,2,484.7590000629425,0.0
183,Experiment 4,4 Layers-Batch Size = 15,15,23.0,"[[(0.0, 23.0)], [(6, 1), (13, 2), (18, 5.0)], [(11, 1), (17, 6.0)], [(6, 1), (12, 4), (19, 4.0)], [(0.0, 3.0)], [(0.0, 2.0), (5, 1), (9, 1), (18, 2), (22, 1.0)], [(0.0, 7.0)], [(0.0, 23.0)]]","[[23.0], [1, 2, 5.0], [1, 6.0], [1, 4, 4.0], [3.0], [2.0, 1, 1, 2, 1.0], [7.0], [23.0]]","[(0, 0.0, 0.0), (1, 15, 0.6521739130434783), (2, 16, 0.6956521739130435), (3, 14, 0.6086956521739131), (4, 20, 0.8695652173913043), (5, 16, 0.6956521739130435), (6, 16, 0.6956521739130435), (7, 0.0, 0.0)]","[(1, 15.0, 18.0, 0.8333333333333334, 0, 18), (2, 16.0, 17.0, 0.9411764705882353, 0, 17), (3, 14.0, 19.0, 0.7368421052631579, 0, 19), (4, 20.0, 20.0, 1.0, 3, 23), (5, 16.0, 20.0, 0.8, 2, 22), (6, 16.0, 16.0, 1.0, 7, 23)]",97,2,2.819999933242798,0.0
184,Experiment 4,4 Layers-Batch Size = 30,15,51.0,"[[(0.0, 51.0)], [(21, 1), (25, 1), (35, 16.0)], [(32, 19.0)], [(24, 3), (30, 6), (42, 2), (47, 4.0)], [(0.0, 3.0), (43, 4)], [(0.0, 11.0), (13, 6), (26, 1), (31, 1), (34, 17.0)], [(0.0, 3.0)], [(0.0, 51.0)]]","[[51.0], [1, 1, 16.0], [19.0], [3, 6, 2, 4.0], [3.0, 4], [11.0, 6, 1, 1, 17.0], [3.0], [51.0]]","[(0, 0.0, 0.0), (1, 33, 0.6470588235294118), (2, 32, 0.6274509803921569), (3, 36, 0.7058823529411765), (4, 44, 0.8627450980392157), (5, 15, 0.29411764705882354), (6, 48, 0.9411764705882353), (7, 0.0, 0.0)]","[(1, 33.0, 35.0, 0.9428571428571428, 0, 35), (2, 32.0, 32.0, 1.0, 0, 32), (3, 36.0, 47.0, 0.7659574468085106, 0, 47), (4, 44.0, 48.0, 0.9166666666666666, 3, 51), (5, 15.0, 23.0, 0.6521739130434783, 11, 34), (6, 48.0, 48.0, 1.0, 3, 51)]",208,2,33.41199994087219,0.0
185,Experiment 4,4 Layers-Batch Size = 45,15,58.0,"[[(0.0, 58.0)], [(56, 2.0)], [(54, 4.0)], [(52, 1), (55, 3.0)], [(0.0, 3.0), (19, 2), (49, 1)], [(0.0, 9.0), (11, 1), (14, 1), (17, 1), (21, 2), (28, 1), (36, 1), (45, 1), (49, 1), (52, 1), (57, 1.0)], [(0.0, 3.0), (7, 3), (46, 1)], [(0.0, 58.0)]]","[[58.0], [2.0], [4.0], [1, 3.0], [3.0, 2, 1], [9.0, 1, 1, 1, 2, 1, 1, 1, 1, 1, 1.0], [3.0, 3, 1], [58.0]]","[(0, 0.0, 0.0), (1, 56, 0.9655172413793104), (2, 54, 0.9310344827586207), (3, 54, 0.9310344827586207), (4, 52, 0.896551724137931), (5, 38, 0.6551724137931034), (6, 51, 0.8793103448275862), (7, 0.0, 0.0)]","[(1, 56.0, 56.0, 1.0, 0, 56), (2, 54.0, 54.0, 1.0, 0, 54), (3, 54.0, 55.0, 0.9818181818181818, 0, 55), (4, 52.0, 55.0, 0.9454545454545454, 3, 58), (5, 38.0, 48.0, 0.7916666666666666, 9, 57), (6, 51.0, 55.0, 0.9272727272727272, 3, 58)]",305,9,1800.1080000400543,0.0172413793103448
186,Experiment 4,5 Layers-Batch Size = 15,15,22.0,"[[(0.0, 22.0)], [(20, 2.0)], [(20, 2.0)], [(15, 7.0)], [(0.0, 8.0), (10, 2), (13, 7), (21, 1.0)], [(0.0, 5.0), (6, 3), (11, 1), (14, 1), (19, 1), (21, 1.0)], [(0.0, 2.0), (3, 4), (8, 14.0)], [(0.0, 11.0), (14, 3), (18, 3)], [(0.0, 6.0), (7, 1), (13, 1), (15, 1)], [(0.0, 3.0), (5, 14), (21, 1.0)], [(0.0, 22.0)]]","[[22.0], [2.0], [2.0], [7.0], [8.0, 2, 7, 1.0], [5.0, 3, 1, 1, 1, 1.0], [2.0, 4, 14.0], [11.0, 3, 3], [6.0, 1, 1, 1], [3.0, 14, 1.0], [22.0]]","[(0, 0.0, 0.0), (1, 20, 0.9090909090909091), (2, 20, 0.9090909090909091), (3, 15, 0.6818181818181818), (4, 4, 0.18181818181818182), (5, 10, 0.45454545454545453), (6, 2, 0.09090909090909091), (7, 5, 0.22727272727272727), (8, 13, 0.5909090909090909), (9, 4, 0.18181818181818182), (10, 0.0, 0.0)]","[(1, 20.0, 20.0, 1.0, 0, 20), (2, 20.0, 20.0, 1.0, 0, 20), (3, 15.0, 15.0, 1.0, 0, 15), (4, 4.0, 13.0, 0.3076923076923077, 8, 21), (5, 10.0, 16.0, 0.625, 5, 21), (6, 2.0, 6.0, 0.3333333333333333, 2, 8), (7, 5.0, 11.0, 0.45454545454545453, 11, 22), (8, 13.0, 16.0, 0.8125, 6, 22), (9, 4.0, 18.0, 0.2222222222222222, 3, 21)]",93,2,2.344000101089477,0.0
187,Experiment 4,5 Layers-Batch Size = 30,15,67.0,"[[(0.0, 67.0)], [(65, 2.0)], [(65, 2.0)], [(3, 1), (11, 56.0)], [(0.0, 17.0), (18, 3), (22, 11), (34, 2), (37, 6), (45, 3), (49, 1), (52, 9), (62, 1), (66, 1.0)], [(0.0, 6.0), (7, 3), (11, 1), (13, 4), (18, 5), (24, 13), (39, 4), (44, 7), (54, 2), (58, 7), (66, 1.0)], [(0.0, 4.0), (6, 7), (15, 16), (32, 35.0)], [(0.0, 16.0), (18, 2), (22, 13), (36, 8), (45, 3), (49, 1), (51, 3), (55, 1), (58, 2), (62, 1), (64, 1)], [(0.0, 37.0), (38, 4), (44, 3), (48, 4), (57, 6), (64, 1)], [(0.0, 16.0), (18, 2), (22, 16), (40, 27.0)], [(0.0, 67.0)]]","[[67.0], [2.0], [2.0], [1, 56.0], [17.0, 3, 11, 2, 6, 3, 1, 9, 1, 1.0], [6.0, 3, 1, 4, 5, 13, 4, 7, 2, 7, 1.0], [4.0, 7, 16, 35.0], [16.0, 2, 13, 8, 3, 1, 3, 1, 2, 1, 1], [37.0, 4, 3, 4, 6, 1], [16.0, 2, 16, 27.0], [67.0]]","[(0, 0.0, 0.0), (1, 65, 0.9701492537313433), (2, 65, 0.9701492537313433), (3, 10, 0.14925373134328357), (4, 13, 0.19402985074626866), (5, 14, 0.208955223880597), (6, 5, 0.07462686567164178), (7, 16, 0.23880597014925373), (8, 12, 0.1791044776119403), (9, 6, 0.08955223880597014), (10, 0.0, 0.0)]","[(1, 65.0, 65.0, 1.0, 0, 65), (2, 65.0, 65.0, 1.0, 0, 65), (3, 10.0, 11.0, 0.9090909090909091, 0, 11), (4, 13.0, 49.0, 0.2653061224489796, 17, 66), (5, 14.0, 60.0, 0.23333333333333334, 6, 66), (6, 5.0, 28.0, 0.17857142857142858, 4, 32), (7, 16.0, 51.0, 0.3137254901960784, 16, 67), (8, 12.0, 30.0, 0.4, 37, 67), (9, 6.0, 24.0, 0.25, 16, 40)]",206,2,15.97599983215332,0.0
188,Experiment 4,5 Layers-Batch Size = 45,15,62.0,"[[(0.0, 62.0)], [(60, 2.0)], [(60, 2.0)], [(27, 1), (38, 2), (42, 1), (47, 15.0)], [(0.0, 11.0), (12, 8), (21, 3), (27, 8), (36, 1), (39, 3), (43, 4), (48, 3), (52, 1), (55, 1), (57, 3), (61, 1.0)], [(0.0, 3.0), (4, 1), (7, 8), (16, 1), (19, 1), (21, 2), (24, 1), (26, 2), (30, 1), (34, 3), (40, 5), (46, 3), (50, 4), (56, 1), (59, 1), (61, 1.0)], [(0.0, 6.0), (7, 4), (12, 6), (19, 3), (23, 11), (35, 17), (53, 3), (57, 5.0)], [(0.0, 13.0), (14, 15), (30, 12), (43, 8), (53, 1), (55, 1), (58, 2)], [(0.0, 7.0), (9, 1), (12, 7), (21, 3), (25, 2), (29, 1), (32, 1), (38, 2), (43, 1), (53, 2), (56, 1)], [(0.0, 12.0), (14, 7), (23, 3), (28, 2), (34, 6), (42, 2), (46, 3), (51, 4), (59, 1)], [(0.0, 62.0)]]","[[62.0], [2.0], [2.0], [1, 2, 1, 15.0], [11.0, 8, 3, 8, 1, 3, 4, 3, 1, 1, 3, 1.0], [3.0, 1, 8, 1, 1, 2, 1, 2, 1, 3, 5, 3, 4, 1, 1, 1.0], [6.0, 4, 6, 3, 11, 17, 3, 5.0], [13.0, 15, 12, 8, 1, 1, 2], [7.0, 1, 7, 3, 2, 1, 1, 2, 1, 2, 1], [12.0, 7, 3, 2, 6, 2, 3, 4, 1], [62.0]]","[(0, 0.0, 0.0), (1, 60, 0.967741935483871), (2, 60, 0.967741935483871), (3, 43, 0.6935483870967742), (4, 15, 0.24193548387096775), (5, 24, 0.3870967741935484), (6, 7, 0.11290322580645161), (7, 10, 0.16129032258064516), (8, 34, 0.5483870967741935), (9, 22, 0.3548387096774194), (10, 0.0, 0.0)]","[(1, 60.0, 60.0, 1.0, 0, 60), (2, 60.0, 60.0, 1.0, 0, 60), (3, 43.0, 47.0, 0.9148936170212766, 0, 47), (4, 15.0, 50.0, 0.3, 11, 61), (5, 24.0, 58.0, 0.41379310344827586, 3, 61), (6, 7.0, 51.0, 0.13725490196078433, 6, 57), (7, 10.0, 49.0, 0.20408163265306123, 13, 62), (8, 34.0, 55.0, 0.6181818181818182, 7, 62), (9, 22.0, 50.0, 0.44, 12, 62)]",275,2,90.59100008010864,0.0
189,Experiment 4,6 Layers-Batch Size = 15,15,19.0,"[[(0.0, 19.0)], [(16, 3.0)], [(16, 3.0)], [(2, 1), (8, 11.0)], [(0.0, 2.0), (5, 1), (7, 2), (13, 3), (17, 2.0)], [(0.0, 8.0), (9, 4), (14, 2), (17, 2.0)], [(0.0, 1.0), (3, 3), (8, 1), (11, 1), (13, 2), (16, 3.0)], [(0.0, 11.0), (15, 2), (18, 1.0)], [(0.0, 5.0), (6, 4), (11, 1), (15, 1), (18, 1.0)], [(0.0, 4.0), (10, 2), (14, 5.0)], [(0.0, 10.0), (12, 1), (17, 1)], [(0.0, 11.0), (13, 1)], [(0.0, 11.0)], [(0.0, 19.0)]]","[[19.0], [3.0], [3.0], [1, 11.0], [2.0, 1, 2, 3, 2.0], [8.0, 4, 2, 2.0], [1.0, 3, 1, 1, 2, 3.0], [11.0, 2, 1.0], [5.0, 4, 1, 1, 1.0], [4.0, 2, 5.0], [10.0, 1, 1], [11.0, 1], [11.0], [19.0]]","[(0, 0.0, 0.0), (1, 16, 0.8421052631578947), (2, 16, 0.8421052631578947), (3, 7, 0.3684210526315789), (4, 9, 0.47368421052631576), (5, 3, 0.15789473684210525), (6, 8, 0.42105263157894735), (7, 5, 0.2631578947368421), (8, 7, 0.3684210526315789), (9, 8, 0.42105263157894735), (10, 7, 0.3684210526315789), (11, 7, 0.3684210526315789), (12, 8, 0.42105263157894735), (13, 0.0, 0.0)]","[(1, 16.0, 16.0, 1.0, 0, 16), (2, 16.0, 16.0, 1.0, 0, 16), (3, 7.0, 8.0, 0.875, 0, 8), (4, 9.0, 15.0, 0.6, 2, 17), (5, 3.0, 9.0, 0.3333333333333333, 8, 17), (6, 8.0, 15.0, 0.5333333333333333, 1, 16), (7, 5.0, 7.0, 0.7142857142857143, 11, 18), (8, 7.0, 13.0, 0.5384615384615384, 5, 18), (9, 8.0, 10.0, 0.8, 4, 14), (10, 7.0, 9.0, 0.7777777777777778, 10, 19), (11, 7.0, 8.0, 0.875, 11, 19), (12, 8.0, 8.0, 1.0, 11, 19)]",101,2,2.501000165939331,0.0
190,Experiment 4,6 Layers-Batch Size = 30,15,33.0,"[[(0.0, 33.0)], [(5, 1), (15, 2), (18, 15.0)], [(1, 7), (12, 21.0)], [(6, 1), (8, 1), (15, 18.0)], [(0.0, 1.0), (27, 6.0)], [(0.0, 1.0), (2, 9), (12, 3), (16, 17.0)], [(0.0, 1.0), (29, 4.0)], [(0.0, 3.0), (25, 1), (30, 3.0)], [(0.0, 3.0), (4, 13), (18, 2), (21, 12.0)], [(0.0, 3.0), (31, 2.0)], [(0.0, 5.0)], [(0.0, 21.0), (22, 1), (27, 6.0)], [(0.0, 5.0), (7, 1), (32, 1.0)], [(0.0, 33.0)]]","[[33.0], [1, 2, 15.0], [7, 21.0], [1, 1, 18.0], [1.0, 6.0], [1.0, 9, 3, 17.0], [1.0, 4.0], [3.0, 1, 3.0], [3.0, 13, 2, 12.0], [3.0, 2.0], [5.0], [21.0, 1, 6.0], [5.0, 1, 1.0], [33.0]]","[(0, 0.0, 0.0), (1, 15, 0.45454545454545453), (2, 5, 0.15151515151515152), (3, 13, 0.3939393939393939), (4, 26, 0.7878787878787878), (5, 3, 0.09090909090909091), (6, 28, 0.8484848484848485), (7, 26, 0.7878787878787878), (8, 3, 0.09090909090909091), (9, 28, 0.8484848484848485), (10, 28, 0.8484848484848485), (11, 5, 0.15151515151515152), (12, 26, 0.7878787878787878), (13, 0.0, 0.0)]","[(1, 15.0, 18.0, 0.8333333333333334, 0, 18), (2, 5.0, 12.0, 0.4166666666666667, 0, 12), (3, 13.0, 15.0, 0.8666666666666667, 0, 15), (4, 26.0, 26.0, 1.0, 1, 27), (5, 3.0, 15.0, 0.2, 1, 16), (6, 28.0, 28.0, 1.0, 1, 29), (7, 26.0, 27.0, 0.9629629629629629, 3, 30), (8, 3.0, 18.0, 0.16666666666666666, 3, 21), (9, 28.0, 28.0, 1.0, 3, 31), (10, 28.0, 28.0, 1.0, 5, 33), (11, 5.0, 6.0, 0.8333333333333334, 21, 27), (12, 26.0, 27.0, 0.9629629629629629, 5, 32)]",206,2,191.9869999885559,0.0
191,Experiment 4,6 Layers-Batch Size = 45,15,31.0,"[[(0.0, 31.0)], [(28, 3.0)], [(28, 3.0)], [(21, 1), (23, 8.0)], [(0.0, 1.0), (20, 1), (23, 5), (29, 2.0)], [(0.0, 1.0), (7, 1), (11, 1), (16, 2), (22, 2), (26, 2), (29, 2.0)], [(0.0, 2.0), (13, 1), (24, 1), (27, 4.0)], [(0.0, 3.0), (14, 1), (30, 1.0)], [(0.0, 2.0), (7, 1), (11, 2), (15, 1), (18, 1), (22, 1), (24, 2), (27, 1), (30, 1.0)], [(0.0, 5.0), (7, 1), (19, 1), (27, 4.0)], [(0.0, 5.0), (29, 1)], [(0.0, 4.0), (6, 1)], [(0.0, 3.0)], [(0.0, 31.0)]]","[[31.0], [3.0], [3.0], [1, 8.0], [1.0, 1, 5, 2.0], [1.0, 1, 1, 2, 2, 2, 2.0], [2.0, 1, 1, 4.0], [3.0, 1, 1.0], [2.0, 1, 2, 1, 1, 1, 2, 1, 1.0], [5.0, 1, 1, 4.0], [5.0, 1], [4.0, 1], [3.0], [31.0]]","[(0, 0.0, 0.0), (1, 28, 0.9032258064516129), (2, 28, 0.9032258064516129), (3, 22, 0.7096774193548387), (4, 22, 0.7096774193548387), (5, 20, 0.6451612903225806), (6, 23, 0.7419354838709677), (7, 26, 0.8387096774193549), (8, 19, 0.6129032258064516), (9, 20, 0.6451612903225806), (10, 25, 0.8064516129032258), (11, 26, 0.8387096774193549), (12, 28, 0.9032258064516129), (13, 0.0, 0.0)]","[(1, 28.0, 28.0, 1.0, 0, 28), (2, 28.0, 28.0, 1.0, 0, 28), (3, 22.0, 23.0, 0.9565217391304348, 0, 23), (4, 22.0, 28.0, 0.7857142857142857, 1, 29), (5, 20.0, 28.0, 0.7142857142857143, 1, 29), (6, 23.0, 25.0, 0.92, 2, 27), (7, 26.0, 27.0, 0.9629629629629629, 3, 30), (8, 19.0, 28.0, 0.6785714285714286, 2, 30), (9, 20.0, 22.0, 0.9090909090909091, 5, 27), (10, 25.0, 26.0, 0.9615384615384616, 5, 31), (11, 26.0, 27.0, 0.9629629629629629, 4, 31), (12, 28.0, 28.0, 1.0, 3, 31)]",287,2,403.2269999980927,0.0
192,Experiment 4,3 Layers-Batch Size = 15,16,35.0,"[[(0.0, 35.0)], [(0.0, 1.0), (21, 1)], [(0.0, 35.0)], [(0.0, 35.0)], [(0.0, 35.0)]]","[[35.0], [1.0, 1], [], [], [35.0]]","[(0, 0.0, 0.0), (1, 33, 0.9428571428571428), (2, 35, 1.0), (3, 35, 1.0), (4, 0.0, 0.0)]","[(1, 33.0, 34.0, 0.9705882352941176, 1, 35), (2, 35.0, 35.0, 1.0, 0, 35), (3, 35.0, 35.0, 1.0, 0, 35)]",103,2,5.009999990463257,0.0
193,Experiment 4,3 Layers-Batch Size = 30,16,67.0,"[[(0.0, 67.0)], [(0.0, 67.0)], [(0.0, 67.0)], [(0.0, 67.0)], [(0.0, 67.0)]]","[[67.0], [], [], [], [67.0]]","[(0, 0.0, 0.0), (1, 67, 1.0), (2, 67, 1.0), (3, 67, 1.0), (4, 0.0, 0.0)]","[(1, 67.0, 67.0, 1.0, 0, 67), (2, 67.0, 67.0, 1.0, 0, 67), (3, 67.0, 67.0, 1.0, 0, 67)]",201,2,630.3400001525879,0.0
194,Experiment 4,3 Layers-Batch Size = 45,16,104.0,"[[(0.0, 104.0)], [(14, 2)], [(62, 1)], [(0.0, 104.0)], [(0.0, 104.0)]]","[[104.0], [2], [1], [], [104.0]]","[(0, 0.0, 0.0), (1, 102, 0.9807692307692307), (2, 103, 0.9903846153846154), (3, 104, 1.0), (4, 0.0, 0.0)]","[(1, 102.0, 104.0, 0.9807692307692307, 0, 104), (2, 103.0, 104.0, 0.9903846153846154, 0, 104), (3, 104.0, 104.0, 1.0, 0, 104)]",309,11,513.5869998931885,
195,Experiment 4,4 Layers-Batch Size = 15,16,27.0,"[[(0.0, 27.0)], [(4, 2), (8, 4), (17, 10.0)], [(16, 11.0)], [(4, 4), (10, 17.0)], [(0.0, 2.0), (24, 3.0)], [(0.0, 7.0), (11, 2)], [(0.0, 2.0)], [(0.0, 27.0)]]","[[27.0], [2, 4, 10.0], [11.0], [4, 17.0], [2.0, 3.0], [7.0, 2], [2.0], [27.0]]","[(0, 0.0, 0.0), (1, 11, 0.4074074074074074), (2, 16, 0.5925925925925926), (3, 6, 0.2222222222222222), (4, 22, 0.8148148148148148), (5, 18, 0.6666666666666666), (6, 25, 0.9259259259259259), (7, 0.0, 0.0)]","[(1, 11.0, 17.0, 0.6470588235294118, 0, 17), (2, 16.0, 16.0, 1.0, 0, 16), (3, 6.0, 10.0, 0.6, 0, 10), (4, 22.0, 22.0, 1.0, 2, 24), (5, 18.0, 20.0, 0.9, 7, 27), (6, 25.0, 25.0, 1.0, 2, 27)]",98,11,1.11899995803833,
196,Experiment 4,4 Layers-Batch Size = 30,16,44.0,"[[(0.0, 44.0)], [(16, 1), (23, 10), (35, 9.0)], [(4, 2), (12, 1), (23, 3), (28, 1), (31, 1), (34, 10.0)], [(7, 11), (20, 2), (32, 12.0)], [(0.0, 2.0)], [(0.0, 2.0)], [(0.0, 2.0), (37, 2)], [(0.0, 44.0)]]","[[44.0], [1, 10, 9.0], [2, 1, 3, 1, 1, 10.0], [11, 2, 12.0], [2.0], [2.0], [2.0, 2], [44.0]]","[(0, 0.0, 0.0), (1, 24, 0.5454545454545454), (2, 26, 0.5909090909090909), (3, 19, 0.4318181818181818), (4, 42, 0.9545454545454546), (5, 42, 0.9545454545454546), (6, 40, 0.9090909090909091), (7, 0.0, 0.0)]","[(1, 24.0, 35.0, 0.6857142857142857, 0, 35), (2, 26.0, 34.0, 0.7647058823529411, 0, 34), (3, 19.0, 32.0, 0.59375, 0, 32), (4, 42.0, 42.0, 1.0, 2, 44), (5, 42.0, 42.0, 1.0, 2, 44), (6, 40.0, 42.0, 0.9523809523809523, 2, 44)]",193,2,17.957000017166138,0.0
197,Experiment 4,4 Layers-Batch Size = 45,16,54.0,"[[(0.0, 54.0)], [(25, 1), (36, 1), (49, 5.0)], [(34, 1), (39, 3), (44, 10.0)], [(16, 1), (52, 2.0)], [(0.0, 2.0)], [(0.0, 2.0)], [(0.0, 2.0), (26, 1), (51, 1)], [(0.0, 54.0)]]","[[54.0], [1, 1, 5.0], [1, 3, 10.0], [1, 2.0], [2.0], [2.0], [2.0, 1, 1], [54.0]]","[(0, 0.0, 0.0), (1, 47, 0.8703703703703703), (2, 40, 0.7407407407407407), (3, 51, 0.9444444444444444), (4, 52, 0.9629629629629629), (5, 52, 0.9629629629629629), (6, 50, 0.9259259259259259), (7, 0.0, 0.0)]","[(1, 47.0, 49.0, 0.9591836734693877, 0, 49), (2, 40.0, 44.0, 0.9090909090909091, 0, 44), (3, 51.0, 52.0, 0.9807692307692307, 0, 52), (4, 52.0, 52.0, 1.0, 2, 54), (5, 52.0, 52.0, 1.0, 2, 54), (6, 50.0, 52.0, 0.9615384615384616, 2, 54)]",292,2,190.74000000953674,0.0
198,Experiment 4,5 Layers-Batch Size = 15,16,19.0,"[[(0.0, 19.0)], [(6, 1), (12, 7.0)], [(6, 1), (13, 6.0)], [(8, 1), (14, 5.0)], [(0.0, 2.0), (4, 1), (11, 2), (15, 4.0)], [(0.0, 2.0), (5, 1), (12, 1), (16, 3.0)], [(0.0, 2.0), (17, 2.0)], [(0.0, 7.0), (11, 1), (15, 1), (17, 2.0)], [(0.0, 9.0)], [(0.0, 5.0), (7, 2), (13, 1), (18, 1.0)], [(0.0, 19.0)]]","[[19.0], [1, 7.0], [1, 6.0], [1, 5.0], [2.0, 1, 2, 4.0], [2.0, 1, 1, 3.0], [2.0, 2.0], [7.0, 1, 1, 2.0], [9.0], [5.0, 2, 1, 1.0], [19.0]]","[(0, 0.0, 0.0), (1, 11, 0.5789473684210527), (2, 12, 0.631578947368421), (3, 13, 0.6842105263157895), (4, 10, 0.5263157894736842), (5, 12, 0.631578947368421), (6, 15, 0.7894736842105263), (7, 8, 0.42105263157894735), (8, 10, 0.5263157894736842), (9, 10, 0.5263157894736842), (10, 0.0, 0.0)]","[(1, 11.0, 12.0, 0.9166666666666666, 0, 12), (2, 12.0, 13.0, 0.9230769230769231, 0, 13), (3, 13.0, 14.0, 0.9285714285714286, 0, 14), (4, 10.0, 13.0, 0.7692307692307693, 2, 15), (5, 12.0, 14.0, 0.8571428571428571, 2, 16), (6, 15.0, 15.0, 1.0, 2, 17), (7, 8.0, 10.0, 0.8, 7, 17), (8, 10.0, 10.0, 1.0, 9, 19), (9, 10.0, 13.0, 0.7692307692307693, 5, 18)]",101,2,2.562000036239624,0.0
199,Experiment 4,5 Layers-Batch Size = 30,16,26.0,"[[(0.0, 26.0)], [(20, 6.0)], [(22, 4.0)], [(24, 2.0)], [(0.0, 2.0), (22, 4.0)], [(0.0, 2.0), (24, 2.0)], [(0.0, 2.0), (25, 1.0)], [(0.0, 4.0), (16, 1)], [(0.0, 4.0)], [(0.0, 8.0), (10, 1), (15, 2)], [(0.0, 26.0)]]","[[26.0], [6.0], [4.0], [2.0], [2.0, 4.0], [2.0, 2.0], [2.0, 1.0], [4.0, 1], [4.0], [8.0, 1, 2], [26.0]]","[(0, 0.0, 0.0), (1, 20, 0.7692307692307693), (2, 22, 0.8461538461538461), (3, 24, 0.9230769230769231), (4, 20, 0.7692307692307693), (5, 22, 0.8461538461538461), (6, 23, 0.8846153846153846), (7, 21, 0.8076923076923077), (8, 22, 0.8461538461538461), (9, 15, 0.5769230769230769), (10, 0.0, 0.0)]","[(1, 20.0, 20.0, 1.0, 0, 20), (2, 22.0, 22.0, 1.0, 0, 22), (3, 24.0, 24.0, 1.0, 0, 24), (4, 20.0, 20.0, 1.0, 2, 22), (5, 22.0, 22.0, 1.0, 2, 24), (6, 23.0, 23.0, 1.0, 2, 25), (7, 21.0, 22.0, 0.9545454545454546, 4, 26), (8, 22.0, 22.0, 1.0, 4, 26), (9, 15.0, 18.0, 0.8333333333333334, 8, 26)]",189,2,48.18300008773804,0.0
200,Experiment 4,5 Layers-Batch Size = 45,16,41.0,"[[(0.0, 41.0)], [(39, 2.0)], [(36, 5.0)], [(39, 2.0)], [(0.0, 4.0), (6, 2), (37, 1), (40, 1.0)], [(0.0, 5.0), (8, 1), (35, 1), (39, 2.0)], [(0.0, 2.0), (31, 1), (37, 2), (40, 1.0)], [(0.0, 10.0), (16, 2), (24, 1)], [(0.0, 9.0), (11, 1), (18, 1)], [(0.0, 12.0), (14, 2), (18, 1), (25, 1), (34, 1)], [(0.0, 41.0)]]","[[41.0], [2.0], [5.0], [2.0], [4.0, 2, 1, 1.0], [5.0, 1, 1, 2.0], [2.0, 1, 2, 1.0], [10.0, 2, 1], [9.0, 1, 1], [12.0, 2, 1, 1, 1], [41.0]]","[(0, 0.0, 0.0), (1, 39, 0.9512195121951219), (2, 36, 0.8780487804878049), (3, 39, 0.9512195121951219), (4, 33, 0.8048780487804879), (5, 32, 0.7804878048780488), (6, 35, 0.8536585365853658), (7, 28, 0.6829268292682927), (8, 30, 0.7317073170731707), (9, 24, 0.5853658536585366), (10, 0.0, 0.0)]","[(1, 39.0, 39.0, 1.0, 0, 39), (2, 36.0, 36.0, 1.0, 0, 36), (3, 39.0, 39.0, 1.0, 0, 39), (4, 33.0, 36.0, 0.9166666666666666, 4, 40), (5, 32.0, 34.0, 0.9411764705882353, 5, 39), (6, 35.0, 38.0, 0.9210526315789473, 2, 40), (7, 28.0, 31.0, 0.9032258064516129, 10, 41), (8, 30.0, 32.0, 0.9375, 9, 41), (9, 24.0, 29.0, 0.8275862068965517, 12, 41)]",296,2,467.31699991226196,0.0
201,Experiment 4,6 Layers-Batch Size = 15,16,15.0,"[[(0.0, 15.0)], [(12, 3.0)], [(7, 8.0)], [(7, 1), (12, 3.0)], [(0.0, 1.0), (2, 1), (4, 1), (7, 2), (10, 2), (13, 2.0)], [(0.0, 1.0), (3, 1), (5, 3), (9, 6.0)], [(0.0, 2.0), (3, 1), (5, 1), (7, 1), (9, 3), (13, 2.0)], [(0.0, 2.0), (14, 1.0)], [(0.0, 2.0), (11, 4.0)], [(0.0, 3.0), (12, 1), (14, 1.0)], [(0.0, 5.0)], [(0.0, 5.0), (7, 1), (14, 1.0)], [(0.0, 6.0), (8, 1), (13, 1)], [(0.0, 15.0)]]","[[15.0], [3.0], [8.0], [1, 3.0], [1.0, 1, 1, 2, 2, 2.0], [1.0, 1, 3, 6.0], [2.0, 1, 1, 1, 3, 2.0], [2.0, 1.0], [2.0, 4.0], [3.0, 1, 1.0], [5.0], [5.0, 1, 1.0], [6.0, 1, 1], [15.0]]","[(0, 0.0, 0.0), (1, 12, 0.8), (2, 7, 0.4666666666666667), (3, 11, 0.7333333333333333), (4, 6, 0.4), (5, 4, 0.26666666666666666), (6, 5, 0.3333333333333333), (7, 12, 0.8), (8, 9, 0.6), (9, 10, 0.6666666666666666), (10, 10, 0.6666666666666666), (11, 8, 0.5333333333333333), (12, 7, 0.4666666666666667), (13, 0.0, 0.0)]","[(1, 12.0, 12.0, 1.0, 0, 12), (2, 7.0, 7.0, 1.0, 0, 7), (3, 11.0, 12.0, 0.9166666666666666, 0, 12), (4, 6.0, 12.0, 0.5, 1, 13), (5, 4.0, 8.0, 0.5, 1, 9), (6, 5.0, 11.0, 0.45454545454545453, 2, 13), (7, 12.0, 12.0, 1.0, 2, 14), (8, 9.0, 9.0, 1.0, 2, 11), (9, 10.0, 11.0, 0.9090909090909091, 3, 14), (10, 10.0, 10.0, 1.0, 5, 15), (11, 8.0, 9.0, 0.8888888888888888, 5, 14), (12, 7.0, 9.0, 0.7777777777777778, 6, 15)]",101,2,5.176000118255615,0.0
202,Experiment 4,6 Layers-Batch Size = 30,16,23.0,"[[(0.0, 23.0)], [(20, 3.0)], [(17, 6.0)], [(20, 3.0)], [(0.0, 1.0), (2, 1), (7, 3), (12, 2), (15, 2), (18, 2), (21, 2.0)], [(0.0, 2.0), (6, 1), (9, 2), (14, 1), (18, 5.0)], [(0.0, 1.0), (2, 2), (5, 3), (10, 2), (13, 1), (15, 1), (17, 3), (21, 2.0)], [(0.0, 2.0), (22, 1.0)], [(0.0, 3.0), (20, 3.0)], [(0.0, 2.0), (20, 1), (22, 1.0)], [(0.0, 6.0)], [(0.0, 4.0), (10, 1)], [(0.0, 6.0), (8, 1)], [(0.0, 23.0)]]","[[23.0], [3.0], [6.0], [3.0], [1.0, 1, 3, 2, 2, 2, 2.0], [2.0, 1, 2, 1, 5.0], [1.0, 2, 3, 2, 1, 1, 3, 2.0], [2.0, 1.0], [3.0, 3.0], [2.0, 1, 1.0], [6.0], [4.0, 1], [6.0, 1], [23.0]]","[(0, 0.0, 0.0), (1, 20, 0.8695652173913043), (2, 17, 0.7391304347826086), (3, 20, 0.8695652173913043), (4, 10, 0.43478260869565216), (5, 12, 0.5217391304347826), (6, 8, 0.34782608695652173), (7, 20, 0.8695652173913043), (8, 17, 0.7391304347826086), (9, 19, 0.8260869565217391), (10, 17, 0.7391304347826086), (11, 18, 0.782608695652174), (12, 16, 0.6956521739130435), (13, 0.0, 0.0)]","[(1, 20.0, 20.0, 1.0, 0, 20), (2, 17.0, 17.0, 1.0, 0, 17), (3, 20.0, 20.0, 1.0, 0, 20), (4, 10.0, 20.0, 0.5, 1, 21), (5, 12.0, 16.0, 0.75, 2, 18), (6, 8.0, 20.0, 0.4, 1, 21), (7, 20.0, 20.0, 1.0, 2, 22), (8, 17.0, 17.0, 1.0, 3, 20), (9, 19.0, 20.0, 0.95, 2, 22), (10, 17.0, 17.0, 1.0, 6, 23), (11, 18.0, 19.0, 0.9473684210526315, 4, 23), (12, 16.0, 17.0, 0.9411764705882353, 6, 23)]",194,2,183.83899998664856,0.0
203,Experiment 4,6 Layers-Batch Size = 45,16,37.0,"[[(0.0, 37.0)], [(17, 1), (19, 18.0)], [(14, 1), (17, 1), (19, 4), (24, 13.0)], [(10, 1), (19, 18.0)], [(0.0, 1.0), (4, 2), (14, 1), (18, 4), (23, 5), (29, 8.0)], [(0.0, 1.0), (6, 1), (9, 1), (15, 1), (20, 1), (22, 6), (30, 7.0)], [(0.0, 1.0), (2, 2), (5, 3), (10, 2), (13, 2), (17, 1), (21, 16.0)], [(0.0, 2.0), (35, 2.0)], [(0.0, 2.0), (35, 2.0)], [(0.0, 2.0), (35, 2.0)], [(0.0, 4.0), (20, 1)], [(0.0, 4.0), (6, 2), (18, 1), (21, 1), (28, 1)], [(0.0, 9.0), (16, 1)], [(0.0, 37.0)]]","[[37.0], [1, 18.0], [1, 1, 4, 13.0], [1, 18.0], [1.0, 2, 1, 4, 5, 8.0], [1.0, 1, 1, 1, 1, 6, 7.0], [1.0, 2, 3, 2, 2, 1, 16.0], [2.0, 2.0], [2.0, 2.0], [2.0, 2.0], [4.0, 1], [4.0, 2, 1, 1, 1], [9.0, 1], [37.0]]","[(0, 0.0, 0.0), (1, 18, 0.4864864864864865), (2, 18, 0.4864864864864865), (3, 18, 0.4864864864864865), (4, 16, 0.43243243243243246), (5, 19, 0.5135135135135135), (6, 10, 0.2702702702702703), (7, 33, 0.8918918918918919), (8, 33, 0.8918918918918919), (9, 33, 0.8918918918918919), (10, 32, 0.8648648648648649), (11, 28, 0.7567567567567568), (12, 27, 0.7297297297297297), (13, 0.0, 0.0)]","[(1, 18.0, 19.0, 0.9473684210526315, 0, 19), (2, 18.0, 24.0, 0.75, 0, 24), (3, 18.0, 19.0, 0.9473684210526315, 0, 19), (4, 16.0, 28.0, 0.5714285714285714, 1, 29), (5, 19.0, 29.0, 0.6551724137931034, 1, 30), (6, 10.0, 20.0, 0.5, 1, 21), (7, 33.0, 33.0, 1.0, 2, 35), (8, 33.0, 33.0, 1.0, 2, 35), (9, 33.0, 33.0, 1.0, 2, 35), (10, 32.0, 33.0, 0.9696969696969697, 4, 37), (11, 28.0, 33.0, 0.8484848484848485, 4, 37), (12, 27.0, 28.0, 0.9642857142857143, 9, 37)]",285,2,385.92599987983704,0.0
204,Experiment 4,3 Layers-Batch Size = 15,17,34.0,"[[(0.0, 34.0)], [(0.0, 34.0)], [(0.0, 34.0)], [(0.0, 34.0)], [(0.0, 34.0)]]","[[34.0], [], [], [], [34.0]]","[(0, 0.0, 0.0), (1, 34, 1.0), (2, 34, 1.0), (3, 34, 1.0), (4, 0.0, 0.0)]","[(1, 34.0, 34.0, 1.0, 0, 34), (2, 34.0, 34.0, 1.0, 0, 34), (3, 34.0, 34.0, 1.0, 0, 34)]",102,2,1.5419998168945312,0.0
205,Experiment 4,3 Layers-Batch Size = 30,17,62.0,"[[(0.0, 62.0)], [(19, 1)], [(61, 1.0)], [(0.0, 62.0)], [(0.0, 62.0)]]","[[62.0], [1], [1.0], [], [62.0]]","[(0, 0.0, 0.0), (1, 61, 0.9838709677419355), (2, 61, 0.9838709677419355), (3, 62, 1.0), (4, 0.0, 0.0)]","[(1, 61.0, 62.0, 0.9838709677419355, 0, 62), (2, 61.0, 61.0, 1.0, 0, 61), (3, 62.0, 62.0, 1.0, 0, 62)]",184,2,77.45799994468689,0.0
206,Experiment 4,3 Layers-Batch Size = 45,17,102.0,"[[(0.0, 102.0)], [(0.0, 102.0)], [(0.0, 102.0)], [(0.0, 102.0)], [(0.0, 102.0)]]","[[102.0], [], [], [], [102.0]]","[(0, 0.0, 0.0), (1, 102, 1.0), (2, 102, 1.0), (3, 102, 1.0), (4, 0.0, 0.0)]","[(1, 102.0, 102.0, 1.0, 0, 102), (2, 102.0, 102.0, 1.0, 0, 102), (3, 102.0, 102.0, 1.0, 0, 102)]",306,2,1218.183000087738,0.0
207,Experiment 4,4 Layers-Batch Size = 15,17,26.0,"[[(0.0, 26.0)], [(2, 1), (11, 4), (17, 1), (20, 6.0)], [(4, 4), (13, 3), (18, 8.0)], [(2, 1), (6, 1), (10, 16.0)], [(0.0, 6.0)], [(0.0, 2.0)], [(0.0, 2.0), (6, 1), (15, 4), (23, 3.0)], [(0.0, 26.0)]]","[[26.0], [1, 4, 1, 6.0], [4, 3, 8.0], [1, 1, 16.0], [6.0], [2.0], [2.0, 1, 4, 3.0], [26.0]]","[(0, 0.0, 0.0), (1, 14, 0.5384615384615384), (2, 11, 0.4230769230769231), (3, 8, 0.3076923076923077), (4, 20, 0.7692307692307693), (5, 24, 0.9230769230769231), (6, 16, 0.6153846153846154), (7, 0.0, 0.0)]","[(1, 14.0, 20.0, 0.7, 0, 20), (2, 11.0, 18.0, 0.6111111111111112, 0, 18), (3, 8.0, 10.0, 0.8, 0, 10), (4, 20.0, 20.0, 1.0, 6, 26), (5, 24.0, 24.0, 1.0, 2, 26), (6, 16.0, 21.0, 0.7619047619047619, 2, 23)]",93,2,0.7699999809265137,0.0
208,Experiment 4,4 Layers-Batch Size = 30,17,42.0,"[[(0.0, 42.0)], [(10, 1), (17, 1), (20, 2), (24, 1), (27, 1), (30, 12.0)], [(4, 1), (14, 1), (21, 3), (26, 2), (30, 12.0)], [(2, 1), (7, 1), (13, 1), (20, 2), (25, 17.0)], [(0.0, 2.0)], [(0.0, 2.0)], [(0.0, 2.0)], [(0.0, 42.0)]]","[[42.0], [1, 1, 2, 1, 1, 12.0], [1, 1, 3, 2, 12.0], [1, 1, 1, 2, 17.0], [2.0], [2.0], [2.0], [42.0]]","[(0, 0.0, 0.0), (1, 24, 0.5714285714285714), (2, 23, 0.5476190476190477), (3, 20, 0.47619047619047616), (4, 40, 0.9523809523809523), (5, 40, 0.9523809523809523), (6, 40, 0.9523809523809523), (7, 0.0, 0.0)]","[(1, 24.0, 30.0, 0.8, 0, 30), (2, 23.0, 30.0, 0.7666666666666667, 0, 30), (3, 20.0, 25.0, 0.8, 0, 25), (4, 40.0, 40.0, 1.0, 2, 42), (5, 40.0, 40.0, 1.0, 2, 42), (6, 40.0, 40.0, 1.0, 2, 42)]",187,2,3.9189999103546143,0.0
209,Experiment 4,4 Layers-Batch Size = 45,17,62.0,"[[(0.0, 62.0)], [(8, 1), (17, 2), (25, 2), (29, 4), (35, 1), (38, 4), (44, 18.0)], [(14, 1), (22, 3), (33, 3), (40, 8), (50, 12.0)], [(18, 1), (22, 1), (29, 1), (32, 3), (41, 2), (45, 17.0)], [(0.0, 2.0)], [(0.0, 2.0)], [(0.0, 2.0)], [(0.0, 62.0)]]","[[62.0], [1, 2, 2, 4, 1, 4, 18.0], [1, 3, 3, 8, 12.0], [1, 1, 1, 3, 2, 17.0], [2.0], [2.0], [2.0], [62.0]]","[(0, 0.0, 0.0), (1, 30, 0.4838709677419355), (2, 35, 0.5645161290322581), (3, 37, 0.5967741935483871), (4, 60, 0.967741935483871), (5, 60, 0.967741935483871), (6, 60, 0.967741935483871), (7, 0.0, 0.0)]","[(1, 30.0, 44.0, 0.6818181818181818, 0, 44), (2, 35.0, 50.0, 0.7, 0, 50), (3, 37.0, 45.0, 0.8222222222222222, 0, 45), (4, 60.0, 60.0, 1.0, 2, 62), (5, 60.0, 60.0, 1.0, 2, 62), (6, 60.0, 60.0, 1.0, 2, 62)]",282,2,35.05200004577637,0.0
210,Experiment 4,5 Layers-Batch Size = 15,17,22.0,"[[(0.0, 22.0)], [(6, 16.0)], [(18, 4.0)], [(18, 4.0)], [(0.0, 3.0), (10, 12.0)], [(0.0, 5.0), (7, 1), (14, 1), (17, 1), (20, 2.0)], [(0.0, 3.0), (5, 2), (11, 2), (17, 1), (20, 2.0)], [(0.0, 10.0), (13, 2), (16, 6.0)], [(0.0, 5.0), (8, 1), (19, 1)], [(0.0, 9.0), (13, 2), (17, 1)], [(0.0, 22.0)]]","[[22.0], [16.0], [4.0], [4.0], [3.0, 12.0], [5.0, 1, 1, 1, 2.0], [3.0, 2, 2, 1, 2.0], [10.0, 2, 6.0], [5.0, 1, 1], [9.0, 2, 1], [22.0]]","[(0, 0.0, 0.0), (1, 6, 0.2727272727272727), (2, 18, 0.8181818181818182), (3, 18, 0.8181818181818182), (4, 7, 0.3181818181818182), (5, 12, 0.5454545454545454), (6, 12, 0.5454545454545454), (7, 4, 0.18181818181818182), (8, 15, 0.6818181818181818), (9, 10, 0.45454545454545453), (10, 0.0, 0.0)]","[(1, 6.0, 6.0, 1.0, 0, 6), (2, 18.0, 18.0, 1.0, 0, 18), (3, 18.0, 18.0, 1.0, 0, 18), (4, 7.0, 7.0, 1.0, 3, 10), (5, 12.0, 15.0, 0.8, 5, 20), (6, 12.0, 17.0, 0.7058823529411765, 3, 20), (7, 4.0, 6.0, 0.6666666666666666, 10, 16), (8, 15.0, 17.0, 0.8823529411764706, 5, 22), (9, 10.0, 13.0, 0.7692307692307693, 9, 22)]",102,2,2.8459999561309814,0.0
211,Experiment 4,5 Layers-Batch Size = 30,17,27.0,"[[(0.0, 27.0)], [(22, 5.0)], [(23, 4.0)], [(23, 4.0)], [(0.0, 2.0), (3, 1), (7, 1), (9, 1), (24, 3.0)], [(0.0, 3.0), (5, 2), (10, 1), (13, 2), (26, 1.0)], [(0.0, 2.0), (3, 1), (5, 1), (7, 1), (11, 1), (15, 1), (18, 1), (25, 2.0)], [(0.0, 4.0)], [(0.0, 6.0), (9, 1)], [(0.0, 3.0), (20, 1)], [(0.0, 27.0)]]","[[27.0], [5.0], [4.0], [4.0], [2.0, 1, 1, 1, 3.0], [3.0, 2, 1, 2, 1.0], [2.0, 1, 1, 1, 1, 1, 1, 2.0], [4.0], [6.0, 1], [3.0, 1], [27.0]]","[(0, 0.0, 0.0), (1, 22, 0.8148148148148148), (2, 23, 0.8518518518518519), (3, 23, 0.8518518518518519), (4, 19, 0.7037037037037037), (5, 18, 0.6666666666666666), (6, 17, 0.6296296296296297), (7, 23, 0.8518518518518519), (8, 20, 0.7407407407407407), (9, 23, 0.8518518518518519), (10, 0.0, 0.0)]","[(1, 22.0, 22.0, 1.0, 0, 22), (2, 23.0, 23.0, 1.0, 0, 23), (3, 23.0, 23.0, 1.0, 0, 23), (4, 19.0, 22.0, 0.8636363636363636, 2, 24), (5, 18.0, 23.0, 0.782608695652174, 3, 26), (6, 17.0, 23.0, 0.7391304347826086, 2, 25), (7, 23.0, 23.0, 1.0, 4, 27), (8, 20.0, 21.0, 0.9523809523809523, 6, 27), (9, 23.0, 24.0, 0.9583333333333334, 3, 27)]",188,2,191.42599987983704,0.0
212,Experiment 4,5 Layers-Batch Size = 45,17,58.0,"[[(0.0, 58.0)], [(14, 2), (20, 1), (23, 35.0)], [(51, 7.0)], [(54, 4.0)], [(0.0, 7.0), (8, 1), (10, 4), (18, 4), (23, 2), (26, 1), (29, 29.0)], [(0.0, 9.0), (15, 3), (20, 2), (26, 1), (29, 1), (44, 2), (56, 2.0)], [(0.0, 3.0), (5, 3), (14, 3), (23, 1), (26, 2), (34, 1), (39, 4), (47, 1), (50, 3), (55, 3.0)], [(0.0, 10.0), (16, 2), (22, 1), (29, 1), (33, 9), (45, 13.0)], [(0.0, 13.0), (15, 4), (21, 5), (28, 4)], [(0.0, 5.0), (7, 1), (11, 1), (17, 2), (23, 1), (30, 2), (42, 1), (55, 1)], [(0.0, 58.0)]]","[[58.0], [2, 1, 35.0], [7.0], [4.0], [7.0, 1, 4, 4, 2, 1, 29.0], [9.0, 3, 2, 1, 1, 2, 2.0], [3.0, 3, 3, 1, 2, 1, 4, 1, 3, 3.0], [10.0, 2, 1, 1, 9, 13.0], [13.0, 4, 5, 4], [5.0, 1, 1, 2, 1, 2, 1, 1], [58.0]]","[(0, 0.0, 0.0), (1, 20, 0.3448275862068966), (2, 51, 0.8793103448275862), (3, 54, 0.9310344827586207), (4, 10, 0.1724137931034483), (5, 38, 0.6551724137931034), (6, 34, 0.5862068965517241), (7, 22, 0.3793103448275862), (8, 32, 0.5517241379310345), (9, 44, 0.7586206896551724), (10, 0.0, 0.0)]","[(1, 20.0, 23.0, 0.8695652173913043, 0, 23), (2, 51.0, 51.0, 1.0, 0, 51), (3, 54.0, 54.0, 1.0, 0, 54), (4, 10.0, 22.0, 0.45454545454545453, 7, 29), (5, 38.0, 47.0, 0.8085106382978723, 9, 56), (6, 34.0, 52.0, 0.6538461538461539, 3, 55), (7, 22.0, 35.0, 0.6285714285714286, 10, 45), (8, 32.0, 45.0, 0.7111111111111111, 13, 58), (9, 44.0, 53.0, 0.8301886792452831, 5, 58)]",305,2,140.33399987220764,0.0
213,Experiment 4,6 Layers-Batch Size = 15,17,21.0,"[[(0.0, 21.0)], [(2, 2), (5, 1), (8, 13.0)], [(2, 3), (6, 15.0)], [(7, 14.0)], [(0.0, 1.0), (5, 1), (11, 10.0)], [(0.0, 1.0), (3, 3), (7, 14.0)], [(0.0, 1.0), (2, 1), (4, 2), (8, 13.0)], [(0.0, 2.0), (4, 1), (12, 9.0)], [(0.0, 8.0), (11, 10.0)], [(0.0, 2.0), (3, 1), (11, 10.0)], [(0.0, 3.0)], [(0.0, 7.0), (9, 2), (12, 3), (16, 5.0)], [(0.0, 3.0)], [(0.0, 21.0)]]","[[21.0], [2, 1, 13.0], [3, 15.0], [14.0], [1.0, 1, 10.0], [1.0, 3, 14.0], [1.0, 1, 2, 13.0], [2.0, 1, 9.0], [8.0, 10.0], [2.0, 1, 10.0], [3.0], [7.0, 2, 3, 5.0], [3.0], [21.0]]","[(0, 0.0, 0.0), (1, 5, 0.23809523809523808), (2, 3, 0.14285714285714285), (3, 7, 0.3333333333333333), (4, 9, 0.42857142857142855), (5, 3, 0.14285714285714285), (6, 4, 0.19047619047619047), (7, 9, 0.42857142857142855), (8, 3, 0.14285714285714285), (9, 8, 0.38095238095238093), (10, 18, 0.8571428571428571), (11, 4, 0.19047619047619047), (12, 18, 0.8571428571428571), (13, 0.0, 0.0)]","[(1, 5.0, 8.0, 0.625, 0, 8), (2, 3.0, 6.0, 0.5, 0, 6), (3, 7.0, 7.0, 1.0, 0, 7), (4, 9.0, 10.0, 0.9, 1, 11), (5, 3.0, 6.0, 0.5, 1, 7), (6, 4.0, 7.0, 0.5714285714285714, 1, 8), (7, 9.0, 10.0, 0.9, 2, 12), (8, 3.0, 3.0, 1.0, 8, 11), (9, 8.0, 9.0, 0.8888888888888888, 2, 11), (10, 18.0, 18.0, 1.0, 3, 21), (11, 4.0, 9.0, 0.4444444444444444, 7, 16), (12, 18.0, 18.0, 1.0, 3, 21)]",91,2,0.7630000114440918,0.0
214,Experiment 4,6 Layers-Batch Size = 30,17,36.0,"[[(0.0, 36.0)], [(8, 2), (11, 2), (14, 2), (17, 19.0)], [(4, 1), (6, 1), (8, 28.0)], [(9, 3), (15, 13), (29, 7.0)], [(0.0, 1.0), (4, 1), (10, 1), (15, 6), (22, 14.0)], [(0.0, 1.0), (2, 1), (5, 1), (10, 4), (20, 16.0)], [(0.0, 1.0), (6, 1), (9, 2), (13, 1), (15, 15), (31, 5.0)], [(0.0, 2.0), (3, 2), (7, 1), (9, 1), (11, 1), (13, 2), (16, 2), (19, 3), (24, 12.0)], [(0.0, 2.0), (5, 3), (12, 4), (22, 14.0)], [(0.0, 2.0), (6, 1), (9, 1), (12, 1), (17, 1), (20, 2), (23, 9), (33, 3.0)], [(0.0, 3.0)], [(0.0, 5.0), (6, 4), (14, 4), (28, 8.0)], [(0.0, 3.0)], [(0.0, 36.0)]]","[[36.0], [2, 2, 2, 19.0], [1, 1, 28.0], [3, 13, 7.0], [1.0, 1, 1, 6, 14.0], [1.0, 1, 1, 4, 16.0], [1.0, 1, 2, 1, 15, 5.0], [2.0, 2, 1, 1, 1, 2, 2, 3, 12.0], [2.0, 3, 4, 14.0], [2.0, 1, 1, 1, 1, 2, 9, 3.0], [3.0], [5.0, 4, 4, 8.0], [3.0], [36.0]]","[(0, 0.0, 0.0), (1, 11, 0.3055555555555556), (2, 6, 0.16666666666666666), (3, 13, 0.3611111111111111), (4, 13, 0.3611111111111111), (5, 13, 0.3611111111111111), (6, 11, 0.3055555555555556), (7, 10, 0.2777777777777778), (8, 13, 0.3611111111111111), (9, 16, 0.4444444444444444), (10, 33, 0.9166666666666666), (11, 15, 0.4166666666666667), (12, 33, 0.9166666666666666), (13, 0.0, 0.0)]","[(1, 11.0, 17.0, 0.6470588235294118, 0, 17), (2, 6.0, 8.0, 0.75, 0, 8), (3, 13.0, 29.0, 0.4482758620689655, 0, 29), (4, 13.0, 21.0, 0.6190476190476191, 1, 22), (5, 13.0, 19.0, 0.6842105263157895, 1, 20), (6, 11.0, 30.0, 0.36666666666666664, 1, 31), (7, 10.0, 22.0, 0.45454545454545453, 2, 24), (8, 13.0, 20.0, 0.65, 2, 22), (9, 16.0, 31.0, 0.5161290322580645, 2, 33), (10, 33.0, 33.0, 1.0, 3, 36), (11, 15.0, 23.0, 0.6521739130434783, 5, 28), (12, 33.0, 33.0, 1.0, 3, 36)]",187,2,12.121999979019165,0.0
215,Experiment 4,6 Layers-Batch Size = 45,17,57.0,"[[(0.0, 57.0)], [(12, 1), (20, 37.0)], [(2, 1), (6, 1), (10, 4), (15, 42.0)], [(11, 1), (16, 1), (18, 1), (20, 37.0)], [(0.0, 1.0), (2, 1), (5, 1), (9, 1), (13, 1), (20, 2), (23, 1), (25, 32.0)], [(0.0, 2.0), (6, 2), (14, 7), (23, 34.0)], [(0.0, 1.0), (3, 1), (5, 1), (10, 1), (12, 1), (19, 1), (26, 4), (31, 26.0)], [(0.0, 2.0), (4, 1), (6, 2), (12, 5), (22, 1), (29, 2), (32, 3), (36, 21.0)], [(0.0, 8.0), (29, 28.0)], [(0.0, 2.0), (3, 2), (6, 2), (9, 1), (14, 1), (16, 1), (18, 1), (21, 2), (24, 1), (29, 3), (33, 1), (36, 21.0)], [(0.0, 3.0), (54, 3.0)], [(0.0, 12.0), (14, 2), (18, 2), (23, 1), (25, 1), (27, 4), (32, 2), (35, 2), (39, 2), (43, 14.0)], [(0.0, 3.0)], [(0.0, 57.0)]]","[[57.0], [1, 37.0], [1, 1, 4, 42.0], [1, 1, 1, 37.0], [1.0, 1, 1, 1, 1, 2, 1, 32.0], [2.0, 2, 7, 34.0], [1.0, 1, 1, 1, 1, 1, 4, 26.0], [2.0, 1, 2, 5, 1, 2, 3, 21.0], [8.0, 28.0], [2.0, 2, 2, 1, 1, 1, 1, 2, 1, 3, 1, 21.0], [3.0, 3.0], [12.0, 2, 2, 1, 1, 4, 2, 2, 2, 14.0], [3.0], [57.0]]","[(0, 0.0, 0.0), (1, 19, 0.3333333333333333), (2, 9, 0.15789473684210525), (3, 17, 0.2982456140350877), (4, 17, 0.2982456140350877), (5, 12, 0.21052631578947367), (6, 21, 0.3684210526315789), (7, 20, 0.3508771929824561), (8, 21, 0.3684210526315789), (9, 19, 0.3333333333333333), (10, 51, 0.8947368421052632), (11, 15, 0.2631578947368421), (12, 54, 0.9473684210526315), (13, 0.0, 0.0)]","[(1, 19.0, 20.0, 0.95, 0, 20), (2, 9.0, 15.0, 0.6, 0, 15), (3, 17.0, 20.0, 0.85, 0, 20), (4, 17.0, 24.0, 0.7083333333333334, 1, 25), (5, 12.0, 21.0, 0.5714285714285714, 2, 23), (6, 21.0, 30.0, 0.7, 1, 31), (7, 20.0, 34.0, 0.5882352941176471, 2, 36), (8, 21.0, 21.0, 1.0, 8, 29), (9, 19.0, 34.0, 0.5588235294117647, 2, 36), (10, 51.0, 51.0, 1.0, 3, 54), (11, 15.0, 31.0, 0.4838709677419355, 12, 43), (12, 54.0, 54.0, 1.0, 3, 57)]",275,2,68.22200012207031,0.0
216,Experiment 4,3 Layers-Batch Size = 15,18,25.0,"[[(0.0, 25.0)], [(0.0, 25.0)], [(0.0, 25.0)], [(0.0, 25.0)], [(0.0, 25.0)]]","[[25.0], [], [], [], [25.0]]","[(0, 0.0, 0.0), (1, 25, 1.0), (2, 25, 1.0), (3, 25, 1.0), (4, 0.0, 0.0)]","[(1, 25.0, 25.0, 1.0, 0, 25), (2, 25.0, 25.0, 1.0, 0, 25), (3, 25.0, 25.0, 1.0, 0, 25)]",75,2,3.4620001316070557,0.0
217,Experiment 4,3 Layers-Batch Size = 30,18,56.0,"[[(0.0, 56.0)], [(0.0, 56.0)], [(54, 2.0)], [(0.0, 56.0)], [(0.0, 56.0)]]","[[56.0], [], [2.0], [], [56.0]]","[(0, 0.0, 0.0), (1, 56, 1.0), (2, 54, 0.9642857142857143), (3, 56, 1.0), (4, 0.0, 0.0)]","[(1, 56.0, 56.0, 1.0, 0, 56), (2, 54.0, 54.0, 1.0, 0, 54), (3, 56.0, 56.0, 1.0, 0, 56)]",166,2,76.47899985313416,0.0
218,Experiment 4,3 Layers-Batch Size = 45,18,75.0,"[[(0.0, 75.0)], [(0.0, 75.0)], [(0.0, 75.0)], [(0.0, 75.0)], [(0.0, 75.0)]]","[[75.0], [], [], [], [75.0]]","[(0, 0.0, 0.0), (1, 75, 1.0), (2, 75, 1.0), (3, 75, 1.0), (4, 0.0, 0.0)]","[(1, 75.0, 75.0, 1.0, 0, 75), (2, 75.0, 75.0, 1.0, 0, 75), (3, 75.0, 75.0, 1.0, 0, 75)]",225,2,1540.513000011444,0.0
219,Experiment 4,4 Layers-Batch Size = 15,18,16.0,"[[(0.0, 16.0)], [(0.0, 1.0), (3, 4), (12, 4.0)], [(12, 4.0)], [(14, 2.0)], [(0.0, 3.0), (6, 6), (14, 2.0)], [(0.0, 2.0)], [(0.0, 3.0), (7, 1)], [(0.0, 16.0)]]","[[16.0], [1.0, 4, 4.0], [4.0], [2.0], [3.0, 6, 2.0], [2.0], [3.0, 1], [16.0]]","[(0, 0.0, 0.0), (1, 7, 0.4375), (2, 12, 0.75), (3, 14, 0.875), (4, 5, 0.3125), (5, 14, 0.875), (6, 12, 0.75), (7, 0.0, 0.0)]","[(1, 7.0, 11.0, 0.6363636363636364, 1, 12), (2, 12.0, 12.0, 1.0, 0, 12), (3, 14.0, 14.0, 1.0, 0, 14), (4, 5.0, 11.0, 0.45454545454545453, 3, 14), (5, 14.0, 14.0, 1.0, 2, 16), (6, 12.0, 13.0, 0.9230769230769231, 3, 16)]",64,2,0.7909998893737793,0.0
220,Experiment 4,4 Layers-Batch Size = 30,18,37.0,"[[(0.0, 37.0)], [(35, 2.0)], [(32, 5.0)], [(35, 2.0)], [(0.0, 5.0), (8, 1), (12, 1), (17, 1), (24, 2)], [(0.0, 5.0), (8, 3), (17, 1), (34, 1)], [(0.0, 13.0), (15, 2), (19, 1), (24, 2), (28, 1)], [(0.0, 37.0)]]","[[37.0], [2.0], [5.0], [2.0], [5.0, 1, 1, 1, 2], [5.0, 3, 1, 1], [13.0, 2, 1, 2, 1], [37.0]]","[(0, 0.0, 0.0), (1, 35, 0.9459459459459459), (2, 32, 0.8648648648648649), (3, 35, 0.9459459459459459), (4, 27, 0.7297297297297297), (5, 27, 0.7297297297297297), (6, 18, 0.4864864864864865), (7, 0.0, 0.0)]","[(1, 35.0, 35.0, 1.0, 0, 35), (2, 32.0, 32.0, 1.0, 0, 32), (3, 35.0, 35.0, 1.0, 0, 35), (4, 27.0, 32.0, 0.84375, 5, 37), (5, 27.0, 32.0, 0.84375, 5, 37), (6, 18.0, 24.0, 0.75, 13, 37)]",174,2,8.492000102996826,0.0
221,Experiment 4,4 Layers-Batch Size = 45,18,37.0,"[[(0.0, 37.0)], [(35, 2.0)], [(12, 1), (31, 2), (35, 2.0)], [(20, 1), (25, 1), (34, 3.0)], [(0.0, 2.0)], [(0.0, 2.0)], [(0.0, 2.0), (36, 1.0)], [(0.0, 37.0)]]","[[37.0], [2.0], [1, 2, 2.0], [1, 1, 3.0], [2.0], [2.0], [2.0, 1.0], [37.0]]","[(0, 0.0, 0.0), (1, 35, 0.9459459459459459), (2, 32, 0.8648648648648649), (3, 32, 0.8648648648648649), (4, 35, 0.9459459459459459), (5, 35, 0.9459459459459459), (6, 34, 0.918918918918919), (7, 0.0, 0.0)]","[(1, 35.0, 35.0, 1.0, 0, 35), (2, 32.0, 35.0, 0.9142857142857143, 0, 35), (3, 32.0, 34.0, 0.9411764705882353, 0, 34), (4, 35.0, 35.0, 1.0, 2, 37), (5, 35.0, 35.0, 1.0, 2, 37), (6, 34.0, 34.0, 1.0, 2, 36)]",203,2,61.29800009727478,0.0
222,Experiment 4,5 Layers-Batch Size = 15,18,18.0,"[[(0.0, 18.0)], [(16, 2.0)], [(12, 1), (15, 3.0)], [(15, 3.0)], [(0.0, 4.0), (6, 3), (11, 1), (14, 1), (17, 1.0)], [(0.0, 2.0), (4, 4), (14, 4.0)], [(0.0, 2.0), (3, 2), (7, 3), (12, 3), (17, 1.0)], [(0.0, 6.0), (7, 3), (12, 2)], [(0.0, 5.0), (7, 3), (13, 4)], [(0.0, 9.0), (10, 7)], [(0.0, 18.0)]]","[[18.0], [2.0], [1, 3.0], [3.0], [4.0, 3, 1, 1, 1.0], [2.0, 4, 4.0], [2.0, 2, 3, 3, 1.0], [6.0, 3, 2], [5.0, 3, 4], [9.0, 7], [18.0]]","[(0, 0.0, 0.0), (1, 16, 0.8888888888888888), (2, 14, 0.7777777777777778), (3, 15, 0.8333333333333334), (4, 8, 0.4444444444444444), (5, 8, 0.4444444444444444), (6, 7, 0.3888888888888889), (7, 7, 0.3888888888888889), (8, 6, 0.3333333333333333), (9, 2, 0.1111111111111111), (10, 0.0, 0.0)]","[(1, 16.0, 16.0, 1.0, 0, 16), (2, 14.0, 15.0, 0.9333333333333333, 0, 15), (3, 15.0, 15.0, 1.0, 0, 15), (4, 8.0, 13.0, 0.6153846153846154, 4, 17), (5, 8.0, 12.0, 0.6666666666666666, 2, 14), (6, 7.0, 15.0, 0.4666666666666667, 2, 17), (7, 7.0, 12.0, 0.5833333333333334, 6, 18), (8, 6.0, 13.0, 0.46153846153846156, 5, 18), (9, 2.0, 9.0, 0.2222222222222222, 9, 18)]",83,2,3.5299999713897705,0.0
223,Experiment 4,5 Layers-Batch Size = 30,18,47.0,"[[(0.0, 47.0)], [(40, 7.0)], [(18, 1), (21, 2), (25, 1), (28, 2), (32, 15.0)], [(45, 2.0)], [(0.0, 15.0), (16, 4), (21, 1), (23, 2), (27, 6), (35, 1), (37, 6), (46, 1.0)], [(0.0, 2.0), (3, 9), (14, 1), (16, 6), (24, 1), (26, 5), (33, 1), (35, 12.0)], [(0.0, 4.0), (5, 10), (17, 1), (19, 1), (21, 4), (26, 3), (31, 1), (33, 7), (41, 6.0)], [(0.0, 21.0), (23, 3), (28, 1), (30, 5), (37, 4), (43, 2), (46, 1.0)], [(0.0, 5.0), (6, 15), (22, 2), (25, 1), (27, 3), (31, 8), (40, 7.0)], [(0.0, 13.0), (15, 1), (17, 7), (25, 2), (30, 1), (32, 3), (36, 1), (40, 5)], [(0.0, 47.0)]]","[[47.0], [7.0], [1, 2, 1, 2, 15.0], [2.0], [15.0, 4, 1, 2, 6, 1, 6, 1.0], [2.0, 9, 1, 6, 1, 5, 1, 12.0], [4.0, 10, 1, 1, 4, 3, 1, 7, 6.0], [21.0, 3, 1, 5, 4, 2, 1.0], [5.0, 15, 2, 1, 3, 8, 7.0], [13.0, 1, 7, 2, 1, 3, 1, 5], [47.0]]","[(0, 0.0, 0.0), (1, 40, 0.851063829787234), (2, 26, 0.5531914893617021), (3, 45, 0.9574468085106383), (4, 11, 0.23404255319148937), (5, 10, 0.2127659574468085), (6, 10, 0.2127659574468085), (7, 10, 0.2127659574468085), (8, 6, 0.1276595744680851), (9, 14, 0.2978723404255319), (10, 0.0, 0.0)]","[(1, 40.0, 40.0, 1.0, 0, 40), (2, 26.0, 32.0, 0.8125, 0, 32), (3, 45.0, 45.0, 1.0, 0, 45), (4, 11.0, 31.0, 0.3548387096774194, 15, 46), (5, 10.0, 33.0, 0.30303030303030304, 2, 35), (6, 10.0, 37.0, 0.2702702702702703, 4, 41), (7, 10.0, 25.0, 0.4, 21, 46), (8, 6.0, 35.0, 0.17142857142857143, 5, 40), (9, 14.0, 34.0, 0.4117647058823529, 13, 47)]",172,2,7.596999883651733,0.0
224,Experiment 4,5 Layers-Batch Size = 45,18,52.0,"[[(0.0, 52.0)], [(50, 2.0)], [(48, 4.0)], [(49, 3.0)], [(0.0, 6.0), (10, 5), (18, 1), (21, 3), (26, 1), (28, 1), (31, 1), (36, 1), (38, 2), (44, 1), (47, 1), (51, 1.0)], [(0.0, 2.0), (3, 8), (13, 7), (22, 4), (32, 1), (35, 1), (37, 1), (42, 1), (45, 1), (50, 2.0)], [(0.0, 10.0), (11, 3), (15, 18), (34, 3), (38, 1), (41, 1), (47, 2), (51, 1.0)], [(0.0, 14.0), (15, 1), (17, 1), (19, 3), (24, 6), (33, 2), (36, 3)], [(0.0, 36.0), (38, 1), (41, 3), (46, 3)], [(0.0, 3.0), (4, 15), (20, 16), (38, 1), (40, 2), (44, 1)], [(0.0, 52.0)]]","[[52.0], [2.0], [4.0], [3.0], [6.0, 5, 1, 3, 1, 1, 1, 1, 2, 1, 1, 1.0], [2.0, 8, 7, 4, 1, 1, 1, 1, 1, 2.0], [10.0, 3, 18, 3, 1, 1, 2, 1.0], [14.0, 1, 1, 3, 6, 2, 3], [36.0, 1, 3, 3], [3.0, 15, 16, 1, 2, 1], [52.0]]","[(0, 0.0, 0.0), (1, 50, 0.9615384615384616), (2, 48, 0.9230769230769231), (3, 49, 0.9423076923076923), (4, 28, 0.5384615384615384), (5, 24, 0.46153846153846156), (6, 13, 0.25), (7, 22, 0.4230769230769231), (8, 9, 0.17307692307692307), (9, 14, 0.2692307692307692), (10, 0.0, 0.0)]","[(1, 50.0, 50.0, 1.0, 0, 50), (2, 48.0, 48.0, 1.0, 0, 48), (3, 49.0, 49.0, 1.0, 0, 49), (4, 28.0, 45.0, 0.6222222222222222, 6, 51), (5, 24.0, 48.0, 0.5, 2, 50), (6, 13.0, 41.0, 0.3170731707317073, 10, 51), (7, 22.0, 38.0, 0.5789473684210527, 14, 52), (8, 9.0, 16.0, 0.5625, 36, 52), (9, 14.0, 49.0, 0.2857142857142857, 3, 52)]",257,2,78.70099997520447,0.0
225,Experiment 4,6 Layers-Batch Size = 15,18,11.0,"[[(0.0, 11.0)], [(8, 3.0)], [(8, 3.0)], [(8, 3.0)], [(0.0, 1.0), (6, 2), (9, 2.0)], [(0.0, 2.0), (3, 1), (9, 2.0)], [(0.0, 5.0), (7, 1), (9, 2.0)], [(0.0, 4.0), (10, 1.0)], [(0.0, 2.0), (10, 1.0)], [(0.0, 3.0), (4, 1), (10, 1.0)], [(0.0, 4.0), (5, 1)], [(0.0, 6.0)], [(0.0, 7.0)], [(0.0, 11.0)]]","[[11.0], [3.0], [3.0], [3.0], [1.0, 2, 2.0], [2.0, 1, 2.0], [5.0, 1, 2.0], [4.0, 1.0], [2.0, 1.0], [3.0, 1, 1.0], [4.0, 1], [6.0], [7.0], [11.0]]","[(0, 0.0, 0.0), (1, 8, 0.7272727272727273), (2, 8, 0.7272727272727273), (3, 8, 0.7272727272727273), (4, 6, 0.5454545454545454), (5, 6, 0.5454545454545454), (6, 3, 0.2727272727272727), (7, 6, 0.5454545454545454), (8, 8, 0.7272727272727273), (9, 6, 0.5454545454545454), (10, 6, 0.5454545454545454), (11, 5, 0.45454545454545453), (12, 4, 0.36363636363636365), (13, 0.0, 0.0)]","[(1, 8.0, 8.0, 1.0, 0, 8), (2, 8.0, 8.0, 1.0, 0, 8), (3, 8.0, 8.0, 1.0, 0, 8), (4, 6.0, 8.0, 0.75, 1, 9), (5, 6.0, 7.0, 0.8571428571428571, 2, 9), (6, 3.0, 4.0, 0.75, 5, 9), (7, 6.0, 6.0, 1.0, 4, 10), (8, 8.0, 8.0, 1.0, 2, 10), (9, 6.0, 7.0, 0.8571428571428571, 3, 10), (10, 6.0, 7.0, 0.8571428571428571, 4, 11), (11, 5.0, 5.0, 1.0, 6, 11), (12, 4.0, 4.0, 1.0, 7, 11)]",74,2,3.193000078201294,0.0
226,Experiment 4,6 Layers-Batch Size = 30,18,27.0,"[[(0.0, 27.0)], [(24, 3.0)], [(16, 1), (19, 8.0)], [(24, 3.0)], [(0.0, 3.0), (5, 4), (10, 5), (19, 2), (22, 2), (25, 2.0)], [(0.0, 3.0), (4, 2), (8, 1), (11, 2), (14, 1), (16, 1), (18, 1), (20, 7.0)], [(0.0, 2.0), (3, 6), (11, 1), (18, 1), (21, 3), (25, 2.0)], [(0.0, 4.0), (6, 1), (8, 3), (15, 2), (20, 1), (23, 2), (26, 1.0)], [(0.0, 8.0), (9, 1), (11, 1), (13, 2), (17, 2), (22, 5.0)], [(0.0, 5.0), (7, 1), (9, 4), (15, 1), (19, 1), (23, 2), (26, 1.0)], [(0.0, 16.0), (18, 2), (21, 1), (25, 1)], [(0.0, 6.0), (7, 3), (11, 6), (20, 1), (25, 2.0)], [(0.0, 6.0), (7, 1), (9, 2), (12, 1), (15, 1), (23, 2)], [(0.0, 27.0)]]","[[27.0], [3.0], [1, 8.0], [3.0], [3.0, 4, 5, 2, 2, 2.0], [3.0, 2, 1, 2, 1, 1, 1, 7.0], [2.0, 6, 1, 1, 3, 2.0], [4.0, 1, 3, 2, 1, 2, 1.0], [8.0, 1, 1, 2, 2, 5.0], [5.0, 1, 4, 1, 1, 2, 1.0], [16.0, 2, 1, 1], [6.0, 3, 6, 1, 2.0], [6.0, 1, 2, 1, 1, 2], [27.0]]","[(0, 0.0, 0.0), (1, 24, 0.8888888888888888), (2, 18, 0.6666666666666666), (3, 24, 0.8888888888888888), (4, 9, 0.3333333333333333), (5, 9, 0.3333333333333333), (6, 12, 0.4444444444444444), (7, 13, 0.48148148148148145), (8, 8, 0.2962962962962963), (9, 12, 0.4444444444444444), (10, 7, 0.25925925925925924), (11, 9, 0.3333333333333333), (12, 14, 0.5185185185185185), (13, 0.0, 0.0)]","[(1, 24.0, 24.0, 1.0, 0, 24), (2, 18.0, 19.0, 0.9473684210526315, 0, 19), (3, 24.0, 24.0, 1.0, 0, 24), (4, 9.0, 22.0, 0.4090909090909091, 3, 25), (5, 9.0, 17.0, 0.5294117647058824, 3, 20), (6, 12.0, 23.0, 0.5217391304347826, 2, 25), (7, 13.0, 22.0, 0.5909090909090909, 4, 26), (8, 8.0, 14.0, 0.5714285714285714, 8, 22), (9, 12.0, 21.0, 0.5714285714285714, 5, 26), (10, 7.0, 11.0, 0.6363636363636364, 16, 27), (11, 9.0, 19.0, 0.47368421052631576, 6, 25), (12, 14.0, 21.0, 0.6666666666666666, 6, 27)]",159,2,17.442999839782715,0.0
227,Experiment 4,6 Layers-Batch Size = 45,18,43.0,"[[(0.0, 43.0)], [(28, 1), (37, 6.0)], [(24, 1), (26, 3), (30, 13.0)], [(40, 3.0)], [(0.0, 3.0), (6, 3), (10, 2), (13, 3), (19, 1), (21, 2), (27, 3), (31, 3), (35, 1), (37, 2), (40, 3.0)], [(0.0, 1.0), (2, 1), (5, 2), (8, 2), (14, 1), (16, 3), (20, 2), (23, 3), (27, 2), (30, 1), (32, 11.0)], [(0.0, 5.0), (6, 2), (9, 3), (13, 2), (16, 2), (19, 1), (21, 1), (23, 1), (26, 2), (30, 2), (33, 3), (37, 3), (41, 2.0)], [(0.0, 5.0), (7, 3), (16, 1), (18, 3), (23, 4), (31, 2), (38, 1), (42, 1.0)], [(0.0, 4.0), (6, 2), (11, 1), (13, 1), (18, 1), (25, 2), (28, 3), (33, 1), (36, 7.0)], [(0.0, 3.0), (4, 2), (7, 3), (11, 2), (15, 1), (17, 7), (31, 2), (34, 3), (38, 3), (42, 1.0)], [(0.0, 16.0), (17, 4), (25, 4), (31, 2), (39, 2)], [(0.0, 6.0), (8, 1), (10, 3), (15, 1), (18, 1), (20, 8), (30, 1), (32, 1), (34, 3), (38, 5.0)], [(0.0, 7.0), (8, 3), (14, 4), (19, 2), (23, 2), (27, 1), (32, 5), (39, 1), (41, 1)], [(0.0, 43.0)]]","[[43.0], [1, 6.0], [1, 3, 13.0], [3.0], [3.0, 3, 2, 3, 1, 2, 3, 3, 1, 2, 3.0], [1.0, 1, 2, 2, 1, 3, 2, 3, 2, 1, 11.0], [5.0, 2, 3, 2, 2, 1, 1, 1, 2, 2, 3, 3, 2.0], [5.0, 3, 1, 3, 4, 2, 1, 1.0], [4.0, 2, 1, 1, 1, 2, 3, 1, 7.0], [3.0, 2, 3, 2, 1, 7, 2, 3, 3, 1.0], [16.0, 4, 4, 2, 2], [6.0, 1, 3, 1, 1, 8, 1, 1, 3, 5.0], [7.0, 3, 4, 2, 2, 1, 5, 1, 1], [43.0]]","[(0, 0.0, 0.0), (1, 36, 0.8372093023255814), (2, 26, 0.6046511627906976), (3, 40, 0.9302325581395349), (4, 17, 0.3953488372093023), (5, 14, 0.32558139534883723), (6, 14, 0.32558139534883723), (7, 23, 0.5348837209302325), (8, 21, 0.4883720930232558), (9, 16, 0.37209302325581395), (10, 15, 0.3488372093023256), (11, 13, 0.3023255813953488), (12, 17, 0.3953488372093023), (13, 0.0, 0.0)]","[(1, 36.0, 37.0, 0.972972972972973, 0, 37), (2, 26.0, 30.0, 0.8666666666666667, 0, 30), (3, 40.0, 40.0, 1.0, 0, 40), (4, 17.0, 37.0, 0.4594594594594595, 3, 40), (5, 14.0, 31.0, 0.45161290322580644, 1, 32), (6, 14.0, 36.0, 0.3888888888888889, 5, 41), (7, 23.0, 37.0, 0.6216216216216216, 5, 42), (8, 21.0, 32.0, 0.65625, 4, 36), (9, 16.0, 39.0, 0.41025641025641024, 3, 42), (10, 15.0, 27.0, 0.5555555555555556, 16, 43), (11, 13.0, 32.0, 0.40625, 6, 38), (12, 17.0, 36.0, 0.4722222222222222, 7, 43)]",252,2,35.22099995613098,0.0
228,Experiment 4,3 Layers-Batch Size = 15,19,35.0,"[[(0.0, 35.0)], [(0.0, 35.0)], [(0.0, 35.0)], [(26, 1), (34, 1.0)], [(0.0, 35.0)]]","[[35.0], [], [], [1, 1.0], [35.0]]","[(0, 0.0, 0.0), (1, 35, 1.0), (2, 35, 1.0), (3, 33, 0.9428571428571428), (4, 0.0, 0.0)]","[(1, 35.0, 35.0, 1.0, 0, 35), (2, 35.0, 35.0, 1.0, 0, 35), (3, 33.0, 34.0, 0.9705882352941176, 0, 34)]",103,2,4.820000171661377,0.0
229,Experiment 4,3 Layers-Batch Size = 30,19,70.0,"[[(0.0, 70.0)], [(0.0, 70.0)], [(33, 1), (41, 1)], [(68, 2.0)], [(0.0, 70.0)]]","[[70.0], [], [1, 1], [2.0], [70.0]]","[(0, 0.0, 0.0), (1, 70, 1.0), (2, 68, 0.9714285714285714), (3, 68, 0.9714285714285714), (4, 0.0, 0.0)]","[(1, 70.0, 70.0, 1.0, 0, 70), (2, 68.0, 70.0, 0.9714285714285714, 0, 70), (3, 68.0, 68.0, 1.0, 0, 68)]",206,2,29.472000122070312,0.0
230,Experiment 4,3 Layers-Batch Size = 45,19,101.0,"[[(0.0, 101.0)], [(5, 1), (100, 1.0)], [(0.0, 101.0)], [(0.0, 101.0)], [(0.0, 101.0)]]","[[101.0], [1, 1.0], [], [], [101.0]]","[(0, 0.0, 0.0), (1, 99, 0.9801980198019802), (2, 101, 1.0), (3, 101, 1.0), (4, 0.0, 0.0)]","[(1, 99.0, 100.0, 0.99, 0, 100), (2, 101.0, 101.0, 1.0, 0, 101), (3, 101.0, 101.0, 1.0, 0, 101)]",301,9,1800.0709998607635,0.5841584158415841
231,Experiment 4,4 Layers-Batch Size = 15,19,22.0,"[[(0.0, 22.0)], [(4, 1), (12, 1), (16, 6.0)], [(12, 10.0)], [(15, 7.0)], [(0.0, 5.0), (17, 1)], [(0.0, 2.0), (20, 2.0)], [(0.0, 2.0)], [(0.0, 22.0)]]","[[22.0], [1, 1, 6.0], [10.0], [7.0], [5.0, 1], [2.0, 2.0], [2.0], [22.0]]","[(0, 0.0, 0.0), (1, 14, 0.6363636363636364), (2, 12, 0.5454545454545454), (3, 15, 0.6818181818181818), (4, 16, 0.7272727272727273), (5, 18, 0.8181818181818182), (6, 20, 0.9090909090909091), (7, 0.0, 0.0)]","[(1, 14.0, 16.0, 0.875, 0, 16), (2, 12.0, 12.0, 1.0, 0, 12), (3, 15.0, 15.0, 1.0, 0, 15), (4, 16.0, 17.0, 0.9411764705882353, 5, 22), (5, 18.0, 18.0, 1.0, 2, 20), (6, 20.0, 20.0, 1.0, 2, 22)]",95,2,1.815000057220459,0.0
232,Experiment 4,4 Layers-Batch Size = 30,19,43.0,"[[(0.0, 43.0)], [(40, 3.0)], [(36, 7.0)], [(27, 3), (32, 11.0)], [(0.0, 6.0), (9, 3), (31, 1), (41, 2.0)], [(0.0, 5.0), (8, 1), (15, 1), (19, 1), (23, 1), (30, 2), (35, 1), (39, 1)], [(0.0, 2.0), (17, 1), (26, 1), (29, 3), (37, 6.0)], [(0.0, 43.0)]]","[[43.0], [3.0], [7.0], [3, 11.0], [6.0, 3, 1, 2.0], [5.0, 1, 1, 1, 1, 2, 1, 1], [2.0, 1, 1, 3, 6.0], [43.0]]","[(0, 0.0, 0.0), (1, 40, 0.9302325581395349), (2, 36, 0.8372093023255814), (3, 29, 0.6744186046511628), (4, 31, 0.7209302325581395), (5, 30, 0.6976744186046512), (6, 30, 0.6976744186046512), (7, 0.0, 0.0)]","[(1, 40.0, 40.0, 1.0, 0, 40), (2, 36.0, 36.0, 1.0, 0, 36), (3, 29.0, 32.0, 0.90625, 0, 32), (4, 31.0, 35.0, 0.8857142857142857, 6, 41), (5, 30.0, 38.0, 0.7894736842105263, 5, 43), (6, 30.0, 35.0, 0.8571428571428571, 2, 37)]",196,2,11.168999910354614,0.0
233,Experiment 4,4 Layers-Batch Size = 45,19,56.0,"[[(0.0, 56.0)], [(54, 2.0)], [(48, 1), (53, 3.0)], [(52, 4.0)], [(0.0, 4.0), (7, 1), (10, 2)], [(0.0, 4.0), (7, 1), (11, 1), (15, 10), (28, 2), (36, 1), (43, 1)], [(0.0, 4.0), (6, 5), (16, 3), (21, 1), (27, 4), (43, 2), (51, 1)], [(0.0, 56.0)]]","[[56.0], [2.0], [1, 3.0], [4.0], [4.0, 1, 2], [4.0, 1, 1, 10, 2, 1, 1], [4.0, 5, 3, 1, 4, 2, 1], [56.0]]","[(0, 0.0, 0.0), (1, 54, 0.9642857142857143), (2, 52, 0.9285714285714286), (3, 52, 0.9285714285714286), (4, 49, 0.875), (5, 36, 0.6428571428571429), (6, 36, 0.6428571428571429), (7, 0.0, 0.0)]","[(1, 54.0, 54.0, 1.0, 0, 54), (2, 52.0, 53.0, 0.9811320754716981, 0, 53), (3, 52.0, 52.0, 1.0, 0, 52), (4, 49.0, 52.0, 0.9423076923076923, 4, 56), (5, 36.0, 52.0, 0.6923076923076923, 4, 56), (6, 36.0, 52.0, 0.6923076923076923, 4, 56)]",279,2,274.9210000038147,0.0
234,Experiment 4,5 Layers-Batch Size = 15,19,21.0,"[[(0.0, 21.0)], [(19, 2.0)], [(16, 5.0)], [(2, 1), (18, 3.0)], [(0.0, 6.0), (9, 1), (11, 2), (18, 3.0)], [(0.0, 9.0), (15, 1), (20, 1.0)], [(0.0, 7.0), (9, 3), (13, 5), (20, 1.0)], [(0.0, 7.0), (8, 5), (14, 1), (17, 1)], [(0.0, 10.0), (16, 2), (20, 1.0)], [(0.0, 13.0), (14, 6)], [(0.0, 21.0)]]","[[21.0], [2.0], [5.0], [1, 3.0], [6.0, 1, 2, 3.0], [9.0, 1, 1.0], [7.0, 3, 5, 1.0], [7.0, 5, 1, 1], [10.0, 2, 1.0], [13.0, 6], [21.0]]","[(0, 0.0, 0.0), (1, 19, 0.9047619047619048), (2, 16, 0.7619047619047619), (3, 17, 0.8095238095238095), (4, 9, 0.42857142857142855), (5, 10, 0.47619047619047616), (6, 5, 0.23809523809523808), (7, 7, 0.3333333333333333), (8, 8, 0.38095238095238093), (9, 2, 0.09523809523809523), (10, 0.0, 0.0)]","[(1, 19.0, 19.0, 1.0, 0, 19), (2, 16.0, 16.0, 1.0, 0, 16), (3, 17.0, 18.0, 0.9444444444444444, 0, 18), (4, 9.0, 12.0, 0.75, 6, 18), (5, 10.0, 11.0, 0.9090909090909091, 9, 20), (6, 5.0, 13.0, 0.38461538461538464, 7, 20), (7, 7.0, 14.0, 0.5, 7, 21), (8, 8.0, 10.0, 0.8, 10, 20), (9, 2.0, 8.0, 0.25, 13, 21)]",93,2,3.3539998531341553,0.0
235,Experiment 4,5 Layers-Batch Size = 30,19,29.0,"[[(0.0, 29.0)], [(27, 2.0)], [(26, 3.0)], [(27, 2.0)], [(0.0, 13.0), (15, 3), (20, 1), (28, 1.0)], [(0.0, 2.0), (4, 1), (9, 1), (18, 2), (24, 2), (28, 1.0)], [(0.0, 2.0), (4, 1), (10, 1), (20, 3), (25, 2), (28, 1.0)], [(0.0, 13.0), (14, 3), (20, 1)], [(0.0, 4.0)], [(0.0, 4.0), (7, 2)], [(0.0, 29.0)]]","[[29.0], [2.0], [3.0], [2.0], [13.0, 3, 1, 1.0], [2.0, 1, 1, 2, 2, 1.0], [2.0, 1, 1, 3, 2, 1.0], [13.0, 3, 1], [4.0], [4.0, 2], [29.0]]","[(0, 0.0, 0.0), (1, 27, 0.9310344827586207), (2, 26, 0.896551724137931), (3, 27, 0.9310344827586207), (4, 11, 0.3793103448275862), (5, 20, 0.6896551724137931), (6, 19, 0.6551724137931034), (7, 12, 0.41379310344827586), (8, 25, 0.8620689655172413), (9, 23, 0.7931034482758621), (10, 0.0, 0.0)]","[(1, 27.0, 27.0, 1.0, 0, 27), (2, 26.0, 26.0, 1.0, 0, 26), (3, 27.0, 27.0, 1.0, 0, 27), (4, 11.0, 15.0, 0.7333333333333333, 13, 28), (5, 20.0, 26.0, 0.7692307692307693, 2, 28), (6, 19.0, 26.0, 0.7307692307692307, 2, 28), (7, 12.0, 16.0, 0.75, 13, 29), (8, 25.0, 25.0, 1.0, 4, 29), (9, 23.0, 25.0, 0.92, 4, 29)]",190,2,62.69799995422363,0.0
236,Experiment 4,5 Layers-Batch Size = 45,19,55.0,"[[(0.0, 55.0)], [(16, 1), (32, 2), (38, 17.0)], [(12, 1), (15, 1), (34, 2), (40, 3), (47, 8.0)], [(30, 1), (37, 2), (41, 14.0)], [(0.0, 17.0), (21, 1), (24, 1), (29, 1), (32, 1), (37, 4), (43, 5), (50, 5.0)], [(0.0, 2.0), (10, 1), (13, 1), (24, 1), (31, 2), (43, 12.0)], [(0.0, 2.0), (4, 1), (7, 1), (14, 3), (19, 1), (22, 2), (31, 1), (36, 1), (39, 2), (43, 1), (48, 7.0)], [(0.0, 20.0), (21, 4), (26, 1), (28, 2), (31, 1), (34, 2), (38, 3), (42, 1), (44, 5), (50, 1), (52, 3.0)], [(0.0, 4.0)], [(0.0, 4.0), (52, 3.0)], [(0.0, 55.0)]]","[[55.0], [1, 2, 17.0], [1, 1, 2, 3, 8.0], [1, 2, 14.0], [17.0, 1, 1, 1, 1, 4, 5, 5.0], [2.0, 1, 1, 1, 2, 12.0], [2.0, 1, 1, 3, 1, 2, 1, 1, 2, 1, 7.0], [20.0, 4, 1, 2, 1, 2, 3, 1, 5, 1, 3.0], [4.0], [4.0, 3.0], [55.0]]","[(0, 0.0, 0.0), (1, 35, 0.6363636363636364), (2, 40, 0.7272727272727273), (3, 38, 0.6909090909090909), (4, 20, 0.36363636363636365), (5, 36, 0.6545454545454545), (6, 33, 0.6), (7, 12, 0.21818181818181817), (8, 51, 0.9272727272727272), (9, 48, 0.8727272727272727), (10, 0.0, 0.0)]","[(1, 35.0, 38.0, 0.9210526315789473, 0, 38), (2, 40.0, 47.0, 0.851063829787234, 0, 47), (3, 38.0, 41.0, 0.926829268292683, 0, 41), (4, 20.0, 33.0, 0.6060606060606061, 17, 50), (5, 36.0, 41.0, 0.8780487804878049, 2, 43), (6, 33.0, 46.0, 0.717391304347826, 2, 48), (7, 12.0, 32.0, 0.375, 20, 52), (8, 51.0, 51.0, 1.0, 4, 55), (9, 48.0, 48.0, 1.0, 4, 52)]",313,2,102.75600004196167,0.0
237,Experiment 4,6 Layers-Batch Size = 15,19,16.0,"[[(0.0, 16.0)], [(12, 4.0)], [(4, 1), (11, 5.0)], [(11, 5.0)], [(0.0, 9.0), (10, 1), (13, 3.0)], [(0.0, 2.0), (5, 2), (8, 2), (11, 5.0)], [(0.0, 1.0), (2, 1), (5, 2), (10, 1), (12, 4.0)], [(0.0, 4.0), (6, 2), (15, 1.0)], [(0.0, 3.0), (7, 1), (14, 2.0)], [(0.0, 2.0), (4, 1), (7, 1), (10, 2), (13, 3.0)], [(0.0, 6.0), (7, 4), (15, 1.0)], [(0.0, 4.0), (11, 1)], [(0.0, 7.0), (11, 2)], [(0.0, 16.0)]]","[[16.0], [4.0], [1, 5.0], [5.0], [9.0, 1, 3.0], [2.0, 2, 2, 5.0], [1.0, 1, 2, 1, 4.0], [4.0, 2, 1.0], [3.0, 1, 2.0], [2.0, 1, 1, 2, 3.0], [6.0, 4, 1.0], [4.0, 1], [7.0, 2], [16.0]]","[(0, 0.0, 0.0), (1, 12, 0.75), (2, 10, 0.625), (3, 11, 0.6875), (4, 3, 0.1875), (5, 5, 0.3125), (6, 7, 0.4375), (7, 9, 0.5625), (8, 10, 0.625), (9, 7, 0.4375), (10, 5, 0.3125), (11, 11, 0.6875), (12, 7, 0.4375), (13, 0.0, 0.0)]","[(1, 12.0, 12.0, 1.0, 0, 12), (2, 10.0, 11.0, 0.9090909090909091, 0, 11), (3, 11.0, 11.0, 1.0, 0, 11), (4, 3.0, 4.0, 0.75, 9, 13), (5, 5.0, 9.0, 0.5555555555555556, 2, 11), (6, 7.0, 11.0, 0.6363636363636364, 1, 12), (7, 9.0, 11.0, 0.8181818181818182, 4, 15), (8, 10.0, 11.0, 0.9090909090909091, 3, 14), (9, 7.0, 11.0, 0.6363636363636364, 2, 13), (10, 5.0, 9.0, 0.5555555555555556, 6, 15), (11, 11.0, 12.0, 0.9166666666666666, 4, 16), (12, 7.0, 9.0, 0.7777777777777778, 7, 16)]",97,2,5.003999948501587,0.0
238,Experiment 4,6 Layers-Batch Size = 30,19,23.0,"[[(0.0, 23.0)], [(20, 3.0)], [(16, 7.0)], [(20, 3.0)], [(0.0, 2.0), (3, 3), (7, 1), (11, 1), (18, 1), (21, 2.0)], [(0.0, 1.0), (3, 2), (6, 3), (10, 6), (17, 6.0)], [(0.0, 3.0), (5, 1), (10, 1), (13, 1), (15, 2), (19, 1), (21, 2.0)], [(0.0, 4.0), (5, 2), (8, 3), (15, 1), (22, 1.0)], [(0.0, 3.0), (13, 2), (19, 4.0)], [(0.0, 5.0), (13, 1), (15, 1), (20, 1), (22, 1.0)], [(0.0, 6.0), (7, 2), (10, 1)], [(0.0, 7.0), (13, 1), (17, 1), (21, 2.0)], [(0.0, 5.0)], [(0.0, 23.0)]]","[[23.0], [3.0], [7.0], [3.0], [2.0, 3, 1, 1, 1, 2.0], [1.0, 2, 3, 6, 6.0], [3.0, 1, 1, 1, 2, 1, 2.0], [4.0, 2, 3, 1, 1.0], [3.0, 2, 4.0], [5.0, 1, 1, 1, 1.0], [6.0, 2, 1], [7.0, 1, 1, 2.0], [5.0], [23.0]]","[(0, 0.0, 0.0), (1, 20, 0.8695652173913043), (2, 16, 0.6956521739130435), (3, 20, 0.8695652173913043), (4, 13, 0.5652173913043478), (5, 5, 0.21739130434782608), (6, 12, 0.5217391304347826), (7, 12, 0.5217391304347826), (8, 14, 0.6086956521739131), (9, 14, 0.6086956521739131), (10, 14, 0.6086956521739131), (11, 12, 0.5217391304347826), (12, 18, 0.782608695652174), (13, 0.0, 0.0)]","[(1, 20.0, 20.0, 1.0, 0, 20), (2, 16.0, 16.0, 1.0, 0, 16), (3, 20.0, 20.0, 1.0, 0, 20), (4, 13.0, 19.0, 0.6842105263157895, 2, 21), (5, 5.0, 16.0, 0.3125, 1, 17), (6, 12.0, 18.0, 0.6666666666666666, 3, 21), (7, 12.0, 18.0, 0.6666666666666666, 4, 22), (8, 14.0, 16.0, 0.875, 3, 19), (9, 14.0, 17.0, 0.8235294117647058, 5, 22), (10, 14.0, 17.0, 0.8235294117647058, 6, 23), (11, 12.0, 14.0, 0.8571428571428571, 7, 21), (12, 18.0, 18.0, 1.0, 5, 23)]",170,2,36.18499994277954,0.0
239,Experiment 4,6 Layers-Batch Size = 45,19,55.0,"[[(0.0, 55.0)], [(9, 1), (15, 3), (22, 33.0)], [(12, 1), (14, 2), (24, 31.0)], [(16, 1), (20, 4), (26, 29.0)], [(0.0, 2.0), (3, 7), (11, 1), (14, 2), (17, 3), (21, 1), (23, 3), (27, 28.0)], [(0.0, 1.0), (9, 1), (17, 1), (19, 1), (21, 1), (23, 1), (25, 30.0)], [(0.0, 1.0), (2, 1), (4, 2), (7, 2), (22, 13), (37, 18.0)], [(0.0, 12.0), (15, 2), (21, 2), (24, 1), (26, 6), (34, 21.0)], [(0.0, 2.0), (26, 1), (31, 1), (34, 2), (42, 5), (49, 6.0)], [(0.0, 2.0), (10, 1), (22, 2), (30, 5), (37, 1), (43, 3), (48, 7.0)], [(0.0, 15.0), (16, 3), (20, 4), (25, 4), (31, 1), (34, 2), (39, 4), (44, 11.0)], [(0.0, 4.0)], [(0.0, 4.0)], [(0.0, 55.0)]]","[[55.0], [1, 3, 33.0], [1, 2, 31.0], [1, 4, 29.0], [2.0, 7, 1, 2, 3, 1, 3, 28.0], [1.0, 1, 1, 1, 1, 1, 30.0], [1.0, 1, 2, 2, 13, 18.0], [12.0, 2, 2, 1, 6, 21.0], [2.0, 1, 1, 2, 5, 6.0], [2.0, 1, 2, 5, 1, 3, 7.0], [15.0, 3, 4, 4, 1, 2, 4, 11.0], [4.0], [4.0], [55.0]]","[(0, 0.0, 0.0), (1, 18, 0.32727272727272727), (2, 21, 0.38181818181818183), (3, 21, 0.38181818181818183), (4, 8, 0.14545454545454545), (5, 19, 0.34545454545454546), (6, 18, 0.32727272727272727), (7, 11, 0.2), (8, 38, 0.6909090909090909), (9, 34, 0.6181818181818182), (10, 11, 0.2), (11, 51, 0.9272727272727272), (12, 51, 0.9272727272727272), (13, 0.0, 0.0)]","[(1, 18.0, 22.0, 0.8181818181818182, 0, 22), (2, 21.0, 24.0, 0.875, 0, 24), (3, 21.0, 26.0, 0.8076923076923077, 0, 26), (4, 8.0, 25.0, 0.32, 2, 27), (5, 19.0, 24.0, 0.7916666666666666, 1, 25), (6, 18.0, 36.0, 0.5, 1, 37), (7, 11.0, 22.0, 0.5, 12, 34), (8, 38.0, 47.0, 0.8085106382978723, 2, 49), (9, 34.0, 46.0, 0.7391304347826086, 2, 48), (10, 11.0, 29.0, 0.3793103448275862, 15, 44), (11, 51.0, 51.0, 1.0, 4, 55), (12, 51.0, 51.0, 1.0, 4, 55)]",301,2,50.15700006484985,0.0
240,Experiment 4,3 Layers-Batch Size = 15,20,33.0,"[[(0.0, 33.0)], [(32, 1.0)], [(0.0, 1.0)], [(0.0, 33.0)], [(0.0, 33.0)]]","[[33.0], [1.0], [1.0], [], [33.0]]","[(0, 0.0, 0.0), (1, 32, 0.9696969696969697), (2, 32, 0.9696969696969697), (3, 33, 1.0), (4, 0.0, 0.0)]","[(1, 32.0, 32.0, 1.0, 0, 32), (2, 32.0, 32.0, 1.0, 1, 33), (3, 33.0, 33.0, 1.0, 0, 33)]",97,2,2.9839999675750732,0.0
241,Experiment 4,3 Layers-Batch Size = 30,20,61.0,"[[(0.0, 61.0)], [(0.0, 61.0)], [(0.0, 61.0)], [(0.0, 61.0)], [(0.0, 61.0)]]","[[61.0], [], [], [], [61.0]]","[(0, 0.0, 0.0), (1, 61, 1.0), (2, 61, 1.0), (3, 61, 1.0), (4, 0.0, 0.0)]","[(1, 61.0, 61.0, 1.0, 0, 61), (2, 61.0, 61.0, 1.0, 0, 61), (3, 61.0, 61.0, 1.0, 0, 61)]",183,2,217.87600016593933,0.0
242,Experiment 4,3 Layers-Batch Size = 45,20,93.0,"[[(0.0, 93.0)], [(0.0, 93.0)], [(0.0, 93.0)], [(6, 1)], [(0.0, 93.0)]]","[[93.0], [], [], [1], [93.0]]","[(0, 0.0, 0.0), (1, 93, 1.0), (2, 93, 1.0), (3, 92, 0.989247311827957), (4, 0.0, 0.0)]","[(1, 93.0, 93.0, 1.0, 0, 93), (2, 93.0, 93.0, 1.0, 0, 93), (3, 92.0, 93.0, 0.989247311827957, 0, 93)]",278,9,1800.079999923706,0.4731182795698924
243,Experiment 4,4 Layers-Batch Size = 15,20,21.0,"[[(0.0, 21.0)], [(16, 5.0)], [(14, 1), (19, 2.0)], [(18, 3.0)], [(0.0, 11.0), (13, 2)], [(0.0, 2.0), (6, 1)], [(0.0, 2.0)], [(0.0, 21.0)]]","[[21.0], [5.0], [1, 2.0], [3.0], [11.0, 2], [2.0, 1], [2.0], [21.0]]","[(0, 0.0, 0.0), (1, 16, 0.7619047619047619), (2, 18, 0.8571428571428571), (3, 18, 0.8571428571428571), (4, 8, 0.38095238095238093), (5, 18, 0.8571428571428571), (6, 19, 0.9047619047619048), (7, 0.0, 0.0)]","[(1, 16.0, 16.0, 1.0, 0, 16), (2, 18.0, 19.0, 0.9473684210526315, 0, 19), (3, 18.0, 18.0, 1.0, 0, 18), (4, 8.0, 10.0, 0.8, 11, 21), (5, 18.0, 19.0, 0.9473684210526315, 2, 21), (6, 19.0, 19.0, 1.0, 2, 21)]",97,2,2.617000102996826,0.0
244,Experiment 4,4 Layers-Batch Size = 30,20,38.0,"[[(0.0, 38.0)], [(20, 1), (25, 3), (32, 6.0)], [(14, 1), (27, 2), (31, 7.0)], [(22, 1), (29, 3), (34, 4.0)], [(0.0, 4.0), (7, 2), (15, 1), (22, 1), (34, 2)], [(0.0, 2.0)], [(0.0, 2.0), (30, 1)], [(0.0, 38.0)]]","[[38.0], [1, 3, 6.0], [1, 2, 7.0], [1, 3, 4.0], [4.0, 2, 1, 1, 2], [2.0], [2.0, 1], [38.0]]","[(0, 0.0, 0.0), (1, 28, 0.7368421052631579), (2, 28, 0.7368421052631579), (3, 30, 0.7894736842105263), (4, 28, 0.7368421052631579), (5, 36, 0.9473684210526315), (6, 35, 0.9210526315789473), (7, 0.0, 0.0)]","[(1, 28.0, 32.0, 0.875, 0, 32), (2, 28.0, 31.0, 0.9032258064516129, 0, 31), (3, 30.0, 34.0, 0.8823529411764706, 0, 34), (4, 28.0, 34.0, 0.8235294117647058, 4, 38), (5, 36.0, 36.0, 1.0, 2, 38), (6, 35.0, 36.0, 0.9722222222222222, 2, 38)]",185,2,11.974999904632568,0.0
245,Experiment 4,4 Layers-Batch Size = 45,20,56.0,"[[(0.0, 56.0)], [(40, 2), (50, 6.0)], [(32, 1), (35, 1), (42, 7), (51, 5.0)], [(40, 3), (47, 9.0)], [(0.0, 4.0), (55, 1.0)], [(0.0, 2.0)], [(0.0, 2.0), (37, 1), (48, 1)], [(0.0, 56.0)]]","[[56.0], [2, 6.0], [1, 1, 7, 5.0], [3, 9.0], [4.0, 1.0], [2.0], [2.0, 1, 1], [56.0]]","[(0, 0.0, 0.0), (1, 48, 0.8571428571428571), (2, 42, 0.75), (3, 44, 0.7857142857142857), (4, 51, 0.9107142857142857), (5, 54, 0.9642857142857143), (6, 52, 0.9285714285714286), (7, 0.0, 0.0)]","[(1, 48.0, 50.0, 0.96, 0, 50), (2, 42.0, 51.0, 0.8235294117647058, 0, 51), (3, 44.0, 47.0, 0.9361702127659575, 0, 47), (4, 51.0, 51.0, 1.0, 4, 55), (5, 54.0, 54.0, 1.0, 2, 56), (6, 52.0, 54.0, 0.9629629629629629, 2, 56)]",291,2,119.45900011062622,0.0
246,Experiment 4,5 Layers-Batch Size = 15,20,23.0,"[[(0.0, 23.0)], [(20, 3.0)], [(16, 7.0)], [(20, 3.0)], [(0.0, 6.0), (10, 6), (22, 1.0)], [(0.0, 2.0), (3, 4), (8, 1), (10, 2), (13, 3), (17, 6.0)], [(0.0, 4.0), (6, 4), (14, 2), (18, 2), (22, 1.0)], [(0.0, 6.0), (7, 10), (19, 1), (21, 1)], [(0.0, 4.0), (7, 5), (14, 9.0)], [(0.0, 8.0), (9, 1), (13, 1), (17, 3), (21, 1)], [(0.0, 23.0)]]","[[23.0], [3.0], [7.0], [3.0], [6.0, 6, 1.0], [2.0, 4, 1, 2, 3, 6.0], [4.0, 4, 2, 2, 1.0], [6.0, 10, 1, 1], [4.0, 5, 9.0], [8.0, 1, 1, 3, 1], [23.0]]","[(0, 0.0, 0.0), (1, 20, 0.8695652173913043), (2, 16, 0.6956521739130435), (3, 20, 0.8695652173913043), (4, 10, 0.43478260869565216), (5, 5, 0.21739130434782608), (6, 10, 0.43478260869565216), (7, 5, 0.21739130434782608), (8, 5, 0.21739130434782608), (9, 9, 0.391304347826087), (10, 0.0, 0.0)]","[(1, 20.0, 20.0, 1.0, 0, 20), (2, 16.0, 16.0, 1.0, 0, 16), (3, 20.0, 20.0, 1.0, 0, 20), (4, 10.0, 16.0, 0.625, 6, 22), (5, 5.0, 15.0, 0.3333333333333333, 2, 17), (6, 10.0, 18.0, 0.5555555555555556, 4, 22), (7, 5.0, 17.0, 0.29411764705882354, 6, 23), (8, 5.0, 10.0, 0.5, 4, 14), (9, 9.0, 15.0, 0.6, 8, 23)]",100,2,1.7239999771118164,0.0
247,Experiment 4,5 Layers-Batch Size = 30,20,43.0,"[[(0.0, 43.0)], [(40, 3.0)], [(20, 1), (33, 1), (38, 5.0)], [(40, 3.0)], [(0.0, 4.0), (5, 3), (11, 1), (14, 1), (16, 5), (23, 1), (34, 3), (42, 1.0)], [(0.0, 15.0), (16, 3), (20, 14), (37, 3), (41, 2.0)], [(0.0, 4.0), (6, 2), (12, 5), (21, 3), (26, 3), (31, 4), (37, 1), (42, 1.0)], [(0.0, 5.0), (7, 7), (15, 7), (23, 3), (27, 8)], [(0.0, 16.0), (17, 3), (21, 14), (39, 2), (42, 1.0)], [(0.0, 10.0), (11, 3), (15, 2), (18, 1), (22, 4), (27, 1), (29, 2), (33, 5), (39, 1)], [(0.0, 43.0)]]","[[43.0], [3.0], [1, 1, 5.0], [3.0], [4.0, 3, 1, 1, 5, 1, 3, 1.0], [15.0, 3, 14, 3, 2.0], [4.0, 2, 5, 3, 3, 4, 1, 1.0], [5.0, 7, 7, 3, 8], [16.0, 3, 14, 2, 1.0], [10.0, 3, 2, 1, 4, 1, 2, 5, 1], [43.0]]","[(0, 0.0, 0.0), (1, 40, 0.9302325581395349), (2, 36, 0.8372093023255814), (3, 40, 0.9302325581395349), (4, 24, 0.5581395348837209), (5, 6, 0.13953488372093023), (6, 20, 0.46511627906976744), (7, 13, 0.3023255813953488), (8, 7, 0.16279069767441862), (9, 14, 0.32558139534883723), (10, 0.0, 0.0)]","[(1, 40.0, 40.0, 1.0, 0, 40), (2, 36.0, 38.0, 0.9473684210526315, 0, 38), (3, 40.0, 40.0, 1.0, 0, 40), (4, 24.0, 38.0, 0.631578947368421, 4, 42), (5, 6.0, 26.0, 0.23076923076923078, 15, 41), (6, 20.0, 38.0, 0.5263157894736842, 4, 42), (7, 13.0, 38.0, 0.34210526315789475, 5, 43), (8, 7.0, 26.0, 0.2692307692307692, 16, 42), (9, 14.0, 33.0, 0.42424242424242425, 10, 43)]",200,2,22.960999965667725,0.0
248,Experiment 4,5 Layers-Batch Size = 45,20,53.0,"[[(0.0, 53.0)], [(44, 1), (49, 4.0)], [(50, 3.0)], [(50, 3.0)], [(0.0, 4.0), (6, 2), (10, 3), (15, 4), (21, 2), (33, 1), (35, 1), (41, 1), (44, 1), (52, 1.0)], [(0.0, 2.0), (3, 3), (7, 7), (16, 2), (19, 6), (27, 13), (41, 5), (47, 3), (51, 2.0)], [(0.0, 7.0), (9, 3), (15, 1), (20, 1), (23, 4), (28, 5), (35, 2), (40, 3), (51, 2.0)], [(0.0, 10.0), (11, 4), (16, 5), (22, 5), (28, 2), (31, 2), (34, 5), (40, 3), (45, 1), (47, 1), (51, 1)], [(0.0, 12.0), (15, 1), (19, 1), (23, 3), (32, 5), (38, 2)], [(0.0, 3.0), (6, 3), (11, 2), (16, 1), (29, 1), (32, 2), (39, 3), (43, 2), (46, 1), (48, 1)], [(0.0, 53.0)]]","[[53.0], [1, 4.0], [3.0], [3.0], [4.0, 2, 3, 4, 2, 1, 1, 1, 1, 1.0], [2.0, 3, 7, 2, 6, 13, 5, 3, 2.0], [7.0, 3, 1, 1, 4, 5, 2, 3, 2.0], [10.0, 4, 5, 5, 2, 2, 5, 3, 1, 1, 1], [12.0, 1, 1, 3, 5, 2], [3.0, 3, 2, 1, 1, 2, 3, 2, 1, 1], [53.0]]","[(0, 0.0, 0.0), (1, 48, 0.9056603773584906), (2, 50, 0.9433962264150944), (3, 50, 0.9433962264150944), (4, 33, 0.6226415094339622), (5, 10, 0.18867924528301888), (6, 25, 0.4716981132075472), (7, 14, 0.2641509433962264), (8, 29, 0.5471698113207547), (9, 34, 0.6415094339622641), (10, 0.0, 0.0)]","[(1, 48.0, 49.0, 0.9795918367346939, 0, 49), (2, 50.0, 50.0, 1.0, 0, 50), (3, 50.0, 50.0, 1.0, 0, 50), (4, 33.0, 48.0, 0.6875, 4, 52), (5, 10.0, 49.0, 0.20408163265306123, 2, 51), (6, 25.0, 44.0, 0.5681818181818182, 7, 51), (7, 14.0, 43.0, 0.32558139534883723, 10, 53), (8, 29.0, 41.0, 0.7073170731707317, 12, 53), (9, 34.0, 50.0, 0.68, 3, 53)]",293,2,168.44600009918213,0.0
249,Experiment 4,6 Layers-Batch Size = 15,20,15.0,"[[(0.0, 15.0)], [(1, 1), (7, 8.0)], [(6, 9.0)], [(5, 10.0)], [(0.0, 1.0), (13, 2.0)], [(0.0, 1.0), (2, 1), (10, 5.0)], [(0.0, 1.0), (8, 7.0)], [(0.0, 6.0), (10, 3), (14, 1.0)], [(0.0, 2.0), (3, 1), (5, 1), (7, 1), (9, 1), (11, 1), (13, 2.0)], [(0.0, 2.0), (6, 2), (9, 6.0)], [(0.0, 7.0), (8, 1)], [(0.0, 3.0)], [(0.0, 3.0)], [(0.0, 15.0)]]","[[15.0], [1, 8.0], [9.0], [10.0], [1.0, 2.0], [1.0, 1, 5.0], [1.0, 7.0], [6.0, 3, 1.0], [2.0, 1, 1, 1, 1, 1, 2.0], [2.0, 2, 6.0], [7.0, 1], [3.0], [3.0], [15.0]]","[(0, 0.0, 0.0), (1, 6, 0.4), (2, 6, 0.4), (3, 5, 0.3333333333333333), (4, 12, 0.8), (5, 8, 0.5333333333333333), (6, 7, 0.4666666666666667), (7, 5, 0.3333333333333333), (8, 6, 0.4), (9, 5, 0.3333333333333333), (10, 7, 0.4666666666666667), (11, 12, 0.8), (12, 12, 0.8), (13, 0.0, 0.0)]","[(1, 6.0, 7.0, 0.8571428571428571, 0, 7), (2, 6.0, 6.0, 1.0, 0, 6), (3, 5.0, 5.0, 1.0, 0, 5), (4, 12.0, 12.0, 1.0, 1, 13), (5, 8.0, 9.0, 0.8888888888888888, 1, 10), (6, 7.0, 7.0, 1.0, 1, 8), (7, 5.0, 8.0, 0.625, 6, 14), (8, 6.0, 11.0, 0.5454545454545454, 2, 13), (9, 5.0, 7.0, 0.7142857142857143, 2, 9), (10, 7.0, 8.0, 0.875, 7, 15), (11, 12.0, 12.0, 1.0, 3, 15), (12, 12.0, 12.0, 1.0, 3, 15)]",91,2,2.878000020980835,0.0
250,Experiment 4,6 Layers-Batch Size = 30,20,22.0,"[[(0.0, 22.0)], [(18, 4.0)], [(15, 1), (17, 5.0)], [(18, 4.0)], [(0.0, 2.0), (19, 3.0)], [(0.0, 1.0), (20, 2.0)], [(0.0, 1.0), (7, 1), (17, 1), (19, 3.0)], [(0.0, 6.0), (21, 1.0)], [(0.0, 3.0), (6, 4), (13, 1), (18, 1), (21, 1.0)], [(0.0, 2.0), (3, 1), (5, 2), (8, 1), (12, 1), (21, 1.0)], [(0.0, 5.0), (6, 6)], [(0.0, 5.0)], [(0.0, 3.0), (13, 1)], [(0.0, 22.0)]]","[[22.0], [4.0], [1, 5.0], [4.0], [2.0, 3.0], [1.0, 2.0], [1.0, 1, 1, 3.0], [6.0, 1.0], [3.0, 4, 1, 1, 1.0], [2.0, 1, 2, 1, 1, 1.0], [5.0, 6], [5.0], [3.0, 1], [22.0]]","[(0, 0.0, 0.0), (1, 18, 0.8181818181818182), (2, 16, 0.7272727272727273), (3, 18, 0.8181818181818182), (4, 17, 0.7727272727272727), (5, 19, 0.8636363636363636), (6, 16, 0.7272727272727273), (7, 15, 0.6818181818181818), (8, 12, 0.5454545454545454), (9, 14, 0.6363636363636364), (10, 11, 0.5), (11, 17, 0.7727272727272727), (12, 18, 0.8181818181818182), (13, 0.0, 0.0)]","[(1, 18.0, 18.0, 1.0, 0, 18), (2, 16.0, 17.0, 0.9411764705882353, 0, 17), (3, 18.0, 18.0, 1.0, 0, 18), (4, 17.0, 17.0, 1.0, 2, 19), (5, 19.0, 19.0, 1.0, 1, 20), (6, 16.0, 18.0, 0.8888888888888888, 1, 19), (7, 15.0, 15.0, 1.0, 6, 21), (8, 12.0, 18.0, 0.6666666666666666, 3, 21), (9, 14.0, 19.0, 0.7368421052631579, 2, 21), (10, 11.0, 17.0, 0.6470588235294118, 5, 22), (11, 17.0, 17.0, 1.0, 5, 22), (12, 18.0, 19.0, 0.9473684210526315, 3, 22)]",191,2,116.39199995994568,0.0
251,Experiment 4,6 Layers-Batch Size = 45,20,104.0,"[[(0.0, 104.0)], [(20, 1), (24, 1), (28, 1), (36, 3), (42, 8), (53, 2), (58, 46.0)], [(9, 1), (13, 1), (15, 2), (20, 1), (22, 82.0)], [(10, 2), (18, 1), (22, 1), (26, 6), (35, 5), (43, 61.0)], [(0.0, 2.0), (5, 3), (19, 1), (27, 2), (35, 15), (53, 6), (60, 8), (69, 35.0)], [(0.0, 2.0), (10, 1), (21, 6), (30, 1), (34, 3), (43, 2), (48, 13), (64, 40.0)], [(0.0, 3.0), (4, 3), (8, 2), (11, 3), (18, 5), (25, 5), (31, 5), (37, 4), (42, 3), (46, 14), (61, 5), (67, 37.0)], [(0.0, 6.0), (7, 9), (19, 1), (24, 1), (27, 1), (30, 3), (36, 1), (42, 1), (45, 1), (47, 8), (57, 7), (65, 2), (69, 6), (76, 28.0)], [(0.0, 5.0), (6, 4), (13, 2), (16, 5), (22, 1), (24, 2), (27, 1), (29, 4), (34, 4), (39, 8), (48, 10), (59, 3), (63, 41.0)], [(0.0, 5.0), (7, 3), (13, 5), (20, 4), (26, 3), (31, 5), (38, 15), (55, 6), (63, 8), (75, 3), (80, 24.0)], [(0.0, 18.0), (19, 1), (21, 2), (24, 2), (29, 3), (33, 1), (35, 3), (40, 4), (45, 2), (48, 3), (52, 6), (61, 16), (78, 1), (80, 3), (84, 20.0)], [(0.0, 14.0), (18, 1), (21, 1), (23, 16), (40, 9), (50, 6), (57, 4), (62, 4), (67, 1), (69, 22), (92, 12.0)], [(0.0, 11.0), (17, 9), (27, 1), (29, 3), (33, 1), (37, 1), (39, 3), (43, 1), (47, 16), (64, 3), (68, 6), (75, 12), (88, 6), (95, 9.0)], [(0.0, 104.0)]]","[[104.0], [1, 1, 1, 3, 8, 2, 46.0], [1, 1, 2, 1, 82.0], [2, 1, 1, 6, 5, 61.0], [2.0, 3, 1, 2, 15, 6, 8, 35.0], [2.0, 1, 6, 1, 3, 2, 13, 40.0], [3.0, 3, 2, 3, 5, 5, 5, 4, 3, 14, 5, 37.0], [6.0, 9, 1, 1, 1, 3, 1, 1, 1, 8, 7, 2, 6, 28.0], [5.0, 4, 2, 5, 1, 2, 1, 4, 4, 8, 10, 3, 41.0], [5.0, 3, 5, 4, 3, 5, 15, 6, 8, 3, 24.0], [18.0, 1, 2, 2, 3, 1, 3, 4, 2, 3, 6, 16, 1, 3, 20.0], [14.0, 1, 1, 16, 9, 6, 4, 4, 1, 22, 12.0], [11.0, 9, 1, 3, 1, 1, 3, 1, 16, 3, 6, 12, 6, 9.0], [104.0]]","[(0, 0.0, 0.0), (1, 42, 0.40384615384615385), (2, 17, 0.16346153846153846), (3, 28, 0.2692307692307692), (4, 32, 0.3076923076923077), (5, 36, 0.34615384615384615), (6, 15, 0.14423076923076922), (7, 29, 0.27884615384615385), (8, 14, 0.1346153846153846), (9, 23, 0.22115384615384615), (10, 19, 0.18269230769230768), (11, 14, 0.1346153846153846), (12, 22, 0.21153846153846154), (13, 0.0, 0.0)]","[(1, 42.0, 58.0, 0.7241379310344828, 0, 58), (2, 17.0, 22.0, 0.7727272727272727, 0, 22), (3, 28.0, 43.0, 0.6511627906976745, 0, 43), (4, 32.0, 67.0, 0.47761194029850745, 2, 69), (5, 36.0, 62.0, 0.5806451612903226, 2, 64), (6, 15.0, 64.0, 0.234375, 3, 67), (7, 29.0, 70.0, 0.4142857142857143, 6, 76), (8, 14.0, 58.0, 0.2413793103448276, 5, 63), (9, 23.0, 75.0, 0.30666666666666664, 5, 80), (10, 19.0, 66.0, 0.2878787878787879, 18, 84), (11, 14.0, 78.0, 0.1794871794871795, 14, 92), (12, 22.0, 84.0, 0.2619047619047619, 11, 95)]",291,9,1800.0920000076294,0.75
252,Experiment 4,3 Layers-Batch Size = 15,21,35.0,"[[(0.0, 35.0)], [(0.0, 35.0)], [(0.0, 35.0)], [(0.0, 35.0)], [(0.0, 35.0)]]","[[35.0], [], [], [], [35.0]]","[(0, 0.0, 0.0), (1, 35, 1.0), (2, 35, 1.0), (3, 35, 1.0), (4, 0.0, 0.0)]","[(1, 35.0, 35.0, 1.0, 0, 35), (2, 35.0, 35.0, 1.0, 0, 35), (3, 35.0, 35.0, 1.0, 0, 35)]",105,2,3.1679999828338623,0.0
253,Experiment 4,3 Layers-Batch Size = 30,21,70.0,"[[(0.0, 70.0)], [(0.0, 70.0)], [(0.0, 70.0)], [(0.0, 70.0)], [(0.0, 70.0)]]","[[70.0], [], [], [], [70.0]]","[(0, 0.0, 0.0), (1, 70, 1.0), (2, 70, 1.0), (3, 70, 1.0), (4, 0.0, 0.0)]","[(1, 70.0, 70.0, 1.0, 0, 70), (2, 70.0, 70.0, 1.0, 0, 70), (3, 70.0, 70.0, 1.0, 0, 70)]",210,2,38.41900014877319,0.0
254,Experiment 4,3 Layers-Batch Size = 45,21,105.0,"[[(0.0, 105.0)], [(0.0, 105.0)], [(0.0, 105.0)], [(0.0, 105.0)], [(0.0, 105.0)]]","[[105.0], [], [], [], [105.0]]","[(0, 0.0, 0.0), (1, 105, 1.0), (2, 105, 1.0), (3, 105, 1.0), (4, 0.0, 0.0)]","[(1, 105.0, 105.0, 1.0, 0, 105), (2, 105.0, 105.0, 1.0, 0, 105), (3, 105.0, 105.0, 1.0, 0, 105)]",315,2,616.2589998245239,0.0
255,Experiment 4,4 Layers-Batch Size = 15,21,25.0,"[[(0.0, 25.0)], [(14, 11.0)], [(8, 4), (16, 2), (20, 5.0)], [(4, 1), (13, 1), (18, 7.0)], [(0.0, 2.0), (22, 3.0)], [(0.0, 2.0)], [(0.0, 4.0), (22, 3.0)], [(0.0, 25.0)]]","[[25.0], [11.0], [4, 2, 5.0], [1, 1, 7.0], [2.0, 3.0], [2.0], [4.0, 3.0], [25.0]]","[(0, 0.0, 0.0), (1, 14, 0.56), (2, 14, 0.56), (3, 16, 0.64), (4, 20, 0.8), (5, 23, 0.92), (6, 18, 0.72), (7, 0.0, 0.0)]","[(1, 14.0, 14.0, 1.0, 0, 14), (2, 14.0, 20.0, 0.7, 0, 20), (3, 16.0, 18.0, 0.8888888888888888, 0, 18), (4, 20.0, 20.0, 1.0, 2, 22), (5, 23.0, 23.0, 1.0, 2, 25), (6, 18.0, 18.0, 1.0, 4, 22)]",105,2,2.049999952316284,0.0
256,Experiment 4,4 Layers-Batch Size = 30,21,39.0,"[[(0.0, 39.0)], [(36, 3.0)], [(36, 3.0)], [(36, 3.0)], [(0.0, 2.0), (7, 1), (31, 2)], [(0.0, 2.0), (17, 1), (32, 1)], [(0.0, 6.0)], [(0.0, 39.0)]]","[[39.0], [3.0], [3.0], [3.0], [2.0, 1, 2], [2.0, 1, 1], [6.0], [39.0]]","[(0, 0.0, 0.0), (1, 36, 0.9230769230769231), (2, 36, 0.9230769230769231), (3, 36, 0.9230769230769231), (4, 34, 0.8717948717948718), (5, 35, 0.8974358974358975), (6, 33, 0.8461538461538461), (7, 0.0, 0.0)]","[(1, 36.0, 36.0, 1.0, 0, 36), (2, 36.0, 36.0, 1.0, 0, 36), (3, 36.0, 36.0, 1.0, 0, 36), (4, 34.0, 37.0, 0.918918918918919, 2, 39), (5, 35.0, 37.0, 0.9459459459459459, 2, 39), (6, 33.0, 33.0, 1.0, 6, 39)]",210,2,45.96199989318848,0.0
257,Experiment 4,4 Layers-Batch Size = 45,21,58.0,"[[(0.0, 58.0)], [(20, 1), (47, 1), (52, 6.0)], [(42, 1), (47, 4), (55, 3.0)], [(52, 6.0)], [(0.0, 2.0), (56, 2.0)], [(0.0, 2.0), (57, 1.0)], [(0.0, 4.0)], [(0.0, 58.0)]]","[[58.0], [1, 1, 6.0], [1, 4, 3.0], [6.0], [2.0, 2.0], [2.0, 1.0], [4.0], [58.0]]","[(0, 0.0, 0.0), (1, 50, 0.8620689655172413), (2, 50, 0.8620689655172413), (3, 52, 0.896551724137931), (4, 54, 0.9310344827586207), (5, 55, 0.9482758620689655), (6, 54, 0.9310344827586207), (7, 0.0, 0.0)]","[(1, 50.0, 52.0, 0.9615384615384616, 0, 52), (2, 50.0, 55.0, 0.9090909090909091, 0, 55), (3, 52.0, 52.0, 1.0, 0, 52), (4, 54.0, 54.0, 1.0, 2, 56), (5, 55.0, 55.0, 1.0, 2, 57), (6, 54.0, 54.0, 1.0, 4, 58)]",315,2,594.9609999656677,0.0
258,Experiment 4,5 Layers-Batch Size = 15,21,23.0,"[[(0.0, 23.0)], [(20, 3.0)], [(18, 5.0)], [(16, 7.0)], [(0.0, 3.0), (6, 1), (8, 1), (15, 1), (17, 3), (21, 2.0)], [(0.0, 9.0), (10, 4), (15, 5), (21, 2.0)], [(0.0, 8.0), (9, 3), (17, 6.0)], [(0.0, 13.0), (15, 2)], [(0.0, 8.0), (10, 4), (18, 1)], [(0.0, 11.0)], [(0.0, 23.0)]]","[[23.0], [3.0], [5.0], [7.0], [3.0, 1, 1, 1, 3, 2.0], [9.0, 4, 5, 2.0], [8.0, 3, 6.0], [13.0, 2], [8.0, 4, 1], [11.0], [23.0]]","[(0, 0.0, 0.0), (1, 20, 0.8695652173913043), (2, 18, 0.782608695652174), (3, 16, 0.6956521739130435), (4, 12, 0.5217391304347826), (5, 3, 0.13043478260869565), (6, 6, 0.2608695652173913), (7, 8, 0.34782608695652173), (8, 10, 0.43478260869565216), (9, 12, 0.5217391304347826), (10, 0.0, 0.0)]","[(1, 20.0, 20.0, 1.0, 0, 20), (2, 18.0, 18.0, 1.0, 0, 18), (3, 16.0, 16.0, 1.0, 0, 16), (4, 12.0, 18.0, 0.6666666666666666, 3, 21), (5, 3.0, 12.0, 0.25, 9, 21), (6, 6.0, 9.0, 0.6666666666666666, 8, 17), (7, 8.0, 10.0, 0.8, 13, 23), (8, 10.0, 15.0, 0.6666666666666666, 8, 23), (9, 12.0, 12.0, 1.0, 11, 23)]",105,2,3.752000093460083,0.0
259,Experiment 4,5 Layers-Batch Size = 30,21,39.0,"[[(0.0, 39.0)], [(30, 9.0)], [(36, 3.0)], [(32, 7.0)], [(0.0, 6.0), (9, 3), (15, 1), (19, 1), (23, 2), (34, 5.0)], [(0.0, 6.0), (13, 1), (15, 1), (19, 1), (24, 4), (31, 1), (33, 3), (37, 2.0)], [(0.0, 4.0), (5, 6), (12, 3), (16, 1), (18, 2), (21, 1), (23, 1), (26, 1), (29, 4), (34, 5.0)], [(0.0, 9.0), (11, 3), (16, 5), (25, 3), (38, 1.0)], [(0.0, 12.0), (14, 3), (23, 1), (28, 1), (33, 1), (36, 1)], [(0.0, 8.0), (10, 2), (14, 4), (20, 1), (27, 2)], [(0.0, 39.0)]]","[[39.0], [9.0], [3.0], [7.0], [6.0, 3, 1, 1, 2, 5.0], [6.0, 1, 1, 1, 4, 1, 3, 2.0], [4.0, 6, 3, 1, 2, 1, 1, 1, 4, 5.0], [9.0, 3, 5, 3, 1.0], [12.0, 3, 1, 1, 1, 1], [8.0, 2, 4, 1, 2], [39.0]]","[(0, 0.0, 0.0), (1, 30, 0.7692307692307693), (2, 36, 0.9230769230769231), (3, 32, 0.8205128205128205), (4, 21, 0.5384615384615384), (5, 20, 0.5128205128205128), (6, 11, 0.28205128205128205), (7, 18, 0.46153846153846156), (8, 20, 0.5128205128205128), (9, 22, 0.5641025641025641), (10, 0.0, 0.0)]","[(1, 30.0, 30.0, 1.0, 0, 30), (2, 36.0, 36.0, 1.0, 0, 36), (3, 32.0, 32.0, 1.0, 0, 32), (4, 21.0, 28.0, 0.75, 6, 34), (5, 20.0, 31.0, 0.6451612903225806, 6, 37), (6, 11.0, 30.0, 0.36666666666666664, 4, 34), (7, 18.0, 29.0, 0.6206896551724138, 9, 38), (8, 20.0, 27.0, 0.7407407407407407, 12, 39), (9, 22.0, 31.0, 0.7096774193548387, 8, 39)]",210,2,30.53500008583069,0.0
260,Experiment 4,5 Layers-Batch Size = 45,21,63.0,"[[(0.0, 63.0)], [(56, 7.0)], [(20, 1), (23, 1), (28, 1), (35, 1), (48, 1), (53, 10.0)], [(60, 3.0)], [(0.0, 2.0), (5, 6), (12, 1), (14, 2), (23, 1), (25, 3), (29, 2), (34, 4), (39, 2), (42, 4), (47, 2), (50, 7), (58, 2), (61, 2.0)], [(0.0, 8.0), (9, 11), (23, 1), (25, 1), (35, 3), (41, 4), (49, 14.0)], [(0.0, 5.0), (6, 16), (23, 5), (30, 2), (33, 1), (35, 1), (37, 9), (51, 1), (55, 1), (57, 1), (59, 4.0)], [(0.0, 23.0), (25, 1), (30, 1), (35, 1), (38, 1), (43, 1), (46, 1), (49, 2)], [(0.0, 27.0), (29, 4), (35, 1), (38, 1), (43, 4), (51, 5), (60, 3.0)], [(0.0, 7.0), (9, 8), (19, 3), (32, 2), (38, 1), (45, 1), (48, 1)], [(0.0, 63.0)]]","[[63.0], [7.0], [1, 1, 1, 1, 1, 10.0], [3.0], [2.0, 6, 1, 2, 1, 3, 2, 4, 2, 4, 2, 7, 2, 2.0], [8.0, 11, 1, 1, 3, 4, 14.0], [5.0, 16, 5, 2, 1, 1, 9, 1, 1, 1, 4.0], [23.0, 1, 1, 1, 1, 1, 1, 2], [27.0, 4, 1, 1, 4, 5, 3.0], [7.0, 8, 3, 2, 1, 1, 1], [63.0]]","[(0, 0.0, 0.0), (1, 56, 0.8888888888888888), (2, 48, 0.7619047619047619), (3, 60, 0.9523809523809523), (4, 23, 0.36507936507936506), (5, 21, 0.3333333333333333), (6, 17, 0.2698412698412698), (7, 32, 0.5079365079365079), (8, 18, 0.2857142857142857), (9, 40, 0.6349206349206349), (10, 0.0, 0.0)]","[(1, 56.0, 56.0, 1.0, 0, 56), (2, 48.0, 53.0, 0.9056603773584906, 0, 53), (3, 60.0, 60.0, 1.0, 0, 60), (4, 23.0, 59.0, 0.3898305084745763, 2, 61), (5, 21.0, 41.0, 0.5121951219512195, 8, 49), (6, 17.0, 54.0, 0.3148148148148148, 5, 59), (7, 32.0, 40.0, 0.8, 23, 63), (8, 18.0, 33.0, 0.5454545454545454, 27, 60), (9, 40.0, 56.0, 0.7142857142857143, 7, 63)]",315,2,69.64599990844727,0.0
261,Experiment 4,6 Layers-Batch Size = 15,21,16.0,"[[(0.0, 16.0)], [(3, 13.0)], [(3, 1), (5, 2), (8, 8.0)], [(7, 9.0)], [(0.0, 1.0), (12, 4.0)], [(0.0, 1.0), (13, 3.0)], [(0.0, 1.0), (13, 3.0)], [(0.0, 2.0), (5, 1), (10, 2), (13, 3.0)], [(0.0, 2.0), (12, 1), (14, 2.0)], [(0.0, 4.0), (6, 1), (9, 2), (12, 1), (14, 2.0)], [(0.0, 5.0), (15, 1.0)], [(0.0, 6.0)], [(0.0, 5.0), (7, 1)], [(0.0, 16.0)]]","[[16.0], [13.0], [1, 2, 8.0], [9.0], [1.0, 4.0], [1.0, 3.0], [1.0, 3.0], [2.0, 1, 2, 3.0], [2.0, 1, 2.0], [4.0, 1, 2, 1, 2.0], [5.0, 1.0], [6.0], [5.0, 1], [16.0]]","[(0, 0.0, 0.0), (1, 3, 0.1875), (2, 5, 0.3125), (3, 7, 0.4375), (4, 11, 0.6875), (5, 12, 0.75), (6, 12, 0.75), (7, 8, 0.5), (8, 11, 0.6875), (9, 6, 0.375), (10, 10, 0.625), (11, 10, 0.625), (12, 10, 0.625), (13, 0.0, 0.0)]","[(1, 3.0, 3.0, 1.0, 0, 3), (2, 5.0, 8.0, 0.625, 0, 8), (3, 7.0, 7.0, 1.0, 0, 7), (4, 11.0, 11.0, 1.0, 1, 12), (5, 12.0, 12.0, 1.0, 1, 13), (6, 12.0, 12.0, 1.0, 1, 13), (7, 8.0, 11.0, 0.7272727272727273, 2, 13), (8, 11.0, 12.0, 0.9166666666666666, 2, 14), (9, 6.0, 10.0, 0.6, 4, 14), (10, 10.0, 10.0, 1.0, 5, 15), (11, 10.0, 10.0, 1.0, 6, 16), (12, 10.0, 11.0, 0.9090909090909091, 5, 16)]",105,2,6.007999897003174,0.0
262,Experiment 4,6 Layers-Batch Size = 30,21,28.0,"[[(0.0, 28.0)], [(4, 1), (7, 1), (9, 3), (13, 15.0)], [(7, 1), (10, 1), (12, 16.0)], [(11, 2), (14, 14.0)], [(0.0, 1.0), (23, 5.0)], [(0.0, 1.0), (25, 3.0)], [(0.0, 1.0), (25, 3.0)], [(0.0, 2.0), (8, 1), (16, 1), (21, 4), (26, 2.0)], [(0.0, 2.0), (14, 1), (18, 1), (20, 3), (24, 1), (26, 2.0)], [(0.0, 4.0), (6, 2), (11, 1), (15, 1), (17, 1), (19, 1), (21, 1), (24, 1), (26, 2.0)], [(0.0, 5.0), (25, 1)], [(0.0, 6.0)], [(0.0, 10.0), (16, 1), (23, 1)], [(0.0, 28.0)]]","[[28.0], [1, 1, 3, 15.0], [1, 1, 16.0], [2, 14.0], [1.0, 5.0], [1.0, 3.0], [1.0, 3.0], [2.0, 1, 1, 4, 2.0], [2.0, 1, 1, 3, 1, 2.0], [4.0, 2, 1, 1, 1, 1, 1, 1, 2.0], [5.0, 1], [6.0], [10.0, 1, 1], [28.0]]","[(0, 0.0, 0.0), (1, 8, 0.2857142857142857), (2, 10, 0.35714285714285715), (3, 12, 0.42857142857142855), (4, 22, 0.7857142857142857), (5, 24, 0.8571428571428571), (6, 24, 0.8571428571428571), (7, 18, 0.6428571428571429), (8, 18, 0.6428571428571429), (9, 14, 0.5), (10, 22, 0.7857142857142857), (11, 22, 0.7857142857142857), (12, 16, 0.5714285714285714), (13, 0.0, 0.0)]","[(1, 8.0, 13.0, 0.6153846153846154, 0, 13), (2, 10.0, 12.0, 0.8333333333333334, 0, 12), (3, 12.0, 14.0, 0.8571428571428571, 0, 14), (4, 22.0, 22.0, 1.0, 1, 23), (5, 24.0, 24.0, 1.0, 1, 25), (6, 24.0, 24.0, 1.0, 1, 25), (7, 18.0, 24.0, 0.75, 2, 26), (8, 18.0, 24.0, 0.75, 2, 26), (9, 14.0, 22.0, 0.6363636363636364, 4, 26), (10, 22.0, 23.0, 0.9565217391304348, 5, 28), (11, 22.0, 22.0, 1.0, 6, 28), (12, 16.0, 18.0, 0.8888888888888888, 10, 28)]",210,2,73.96199989318848,0.0
263,Experiment 4,6 Layers-Batch Size = 45,21,61.0,"[[(0.0, 61.0)], [(10, 1), (15, 1), (18, 3), (22, 1), (24, 37.0)], [(3, 1), (8, 53.0)], [(16, 1), (18, 3), (22, 1), (24, 1), (26, 35.0)], [(0.0, 1.0), (55, 6.0)], [(0.0, 1.0), (10, 1), (14, 1), (18, 7), (26, 35.0)], [(0.0, 1.0), (58, 3.0)], [(0.0, 8.0), (9, 1), (14, 3), (18, 2), (21, 2), (32, 1), (36, 2), (39, 3), (43, 1), (45, 1), (48, 1), (50, 2), (54, 4), (59, 2.0)], [(0.0, 4.0), (5, 3), (11, 7), (20, 6), (29, 32.0)], [(0.0, 6.0), (8, 4), (13, 6), (20, 3), (24, 7), (32, 1), (34, 4), (39, 1), (41, 1), (43, 4), (48, 1), (51, 2), (54, 1), (57, 4.0)], [(0.0, 12.0), (14, 1), (17, 1), (20, 1), (23, 2), (27, 3), (34, 1), (45, 1), (58, 1)], [(0.0, 13.0), (15, 6), (23, 10), (35, 3), (40, 5), (47, 14.0)], [(0.0, 10.0), (12, 2), (16, 1), (19, 1), (26, 1), (29, 1), (32, 1), (41, 1), (60, 1.0)], [(0.0, 61.0)]]","[[61.0], [1, 1, 3, 1, 37.0], [1, 53.0], [1, 3, 1, 1, 35.0], [1.0, 6.0], [1.0, 1, 1, 7, 35.0], [1.0, 3.0], [8.0, 1, 3, 2, 2, 1, 2, 3, 1, 1, 1, 2, 4, 2.0], [4.0, 3, 7, 6, 32.0], [6.0, 4, 6, 3, 7, 1, 4, 1, 1, 4, 1, 2, 1, 4.0], [12.0, 1, 1, 1, 2, 3, 1, 1, 1], [13.0, 6, 10, 3, 5, 14.0], [10.0, 2, 1, 1, 1, 1, 1, 1, 1.0], [61.0]]","[(0, 0.0, 0.0), (1, 18, 0.29508196721311475), (2, 7, 0.11475409836065574), (3, 20, 0.32786885245901637), (4, 54, 0.8852459016393442), (5, 16, 0.26229508196721313), (6, 57, 0.9344262295081968), (7, 28, 0.45901639344262296), (8, 9, 0.14754098360655737), (9, 16, 0.26229508196721313), (10, 38, 0.6229508196721312), (11, 10, 0.16393442622950818), (12, 42, 0.6885245901639344), (13, 0.0, 0.0)]","[(1, 18.0, 24.0, 0.75, 0, 24), (2, 7.0, 8.0, 0.875, 0, 8), (3, 20.0, 26.0, 0.7692307692307693, 0, 26), (4, 54.0, 54.0, 1.0, 1, 55), (5, 16.0, 25.0, 0.64, 1, 26), (6, 57.0, 57.0, 1.0, 1, 58), (7, 28.0, 51.0, 0.5490196078431373, 8, 59), (8, 9.0, 25.0, 0.36, 4, 29), (9, 16.0, 51.0, 0.3137254901960784, 6, 57), (10, 38.0, 49.0, 0.7755102040816326, 12, 61), (11, 10.0, 34.0, 0.29411764705882354, 13, 47), (12, 42.0, 50.0, 0.84, 10, 60)]",315,2,211.0970001220703,0.0
264,Experiment 4,3 Layers-Batch Size = 15,22,34.0,"[[(0.0, 34.0)], [(28, 1), (33, 1.0)], [(7, 2)], [(0.0, 34.0)], [(0.0, 34.0)]]","[[34.0], [1, 1.0], [2], [], [34.0]]","[(0, 0.0, 0.0), (1, 32, 0.9411764705882353), (2, 32, 0.9411764705882353), (3, 34, 1.0), (4, 0.0, 0.0)]","[(1, 32.0, 33.0, 0.9696969696969697, 0, 33), (2, 32.0, 34.0, 0.9411764705882353, 0, 34), (3, 34.0, 34.0, 1.0, 0, 34)]",98,2,4.397000074386597,0.0
265,Experiment 4,3 Layers-Batch Size = 30,22,51.0,"[[(0.0, 51.0)], [(0.0, 51.0)], [(0.0, 51.0)], [(0.0, 51.0)], [(0.0, 51.0)]]","[[51.0], [], [], [], [51.0]]","[(0, 0.0, 0.0), (1, 51, 1.0), (2, 51, 1.0), (3, 51, 1.0), (4, 0.0, 0.0)]","[(1, 51.0, 51.0, 1.0, 0, 51), (2, 51.0, 51.0, 1.0, 0, 51), (3, 51.0, 51.0, 1.0, 0, 51)]",153,2,137.49499988555908,0.0
266,Experiment 4,3 Layers-Batch Size = 45,22,101.0,"[[(0.0, 101.0)], [(0.0, 101.0)], [(85, 1), (100, 1.0)], [(0.0, 101.0)], [(0.0, 101.0)]]","[[101.0], [], [1, 1.0], [], [101.0]]","[(0, 0.0, 0.0), (1, 101, 1.0), (2, 99, 0.9801980198019802), (3, 101, 1.0), (4, 0.0, 0.0)]","[(1, 101.0, 101.0, 1.0, 0, 101), (2, 99.0, 100.0, 0.99, 0, 100), (3, 101.0, 101.0, 1.0, 0, 101)]",301,2,397.7109999656677,0.0
267,Experiment 4,4 Layers-Batch Size = 15,22,27.0,"[[(0.0, 27.0)], [(6, 1), (11, 2), (15, 12.0)], [(4, 2), (12, 1), (15, 12.0)], [(6, 21.0)], [(0.0, 2.0)], [(0.0, 2.0), (7, 1), (23, 4.0)], [(0.0, 5.0), (23, 4.0)], [(0.0, 27.0)]]","[[27.0], [1, 2, 12.0], [2, 1, 12.0], [21.0], [2.0], [2.0, 1, 4.0], [5.0, 4.0], [27.0]]","[(0, 0.0, 0.0), (1, 12, 0.4444444444444444), (2, 12, 0.4444444444444444), (3, 6, 0.2222222222222222), (4, 25, 0.9259259259259259), (5, 20, 0.7407407407407407), (6, 18, 0.6666666666666666), (7, 0.0, 0.0)]","[(1, 12.0, 15.0, 0.8, 0, 15), (2, 12.0, 15.0, 0.8, 0, 15), (3, 6.0, 6.0, 1.0, 0, 6), (4, 25.0, 25.0, 1.0, 2, 27), (5, 20.0, 21.0, 0.9523809523809523, 2, 23), (6, 18.0, 18.0, 1.0, 5, 23)]",93,2,0.8629999160766602,0.0
268,Experiment 4,4 Layers-Batch Size = 30,22,38.0,"[[(0.0, 38.0)], [(10, 1), (13, 1), (18, 2), (22, 16.0)], [(6, 1), (13, 1), (18, 3), (23, 15.0)], [(8, 1), (21, 1), (24, 3), (29, 9.0)], [(0.0, 2.0)], [(0.0, 2.0), (14, 2), (37, 1.0)], [(0.0, 2.0)], [(0.0, 38.0)]]","[[38.0], [1, 1, 2, 16.0], [1, 1, 3, 15.0], [1, 1, 3, 9.0], [2.0], [2.0, 2, 1.0], [2.0], [38.0]]","[(0, 0.0, 0.0), (1, 18, 0.47368421052631576), (2, 18, 0.47368421052631576), (3, 24, 0.631578947368421), (4, 36, 0.9473684210526315), (5, 33, 0.868421052631579), (6, 36, 0.9473684210526315), (7, 0.0, 0.0)]","[(1, 18.0, 22.0, 0.8181818181818182, 0, 22), (2, 18.0, 23.0, 0.782608695652174, 0, 23), (3, 24.0, 29.0, 0.8275862068965517, 0, 29), (4, 36.0, 36.0, 1.0, 2, 38), (5, 33.0, 35.0, 0.9428571428571428, 2, 37), (6, 36.0, 36.0, 1.0, 2, 38)]",165,2,10.177000045776367,0.0
269,Experiment 4,4 Layers-Batch Size = 45,22,50.0,"[[(0.0, 50.0)], [(6, 1), (13, 1), (24, 2), (28, 4), (34, 16.0)], [(14, 2), (18, 1), (25, 1), (28, 1), (31, 1), (36, 14.0)], [(6, 1), (11, 1), (28, 1), (35, 3), (40, 10.0)], [(0.0, 2.0)], [(0.0, 2.0)], [(0.0, 2.0)], [(0.0, 50.0)]]","[[50.0], [1, 1, 2, 4, 16.0], [2, 1, 1, 1, 1, 14.0], [1, 1, 1, 3, 10.0], [2.0], [2.0], [2.0], [50.0]]","[(0, 0.0, 0.0), (1, 26, 0.52), (2, 30, 0.6), (3, 34, 0.68), (4, 48, 0.96), (5, 48, 0.96), (6, 48, 0.96), (7, 0.0, 0.0)]","[(1, 26.0, 34.0, 0.7647058823529411, 0, 34), (2, 30.0, 36.0, 0.8333333333333334, 0, 36), (3, 34.0, 40.0, 0.85, 0, 40), (4, 48.0, 48.0, 1.0, 2, 50), (5, 48.0, 48.0, 1.0, 2, 50), (6, 48.0, 48.0, 1.0, 2, 50)]",234,2,25.432000160217285,0.0
270,Experiment 4,5 Layers-Batch Size = 15,22,15.0,"[[(0.0, 15.0)], [(10, 5.0)], [(10, 5.0)], [(6, 1), (11, 4.0)], [(0.0, 2.0), (3, 1), (5, 2), (11, 4.0)], [(0.0, 2.0), (3, 1), (7, 2), (12, 3.0)], [(0.0, 2.0), (3, 1), (5, 2), (8, 3), (12, 3.0)], [(0.0, 3.0)], [(0.0, 3.0)], [(0.0, 4.0)], [(0.0, 15.0)]]","[[15.0], [5.0], [5.0], [1, 4.0], [2.0, 1, 2, 4.0], [2.0, 1, 2, 3.0], [2.0, 1, 2, 3, 3.0], [3.0], [3.0], [4.0], [15.0]]","[(0, 0.0, 0.0), (1, 10, 0.6666666666666666), (2, 10, 0.6666666666666666), (3, 10, 0.6666666666666666), (4, 6, 0.4), (5, 7, 0.4666666666666667), (6, 4, 0.26666666666666666), (7, 12, 0.8), (8, 12, 0.8), (9, 11, 0.7333333333333333), (10, 0.0, 0.0)]","[(1, 10.0, 10.0, 1.0, 0, 10), (2, 10.0, 10.0, 1.0, 0, 10), (3, 10.0, 11.0, 0.9090909090909091, 0, 11), (4, 6.0, 9.0, 0.6666666666666666, 2, 11), (5, 7.0, 10.0, 0.7, 2, 12), (6, 4.0, 10.0, 0.4, 2, 12), (7, 12.0, 12.0, 1.0, 3, 15), (8, 12.0, 12.0, 1.0, 3, 15), (9, 11.0, 11.0, 1.0, 4, 15)]",82,2,2.5450000762939453,0.0
271,Experiment 4,5 Layers-Batch Size = 30,22,35.0,"[[(0.0, 35.0)], [(16, 1), (21, 2), (25, 10.0)], [(20, 15.0)], [(12, 2), (16, 1), (19, 4), (25, 10.0)], [(0.0, 2.0), (3, 3), (7, 2), (11, 2), (15, 1), (17, 1), (19, 3), (23, 3), (27, 8.0)], [(0.0, 2.0), (3, 3), (7, 2), (13, 1), (15, 1), (21, 1), (23, 12.0)], [(0.0, 4.0), (12, 3), (18, 1), (22, 3), (28, 7.0)], [(0.0, 3.0)], [(0.0, 3.0)], [(0.0, 7.0), (9, 1), (11, 1), (16, 1), (34, 1.0)], [(0.0, 35.0)]]","[[35.0], [1, 2, 10.0], [15.0], [2, 1, 4, 10.0], [2.0, 3, 2, 2, 1, 1, 3, 3, 8.0], [2.0, 3, 2, 1, 1, 1, 12.0], [4.0, 3, 1, 3, 7.0], [3.0], [3.0], [7.0, 1, 1, 1, 1.0], [35.0]]","[(0, 0.0, 0.0), (1, 22, 0.6285714285714286), (2, 20, 0.5714285714285714), (3, 18, 0.5142857142857142), (4, 10, 0.2857142857142857), (5, 13, 0.37142857142857144), (6, 17, 0.4857142857142857), (7, 32, 0.9142857142857143), (8, 32, 0.9142857142857143), (9, 24, 0.6857142857142857), (10, 0.0, 0.0)]","[(1, 22.0, 25.0, 0.88, 0, 25), (2, 20.0, 20.0, 1.0, 0, 20), (3, 18.0, 25.0, 0.72, 0, 25), (4, 10.0, 25.0, 0.4, 2, 27), (5, 13.0, 21.0, 0.6190476190476191, 2, 23), (6, 17.0, 24.0, 0.7083333333333334, 4, 28), (7, 32.0, 32.0, 1.0, 3, 35), (8, 32.0, 32.0, 1.0, 3, 35), (9, 24.0, 27.0, 0.8888888888888888, 7, 34)]",188,2,12.531000137329102,0.0
272,Experiment 4,5 Layers-Batch Size = 45,22,39.0,"[[(0.0, 39.0)], [(32, 7.0)], [(24, 1), (29, 10.0)], [(30, 9.0)], [(0.0, 2.0), (3, 1), (5, 1), (7, 1), (10, 1), (13, 1), (16, 2), (19, 3), (23, 1), (25, 1), (27, 1), (31, 8.0)], [(0.0, 2.0), (3, 2), (10, 2), (18, 2), (33, 6.0)], [(0.0, 2.0), (4, 1), (7, 5), (16, 1), (19, 1), (27, 2), (33, 6.0)], [(0.0, 3.0)], [(0.0, 3.0)], [(0.0, 4.0), (6, 2), (38, 1.0)], [(0.0, 39.0)]]","[[39.0], [7.0], [1, 10.0], [9.0], [2.0, 1, 1, 1, 1, 1, 2, 3, 1, 1, 1, 8.0], [2.0, 2, 2, 2, 6.0], [2.0, 1, 5, 1, 1, 2, 6.0], [3.0], [3.0], [4.0, 2, 1.0], [39.0]]","[(0, 0.0, 0.0), (1, 32, 0.8205128205128205), (2, 28, 0.717948717948718), (3, 30, 0.7692307692307693), (4, 16, 0.41025641025641024), (5, 25, 0.6410256410256411), (6, 21, 0.5384615384615384), (7, 36, 0.9230769230769231), (8, 36, 0.9230769230769231), (9, 32, 0.8205128205128205), (10, 0.0, 0.0)]","[(1, 32.0, 32.0, 1.0, 0, 32), (2, 28.0, 29.0, 0.9655172413793104, 0, 29), (3, 30.0, 30.0, 1.0, 0, 30), (4, 16.0, 29.0, 0.5517241379310345, 2, 31), (5, 25.0, 31.0, 0.8064516129032258, 2, 33), (6, 21.0, 31.0, 0.6774193548387096, 2, 33), (7, 36.0, 36.0, 1.0, 3, 39), (8, 36.0, 36.0, 1.0, 3, 39), (9, 32.0, 34.0, 0.9411764705882353, 4, 38)]",256,2,496.8919999599457,0.0
273,Experiment 4,6 Layers-Batch Size = 15,22,11.0,"[[(0.0, 11.0)], [(5, 6.0)], [(4, 7.0)], [(6, 5.0)], [(0.0, 1.0), (6, 2), (9, 2.0)], [(0.0, 1.0), (5, 6.0)], [(0.0, 1.0), (4, 1), (7, 4.0)], [(0.0, 2.0), (10, 1.0)], [(0.0, 2.0), (9, 2.0)], [(0.0, 2.0), (7, 4.0)], [(0.0, 4.0)], [(0.0, 3.0)], [(0.0, 3.0)], [(0.0, 11.0)]]","[[11.0], [6.0], [7.0], [5.0], [1.0, 2, 2.0], [1.0, 6.0], [1.0, 1, 4.0], [2.0, 1.0], [2.0, 2.0], [2.0, 4.0], [4.0], [3.0], [3.0], [11.0]]","[(0, 0.0, 0.0), (1, 5, 0.45454545454545453), (2, 4, 0.36363636363636365), (3, 6, 0.5454545454545454), (4, 6, 0.5454545454545454), (5, 4, 0.36363636363636365), (6, 5, 0.45454545454545453), (7, 8, 0.7272727272727273), (8, 7, 0.6363636363636364), (9, 5, 0.45454545454545453), (10, 7, 0.6363636363636364), (11, 8, 0.7272727272727273), (12, 8, 0.7272727272727273), (13, 0.0, 0.0)]","[(1, 5.0, 5.0, 1.0, 0, 5), (2, 4.0, 4.0, 1.0, 0, 4), (3, 6.0, 6.0, 1.0, 0, 6), (4, 6.0, 8.0, 0.75, 1, 9), (5, 4.0, 4.0, 1.0, 1, 5), (6, 5.0, 6.0, 0.8333333333333334, 1, 7), (7, 8.0, 8.0, 1.0, 2, 10), (8, 7.0, 7.0, 1.0, 2, 9), (9, 5.0, 5.0, 1.0, 2, 7), (10, 7.0, 7.0, 1.0, 4, 11), (11, 8.0, 8.0, 1.0, 3, 11), (12, 8.0, 8.0, 1.0, 3, 11)]",73,2,2.947999954223633,0.0
274,Experiment 4,6 Layers-Batch Size = 30,22,27.0,"[[(0.0, 27.0)], [(5, 2), (8, 2), (11, 16.0)], [(11, 2), (14, 1), (16, 11.0)], [(9, 3), (13, 14.0)], [(0.0, 1.0), (3, 1), (6, 7), (14, 13.0)], [(0.0, 1.0), (3, 1), (6, 1), (12, 3), (18, 9.0)], [(0.0, 1.0), (11, 1), (13, 1), (15, 2), (18, 9.0)], [(0.0, 2.0), (4, 1), (7, 1), (9, 6), (17, 10.0)], [(0.0, 2.0), (21, 2), (25, 2.0)], [(0.0, 2.0), (25, 2.0)], [(0.0, 3.0)], [(0.0, 3.0)], [(0.0, 3.0)], [(0.0, 27.0)]]","[[27.0], [2, 2, 16.0], [2, 1, 11.0], [3, 14.0], [1.0, 1, 7, 13.0], [1.0, 1, 1, 3, 9.0], [1.0, 1, 1, 2, 9.0], [2.0, 1, 1, 6, 10.0], [2.0, 2, 2.0], [2.0, 2.0], [3.0], [3.0], [3.0], [27.0]]","[(0, 0.0, 0.0), (1, 7, 0.25925925925925924), (2, 13, 0.48148148148148145), (3, 10, 0.37037037037037035), (4, 5, 0.18518518518518517), (5, 12, 0.4444444444444444), (6, 13, 0.48148148148148145), (7, 7, 0.25925925925925924), (8, 21, 0.7777777777777778), (9, 23, 0.8518518518518519), (10, 24, 0.8888888888888888), (11, 24, 0.8888888888888888), (12, 24, 0.8888888888888888), (13, 0.0, 0.0)]","[(1, 7.0, 11.0, 0.6363636363636364, 0, 11), (2, 13.0, 16.0, 0.8125, 0, 16), (3, 10.0, 13.0, 0.7692307692307693, 0, 13), (4, 5.0, 13.0, 0.38461538461538464, 1, 14), (5, 12.0, 17.0, 0.7058823529411765, 1, 18), (6, 13.0, 17.0, 0.7647058823529411, 1, 18), (7, 7.0, 15.0, 0.4666666666666667, 2, 17), (8, 21.0, 23.0, 0.9130434782608695, 2, 25), (9, 23.0, 23.0, 1.0, 2, 25), (10, 24.0, 24.0, 1.0, 3, 27), (11, 24.0, 24.0, 1.0, 3, 27), (12, 24.0, 24.0, 1.0, 3, 27)]",183,2,51.35599994659424,0.0
275,Experiment 4,6 Layers-Batch Size = 45,22,55.0,"[[(0.0, 55.0)], [(13, 6), (20, 35.0)], [(8, 1), (13, 1), (18, 37.0)], [(15, 40.0)], [(0.0, 1.0), (2, 1), (10, 1), (15, 1), (20, 1), (22, 33.0)], [(0.0, 1.0), (2, 1), (6, 1), (15, 1), (19, 1), (21, 5), (27, 1), (29, 26.0)], [(0.0, 2.0), (5, 1), (8, 2), (11, 1), (13, 2), (16, 2), (20, 35.0)], [(0.0, 2.0), (3, 1), (5, 2), (17, 1), (20, 7), (28, 2), (33, 22.0)], [(0.0, 2.0), (3, 1), (5, 1), (8, 1), (10, 1), (13, 1), (21, 3), (25, 1), (28, 8), (37, 18.0)], [(0.0, 4.0), (9, 2), (12, 2), (19, 2), (23, 1), (25, 30.0)], [(0.0, 3.0)], [(0.0, 3.0), (47, 3), (54, 1.0)], [(0.0, 8.0), (14, 2), (28, 1), (31, 2), (35, 4), (40, 5), (47, 8.0)], [(0.0, 55.0)]]","[[55.0], [6, 35.0], [1, 1, 37.0], [40.0], [1.0, 1, 1, 1, 1, 33.0], [1.0, 1, 1, 1, 1, 5, 1, 26.0], [2.0, 1, 2, 1, 2, 2, 35.0], [2.0, 1, 2, 1, 7, 2, 22.0], [2.0, 1, 1, 1, 1, 1, 3, 1, 8, 18.0], [4.0, 2, 2, 2, 1, 30.0], [3.0], [3.0, 3, 1.0], [8.0, 2, 1, 2, 4, 5, 8.0], [55.0]]","[(0, 0.0, 0.0), (1, 14, 0.2545454545454545), (2, 16, 0.2909090909090909), (3, 15, 0.2727272727272727), (4, 17, 0.3090909090909091), (5, 18, 0.32727272727272727), (6, 10, 0.18181818181818182), (7, 18, 0.32727272727272727), (8, 18, 0.32727272727272727), (9, 14, 0.2545454545454545), (10, 52, 0.9454545454545454), (11, 48, 0.8727272727272727), (12, 25, 0.45454545454545453), (13, 0.0, 0.0)]","[(1, 14.0, 20.0, 0.7, 0, 20), (2, 16.0, 18.0, 0.8888888888888888, 0, 18), (3, 15.0, 15.0, 1.0, 0, 15), (4, 17.0, 21.0, 0.8095238095238095, 1, 22), (5, 18.0, 28.0, 0.6428571428571429, 1, 29), (6, 10.0, 18.0, 0.5555555555555556, 2, 20), (7, 18.0, 31.0, 0.5806451612903226, 2, 33), (8, 18.0, 35.0, 0.5142857142857142, 2, 37), (9, 14.0, 21.0, 0.6666666666666666, 4, 25), (10, 52.0, 52.0, 1.0, 3, 55), (11, 48.0, 51.0, 0.9411764705882353, 3, 54), (12, 25.0, 39.0, 0.6410256410256411, 8, 47)]",265,2,34.569000005722046,0.0
276,Experiment 4,3 Layers-Batch Size = 15,23,27.0,"[[(0.0, 27.0)], [(0.0, 27.0)], [(5, 1)], [(0.0, 27.0)], [(0.0, 27.0)]]","[[27.0], [], [1], [], [27.0]]","[(0, 0.0, 0.0), (1, 27, 1.0), (2, 26, 0.9629629629629629), (3, 27, 1.0), (4, 0.0, 0.0)]","[(1, 27.0, 27.0, 1.0, 0, 27), (2, 26.0, 27.0, 0.9629629629629629, 0, 27), (3, 27.0, 27.0, 1.0, 0, 27)]",80,2,2.815999984741211,0.0
277,Experiment 4,3 Layers-Batch Size = 30,23,57.0,"[[(0.0, 57.0)], [(0.0, 57.0)], [(49, 1), (56, 1.0)], [(0.0, 57.0)], [(0.0, 57.0)]]","[[57.0], [], [1, 1.0], [], [57.0]]","[(0, 0.0, 0.0), (1, 57, 1.0), (2, 55, 0.9649122807017544), (3, 57, 1.0), (4, 0.0, 0.0)]","[(1, 57.0, 57.0, 1.0, 0, 57), (2, 55.0, 56.0, 0.9821428571428571, 0, 56), (3, 57.0, 57.0, 1.0, 0, 57)]",169,2,46.28400015830994,0.0
278,Experiment 4,3 Layers-Batch Size = 45,23,87.0,"[[(0.0, 87.0)], [(0.0, 87.0)], [(0.0, 87.0)], [(0.0, 87.0)], [(0.0, 87.0)]]","[[87.0], [], [], [], [87.0]]","[(0, 0.0, 0.0), (1, 87, 1.0), (2, 87, 1.0), (3, 87, 1.0), (4, 0.0, 0.0)]","[(1, 87.0, 87.0, 1.0, 0, 87), (2, 87.0, 87.0, 1.0, 0, 87), (3, 87.0, 87.0, 1.0, 0, 87)]",261,2,565.4949998855591,0.0
279,Experiment 4,4 Layers-Batch Size = 15,23,18.0,"[[(0.0, 18.0)], [(15, 3.0)], [(16, 2.0)], [(16, 2.0)], [(0.0, 4.0), (13, 2)], [(0.0, 4.0), (6, 2), (12, 1)], [(0.0, 2.0), (7, 2)], [(0.0, 18.0)]]","[[18.0], [3.0], [2.0], [2.0], [4.0, 2], [4.0, 2, 1], [2.0, 2], [18.0]]","[(0, 0.0, 0.0), (1, 15, 0.8333333333333334), (2, 16, 0.8888888888888888), (3, 16, 0.8888888888888888), (4, 12, 0.6666666666666666), (5, 11, 0.6111111111111112), (6, 14, 0.7777777777777778), (7, 0.0, 0.0)]","[(1, 15.0, 15.0, 1.0, 0, 15), (2, 16.0, 16.0, 1.0, 0, 16), (3, 16.0, 16.0, 1.0, 0, 16), (4, 12.0, 14.0, 0.8571428571428571, 4, 18), (5, 11.0, 14.0, 0.7857142857142857, 4, 18), (6, 14.0, 16.0, 0.875, 2, 18)]",84,2,1.8970000743865967,0.0
280,Experiment 4,4 Layers-Batch Size = 30,23,32.0,"[[(0.0, 32.0)], [(22, 2), (28, 4.0)], [(6, 1), (18, 1), (27, 5.0)], [(20, 1), (27, 5.0)], [(0.0, 2.0)], [(0.0, 3.0), (9, 1), (13, 1), (16, 1), (21, 2), (27, 1)], [(0.0, 2.0)], [(0.0, 32.0)]]","[[32.0], [2, 4.0], [1, 1, 5.0], [1, 5.0], [2.0], [3.0, 1, 1, 1, 2, 1], [2.0], [32.0]]","[(0, 0.0, 0.0), (1, 26, 0.8125), (2, 25, 0.78125), (3, 26, 0.8125), (4, 30, 0.9375), (5, 23, 0.71875), (6, 30, 0.9375), (7, 0.0, 0.0)]","[(1, 26.0, 28.0, 0.9285714285714286, 0, 28), (2, 25.0, 27.0, 0.9259259259259259, 0, 27), (3, 26.0, 27.0, 0.9629629629629629, 0, 27), (4, 30.0, 30.0, 1.0, 2, 32), (5, 23.0, 29.0, 0.7931034482758621, 3, 32), (6, 30.0, 30.0, 1.0, 2, 32)]",160,2,10.651000022888184,0.0
281,Experiment 4,4 Layers-Batch Size = 45,23,66.0,"[[(0.0, 66.0)], [(21, 1), (26, 2), (31, 35.0)], [(64, 2.0)], [(64, 2.0)], [(0.0, 8.0), (11, 1), (15, 3), (21, 3), (27, 4), (43, 23.0)], [(0.0, 4.0), (6, 2), (10, 6), (18, 2), (22, 1), (25, 1), (28, 1), (31, 1), (34, 5), (43, 1), (46, 1), (55, 1)], [(0.0, 2.0), (5, 2), (10, 3), (15, 1), (21, 1), (25, 8), (38, 4), (44, 1), (49, 3), (56, 1), (59, 1)], [(0.0, 66.0)]]","[[66.0], [1, 2, 35.0], [2.0], [2.0], [8.0, 1, 3, 3, 4, 23.0], [4.0, 2, 6, 2, 1, 1, 1, 1, 5, 1, 1, 1], [2.0, 2, 3, 1, 1, 8, 4, 1, 3, 1, 1], [66.0]]","[(0, 0.0, 0.0), (1, 28, 0.42424242424242425), (2, 64, 0.9696969696969697), (3, 64, 0.9696969696969697), (4, 24, 0.36363636363636365), (5, 40, 0.6060606060606061), (6, 39, 0.5909090909090909), (7, 0.0, 0.0)]","[(1, 28.0, 31.0, 0.9032258064516129, 0, 31), (2, 64.0, 64.0, 1.0, 0, 64), (3, 64.0, 64.0, 1.0, 0, 64), (4, 24.0, 35.0, 0.6857142857142857, 8, 43), (5, 40.0, 62.0, 0.6451612903225806, 4, 66), (6, 39.0, 64.0, 0.609375, 2, 66)]",259,2,34.27400016784668,0.0
282,Experiment 4,5 Layers-Batch Size = 15,23,22.0,"[[(0.0, 22.0)], [(6, 1), (9, 1), (16, 6.0)], [(20, 2.0)], [(20, 2.0)], [(0.0, 5.0), (7, 10), (19, 3.0)], [(0.0, 4.0), (5, 1), (8, 8), (19, 1), (21, 1.0)], [(0.0, 4.0), (5, 3), (9, 1), (12, 1), (17, 3), (21, 1.0)], [(0.0, 11.0), (12, 9)], [(0.0, 7.0), (8, 5), (15, 1)], [(0.0, 12.0), (13, 5), (19, 1)], [(0.0, 22.0)]]","[[22.0], [1, 1, 6.0], [2.0], [2.0], [5.0, 10, 3.0], [4.0, 1, 8, 1, 1.0], [4.0, 3, 1, 1, 3, 1.0], [11.0, 9], [7.0, 5, 1], [12.0, 5, 1], [22.0]]","[(0, 0.0, 0.0), (1, 14, 0.6363636363636364), (2, 20, 0.9090909090909091), (3, 20, 0.9090909090909091), (4, 4, 0.18181818181818182), (5, 7, 0.3181818181818182), (6, 9, 0.4090909090909091), (7, 2, 0.09090909090909091), (8, 9, 0.4090909090909091), (9, 4, 0.18181818181818182), (10, 0.0, 0.0)]","[(1, 14.0, 16.0, 0.875, 0, 16), (2, 20.0, 20.0, 1.0, 0, 20), (3, 20.0, 20.0, 1.0, 0, 20), (4, 4.0, 14.0, 0.2857142857142857, 5, 19), (5, 7.0, 17.0, 0.4117647058823529, 4, 21), (6, 9.0, 17.0, 0.5294117647058824, 4, 21), (7, 2.0, 11.0, 0.18181818181818182, 11, 22), (8, 9.0, 15.0, 0.6, 7, 22), (9, 4.0, 10.0, 0.4, 12, 22)]",89,2,1.5049998760223389,0.0
283,Experiment 4,5 Layers-Batch Size = 30,23,36.0,"[[(0.0, 36.0)], [(33, 3.0)], [(33, 3.0)], [(34, 2.0)], [(0.0, 10.0), (14, 1), (17, 1), (22, 2), (26, 2), (32, 1), (35, 1.0)], [(0.0, 15.0), (23, 1), (26, 1), (28, 1), (32, 1), (35, 1.0)], [(0.0, 12.0), (14, 3), (19, 1), (22, 6), (35, 1.0)], [(0.0, 27.0), (28, 1)], [(0.0, 19.0), (20, 1), (22, 1), (25, 1), (28, 1)], [(0.0, 20.0), (21, 6), (28, 1)], [(0.0, 36.0)]]","[[36.0], [3.0], [3.0], [2.0], [10.0, 1, 1, 2, 2, 1, 1.0], [15.0, 1, 1, 1, 1, 1.0], [12.0, 3, 1, 6, 1.0], [27.0, 1], [19.0, 1, 1, 1, 1], [20.0, 6, 1], [36.0]]","[(0, 0.0, 0.0), (1, 33, 0.9166666666666666), (2, 33, 0.9166666666666666), (3, 34, 0.9444444444444444), (4, 18, 0.5), (5, 16, 0.4444444444444444), (6, 13, 0.3611111111111111), (7, 8, 0.2222222222222222), (8, 13, 0.3611111111111111), (9, 9, 0.25), (10, 0.0, 0.0)]","[(1, 33.0, 33.0, 1.0, 0, 33), (2, 33.0, 33.0, 1.0, 0, 33), (3, 34.0, 34.0, 1.0, 0, 34), (4, 18.0, 25.0, 0.72, 10, 35), (5, 16.0, 20.0, 0.8, 15, 35), (6, 13.0, 23.0, 0.5652173913043478, 12, 35), (7, 8.0, 9.0, 0.8888888888888888, 27, 36), (8, 13.0, 17.0, 0.7647058823529411, 19, 36), (9, 9.0, 16.0, 0.5625, 20, 36)]",177,2,36.41000008583069,0.0
284,Experiment 4,5 Layers-Batch Size = 45,23,46.0,"[[(0.0, 46.0)], [(43, 3.0)], [(44, 2.0)], [(44, 2.0)], [(0.0, 3.0), (5, 1), (8, 2), (14, 1), (17, 1), (22, 3), (27, 2), (37, 1), (40, 1), (45, 1.0)], [(0.0, 7.0), (9, 4), (17, 2), (20, 1), (24, 2), (28, 1), (31, 2), (34, 1), (36, 2), (43, 1), (45, 1.0)], [(0.0, 4.0), (6, 1), (13, 3), (19, 8), (38, 1), (42, 2), (45, 1.0)], [(0.0, 8.0), (9, 7), (17, 1), (19, 1), (21, 1), (23, 1), (25, 4), (33, 1), (38, 1), (42, 1)], [(0.0, 20.0), (21, 3), (25, 4), (30, 6), (39, 2)], [(0.0, 16.0), (17, 8), (26, 1), (28, 2), (31, 1), (33, 1), (35, 2), (42, 1)], [(0.0, 46.0)]]","[[46.0], [3.0], [2.0], [2.0], [3.0, 1, 2, 1, 1, 3, 2, 1, 1, 1.0], [7.0, 4, 2, 1, 2, 1, 2, 1, 2, 1, 1.0], [4.0, 1, 3, 8, 1, 2, 1.0], [8.0, 7, 1, 1, 1, 1, 4, 1, 1, 1], [20.0, 3, 4, 6, 2], [16.0, 8, 1, 2, 1, 1, 2, 1], [46.0]]","[(0, 0.0, 0.0), (1, 43, 0.9347826086956522), (2, 44, 0.9565217391304348), (3, 44, 0.9565217391304348), (4, 30, 0.6521739130434783), (5, 22, 0.4782608695652174), (6, 26, 0.5652173913043478), (7, 20, 0.43478260869565216), (8, 11, 0.2391304347826087), (9, 14, 0.30434782608695654), (10, 0.0, 0.0)]","[(1, 43.0, 43.0, 1.0, 0, 43), (2, 44.0, 44.0, 1.0, 0, 44), (3, 44.0, 44.0, 1.0, 0, 44), (4, 30.0, 42.0, 0.7142857142857143, 3, 45), (5, 22.0, 38.0, 0.5789473684210527, 7, 45), (6, 26.0, 41.0, 0.6341463414634146, 4, 45), (7, 20.0, 38.0, 0.5263157894736842, 8, 46), (8, 11.0, 26.0, 0.4230769230769231, 20, 46), (9, 14.0, 30.0, 0.4666666666666667, 16, 46)]",254,2,130.12700009346008,0.0
285,Experiment 4,6 Layers-Batch Size = 15,23,15.0,"[[(0.0, 15.0)], [(7, 8.0)], [(12, 3.0)], [(12, 3.0)], [(0.0, 1.0), (3, 1), (9, 6.0)], [(0.0, 3.0), (5, 1), (8, 2), (11, 1), (13, 2.0)], [(0.0, 2.0), (3, 2), (9, 1), (11, 1), (13, 2.0)], [(0.0, 3.0), (7, 1), (10, 2), (14, 1.0)], [(0.0, 5.0), (14, 1.0)], [(0.0, 7.0), (11, 2), (14, 1.0)], [(0.0, 7.0), (8, 2), (12, 2)], [(0.0, 7.0), (10, 1), (12, 2)], [(0.0, 7.0), (8, 2)], [(0.0, 15.0)]]","[[15.0], [8.0], [3.0], [3.0], [1.0, 1, 6.0], [3.0, 1, 2, 1, 2.0], [2.0, 2, 1, 1, 2.0], [3.0, 1, 2, 1.0], [5.0, 1.0], [7.0, 2, 1.0], [7.0, 2, 2], [7.0, 1, 2], [7.0, 2], [15.0]]","[(0, 0.0, 0.0), (1, 7, 0.4666666666666667), (2, 12, 0.8), (3, 12, 0.8), (4, 7, 0.4666666666666667), (5, 6, 0.4), (6, 7, 0.4666666666666667), (7, 8, 0.5333333333333333), (8, 9, 0.6), (9, 5, 0.3333333333333333), (10, 4, 0.26666666666666666), (11, 5, 0.3333333333333333), (12, 6, 0.4), (13, 0.0, 0.0)]","[(1, 7.0, 7.0, 1.0, 0, 7), (2, 12.0, 12.0, 1.0, 0, 12), (3, 12.0, 12.0, 1.0, 0, 12), (4, 7.0, 8.0, 0.875, 1, 9), (5, 6.0, 10.0, 0.6, 3, 13), (6, 7.0, 11.0, 0.6363636363636364, 2, 13), (7, 8.0, 11.0, 0.7272727272727273, 3, 14), (8, 9.0, 9.0, 1.0, 5, 14), (9, 5.0, 7.0, 0.7142857142857143, 7, 14), (10, 4.0, 8.0, 0.5, 7, 15), (11, 5.0, 8.0, 0.625, 7, 15), (12, 6.0, 8.0, 0.75, 7, 15)]",88,2,2.3439998626708984,0.0
286,Experiment 4,6 Layers-Batch Size = 30,23,23.0,"[[(0.0, 23.0)], [(13, 10.0)], [(13, 10.0)], [(8, 2), (13, 3), (17, 6.0)], [(0.0, 1.0), (20, 3.0)], [(0.0, 1.0), (19, 4.0)], [(0.0, 1.0), (5, 1), (7, 1), (12, 1), (14, 3), (18, 5.0)], [(0.0, 3.0), (21, 2.0)], [(0.0, 3.0), (21, 2.0)], [(0.0, 2.0), (22, 1.0)], [(0.0, 4.0), (6, 1), (8, 5), (14, 1), (18, 1)], [(0.0, 7.0), (8, 1), (10, 1), (14, 2)], [(0.0, 8.0), (9, 3), (13, 2), (16, 2), (19, 1)], [(0.0, 23.0)]]","[[23.0], [10.0], [10.0], [2, 3, 6.0], [1.0, 3.0], [1.0, 4.0], [1.0, 1, 1, 1, 3, 5.0], [3.0, 2.0], [3.0, 2.0], [2.0, 1.0], [4.0, 1, 5, 1, 1], [7.0, 1, 1, 2], [8.0, 3, 2, 2, 1], [23.0]]","[(0, 0.0, 0.0), (1, 13, 0.5652173913043478), (2, 13, 0.5652173913043478), (3, 12, 0.5217391304347826), (4, 19, 0.8260869565217391), (5, 18, 0.782608695652174), (6, 11, 0.4782608695652174), (7, 18, 0.782608695652174), (8, 18, 0.782608695652174), (9, 20, 0.8695652173913043), (10, 11, 0.4782608695652174), (11, 12, 0.5217391304347826), (12, 7, 0.30434782608695654), (13, 0.0, 0.0)]","[(1, 13.0, 13.0, 1.0, 0, 13), (2, 13.0, 13.0, 1.0, 0, 13), (3, 12.0, 17.0, 0.7058823529411765, 0, 17), (4, 19.0, 19.0, 1.0, 1, 20), (5, 18.0, 18.0, 1.0, 1, 19), (6, 11.0, 17.0, 0.6470588235294118, 1, 18), (7, 18.0, 18.0, 1.0, 3, 21), (8, 18.0, 18.0, 1.0, 3, 21), (9, 20.0, 20.0, 1.0, 2, 22), (10, 11.0, 19.0, 0.5789473684210527, 4, 23), (11, 12.0, 16.0, 0.75, 7, 23), (12, 7.0, 15.0, 0.4666666666666667, 8, 23)]",172,2,32.805999994277954,0.0
287,Experiment 4,6 Layers-Batch Size = 45,23,33.0,"[[(0.0, 33.0)], [(2, 1), (21, 2), (24, 9.0)], [(14, 19.0)], [(13, 9), (23, 10.0)], [(0.0, 1.0), (14, 3), (30, 3.0)], [(0.0, 1.0), (5, 1), (18, 1), (23, 3), (28, 5.0)], [(0.0, 1.0), (2, 1), (15, 1), (19, 2), (22, 6), (29, 4.0)], [(0.0, 2.0), (32, 1.0)], [(0.0, 3.0), (31, 2.0)], [(0.0, 2.0), (32, 1.0)], [(0.0, 8.0), (11, 3), (15, 2), (19, 1)], [(0.0, 5.0), (6, 3), (10, 4), (17, 2), (22, 2), (26, 2), (31, 1)], [(0.0, 5.0), (6, 5), (12, 8), (22, 1), (24, 2)], [(0.0, 33.0)]]","[[33.0], [1, 2, 9.0], [19.0], [9, 10.0], [1.0, 3, 3.0], [1.0, 1, 1, 3, 5.0], [1.0, 1, 1, 2, 6, 4.0], [2.0, 1.0], [3.0, 2.0], [2.0, 1.0], [8.0, 3, 2, 1], [5.0, 3, 4, 2, 2, 2, 1], [5.0, 5, 8, 1, 2], [33.0]]","[(0, 0.0, 0.0), (1, 21, 0.6363636363636364), (2, 14, 0.42424242424242425), (3, 14, 0.42424242424242425), (4, 26, 0.7878787878787878), (5, 22, 0.6666666666666666), (6, 18, 0.5454545454545454), (7, 30, 0.9090909090909091), (8, 28, 0.8484848484848485), (9, 30, 0.9090909090909091), (10, 19, 0.5757575757575758), (11, 14, 0.42424242424242425), (12, 12, 0.36363636363636365), (13, 0.0, 0.0)]","[(1, 21.0, 24.0, 0.875, 0, 24), (2, 14.0, 14.0, 1.0, 0, 14), (3, 14.0, 23.0, 0.6086956521739131, 0, 23), (4, 26.0, 29.0, 0.896551724137931, 1, 30), (5, 22.0, 27.0, 0.8148148148148148, 1, 28), (6, 18.0, 28.0, 0.6428571428571429, 1, 29), (7, 30.0, 30.0, 1.0, 2, 32), (8, 28.0, 28.0, 1.0, 3, 31), (9, 30.0, 30.0, 1.0, 2, 32), (10, 19.0, 25.0, 0.76, 8, 33), (11, 14.0, 28.0, 0.5, 5, 33), (12, 12.0, 28.0, 0.42857142857142855, 5, 33)]",248,2,116.80100011825562,0.0
288,Experiment 4,3 Layers-Batch Size = 15,24,30.0,"[[(0.0, 30.0)], [(28, 2.0)], [(0.0, 30.0)], [(0.0, 30.0)], [(0.0, 30.0)]]","[[30.0], [2.0], [], [], [30.0]]","[(0, 0.0, 0.0), (1, 28, 0.9333333333333333), (2, 30, 1.0), (3, 30, 1.0), (4, 0.0, 0.0)]","[(1, 28.0, 28.0, 1.0, 0, 28), (2, 30.0, 30.0, 1.0, 0, 30), (3, 30.0, 30.0, 1.0, 0, 30)]",88,2,4.646000146865845,0.0
289,Experiment 4,3 Layers-Batch Size = 30,24,56.0,"[[(0.0, 56.0)], [(49, 1)], [(0.0, 56.0)], [(0.0, 56.0)], [(0.0, 56.0)]]","[[56.0], [1], [], [], [56.0]]","[(0, 0.0, 0.0), (1, 55, 0.9821428571428571), (2, 56, 1.0), (3, 56, 1.0), (4, 0.0, 0.0)]","[(1, 55.0, 56.0, 0.9821428571428571, 0, 56), (2, 56.0, 56.0, 1.0, 0, 56), (3, 56.0, 56.0, 1.0, 0, 56)]",167,2,37.603999853134155,0.0
290,Experiment 4,3 Layers-Batch Size = 45,24,84.0,"[[(0.0, 84.0)], [(16, 1)], [(78, 1)], [(0.0, 84.0)], [(0.0, 84.0)]]","[[84.0], [1], [1], [], [84.0]]","[(0, 0.0, 0.0), (1, 83, 0.9880952380952381), (2, 83, 0.9880952380952381), (3, 84, 1.0), (4, 0.0, 0.0)]","[(1, 83.0, 84.0, 0.9880952380952381, 0, 84), (2, 83.0, 84.0, 0.9880952380952381, 0, 84), (3, 84.0, 84.0, 1.0, 0, 84)]",250,9,1800.0520000457764,0.4642857142857142
291,Experiment 4,4 Layers-Batch Size = 15,24,17.0,"[[(0.0, 17.0)], [(14, 3.0)], [(11, 1), (14, 3.0)], [(13, 4.0)], [(0.0, 2.0)], [(0.0, 2.0)], [(0.0, 4.0)], [(0.0, 17.0)]]","[[17.0], [3.0], [1, 3.0], [4.0], [2.0], [2.0], [4.0], [17.0]]","[(0, 0.0, 0.0), (1, 14, 0.8235294117647058), (2, 13, 0.7647058823529411), (3, 13, 0.7647058823529411), (4, 15, 0.8823529411764706), (5, 15, 0.8823529411764706), (6, 13, 0.7647058823529411), (7, 0.0, 0.0)]","[(1, 14.0, 14.0, 1.0, 0, 14), (2, 13.0, 14.0, 0.9285714285714286, 0, 14), (3, 13.0, 13.0, 1.0, 0, 13), (4, 15.0, 15.0, 1.0, 2, 17), (5, 15.0, 15.0, 1.0, 2, 17), (6, 13.0, 13.0, 1.0, 4, 17)]",83,2,2.182000160217285,0.0
292,Experiment 4,4 Layers-Batch Size = 30,24,38.0,"[[(0.0, 38.0)], [(6, 2), (20, 3), (25, 2), (31, 7.0)], [(13, 3), (20, 1), (27, 3), (32, 6.0)], [(19, 19.0)], [(0.0, 2.0), (11, 3)], [(0.0, 2.0)], [(0.0, 4.0), (6, 4), (19, 1), (29, 9.0)], [(0.0, 38.0)]]","[[38.0], [2, 3, 2, 7.0], [3, 1, 3, 6.0], [19.0], [2.0, 3], [2.0], [4.0, 4, 1, 9.0], [38.0]]","[(0, 0.0, 0.0), (1, 24, 0.631578947368421), (2, 25, 0.6578947368421053), (3, 19, 0.5), (4, 33, 0.868421052631579), (5, 36, 0.9473684210526315), (6, 20, 0.5263157894736842), (7, 0.0, 0.0)]","[(1, 24.0, 31.0, 0.7741935483870968, 0, 31), (2, 25.0, 32.0, 0.78125, 0, 32), (3, 19.0, 19.0, 1.0, 0, 19), (4, 33.0, 36.0, 0.9166666666666666, 2, 38), (5, 36.0, 36.0, 1.0, 2, 38), (6, 20.0, 25.0, 0.8, 4, 29)]",157,2,7.322999954223633,0.0
293,Experiment 4,4 Layers-Batch Size = 45,24,50.0,"[[(0.0, 50.0)], [(48, 2.0)], [(28, 1), (47, 3.0)], [(48, 2.0)], [(0.0, 2.0), (24, 1), (28, 1)], [(0.0, 13.0), (16, 3), (28, 1)], [(0.0, 5.0), (10, 1), (13, 2), (27, 4), (35, 1), (41, 1), (44, 1)], [(0.0, 50.0)]]","[[50.0], [2.0], [1, 3.0], [2.0], [2.0, 1, 1], [13.0, 3, 1], [5.0, 1, 2, 4, 1, 1, 1], [50.0]]","[(0, 0.0, 0.0), (1, 48, 0.96), (2, 46, 0.92), (3, 48, 0.96), (4, 46, 0.92), (5, 33, 0.66), (6, 35, 0.7), (7, 0.0, 0.0)]","[(1, 48.0, 48.0, 1.0, 0, 48), (2, 46.0, 47.0, 0.9787234042553191, 0, 47), (3, 48.0, 48.0, 1.0, 0, 48), (4, 46.0, 48.0, 0.9583333333333334, 2, 50), (5, 33.0, 37.0, 0.8918918918918919, 13, 50), (6, 35.0, 45.0, 0.7777777777777778, 5, 50)]",256,2,247.77500009536743,0.0
294,Experiment 4,5 Layers-Batch Size = 15,24,26.0,"[[(0.0, 26.0)], [(24, 2.0)], [(4, 1), (8, 1), (12, 14.0)], [(20, 6.0)], [(0.0, 3.0), (6, 6), (13, 4), (22, 4.0)], [(0.0, 26.0)], [(0.0, 6.0), (7, 1), (10, 1), (12, 1), (17, 2), (20, 4), (25, 1.0)], [(0.0, 5.0), (7, 2), (10, 2), (13, 9), (23, 1), (25, 1.0)], [(0.0, 10.0), (11, 9), (21, 5.0)], [(0.0, 15.0), (19, 2), (23, 2)], [(0.0, 26.0)]]","[[26.0], [2.0], [1, 1, 14.0], [6.0], [3.0, 6, 4, 4.0], [26.0], [6.0, 1, 1, 1, 2, 4, 1.0], [5.0, 2, 2, 9, 1, 1.0], [10.0, 9, 5.0], [15.0, 2, 2], [26.0]]","[(0, 0.0, 0.0), (1, 24, 0.9230769230769231), (2, 10, 0.38461538461538464), (3, 20, 0.7692307692307693), (4, 9, 0.34615384615384615), (5, 0.0, 0.0), (6, 10, 0.38461538461538464), (7, 6, 0.23076923076923078), (8, 2, 0.07692307692307693), (9, 7, 0.2692307692307692), (10, 0.0, 0.0)]","[(1, 24.0, 24.0, 1.0, 0, 24), (2, 10.0, 12.0, 0.8333333333333334, 0, 12), (3, 20.0, 20.0, 1.0, 0, 20), (4, 9.0, 19.0, 0.47368421052631576, 3, 22), (6, 10.0, 19.0, 0.5263157894736842, 6, 25), (7, 6.0, 20.0, 0.3, 5, 25), (8, 2.0, 11.0, 0.18181818181818182, 10, 21), (9, 7.0, 11.0, 0.6363636363636364, 15, 26)]",88,2,1.684000015258789,0.0
295,Experiment 4,5 Layers-Batch Size = 30,24,28.0,"[[(0.0, 28.0)], [(24, 4.0)], [(25, 3.0)], [(25, 3.0)], [(0.0, 2.0), (10, 1), (13, 1), (27, 1.0)], [(0.0, 2.0), (4, 2), (18, 2), (24, 1), (27, 1.0)], [(0.0, 4.0), (6, 7), (15, 2), (20, 1), (24, 1), (27, 1.0)], [(0.0, 12.0), (13, 3), (18, 1), (25, 1)], [(0.0, 13.0), (15, 1), (21, 1)], [(0.0, 20.0), (21, 1), (24, 1)], [(0.0, 28.0)]]","[[28.0], [4.0], [3.0], [3.0], [2.0, 1, 1, 1.0], [2.0, 2, 2, 1, 1.0], [4.0, 7, 2, 1, 1, 1.0], [12.0, 3, 1, 1], [13.0, 1, 1], [20.0, 1, 1], [28.0]]","[(0, 0.0, 0.0), (1, 24, 0.8571428571428571), (2, 25, 0.8928571428571429), (3, 25, 0.8928571428571429), (4, 23, 0.8214285714285714), (5, 20, 0.7142857142857143), (6, 12, 0.42857142857142855), (7, 11, 0.39285714285714285), (8, 13, 0.4642857142857143), (9, 6, 0.21428571428571427), (10, 0.0, 0.0)]","[(1, 24.0, 24.0, 1.0, 0, 24), (2, 25.0, 25.0, 1.0, 0, 25), (3, 25.0, 25.0, 1.0, 0, 25), (4, 23.0, 25.0, 0.92, 2, 27), (5, 20.0, 25.0, 0.8, 2, 27), (6, 12.0, 23.0, 0.5217391304347826, 4, 27), (7, 11.0, 16.0, 0.6875, 12, 28), (8, 13.0, 15.0, 0.8666666666666667, 13, 28), (9, 6.0, 8.0, 0.75, 20, 28)]",159,2,47.174999952316284,0.0
296,Experiment 4,5 Layers-Batch Size = 45,24,51.0,"[[(0.0, 51.0)], [(48, 3.0)], [(48, 3.0)], [(37, 1), (49, 2.0)], [(0.0, 4.0), (6, 1), (12, 1), (18, 4), (24, 2), (28, 2), (32, 1), (35, 1), (38, 1), (40, 1), (45, 1), (49, 2.0)], [(0.0, 10.0), (12, 3), (17, 2), (21, 12), (35, 3), (44, 2), (50, 1.0)], [(0.0, 10.0), (11, 1), (14, 5), (21, 4), (27, 2), (31, 1), (33, 1), (35, 1), (38, 2), (50, 1.0)], [(0.0, 11.0), (12, 4), (17, 1), (21, 1), (23, 3), (27, 1), (29, 4), (34, 4), (39, 1), (41, 1), (44, 1), (46, 1)], [(0.0, 10.0), (11, 7), (20, 1), (22, 2), (25, 10), (36, 1), (38, 5), (44, 1), (46, 1)], [(0.0, 16.0), (17, 2), (20, 13), (35, 2), (38, 4)], [(0.0, 51.0)]]","[[51.0], [3.0], [3.0], [1, 2.0], [4.0, 1, 1, 4, 2, 2, 1, 1, 1, 1, 1, 2.0], [10.0, 3, 2, 12, 3, 2, 1.0], [10.0, 1, 5, 4, 2, 1, 1, 1, 2, 1.0], [11.0, 4, 1, 1, 3, 1, 4, 4, 1, 1, 1, 1], [10.0, 7, 1, 2, 10, 1, 5, 1, 1], [16.0, 2, 13, 2, 4], [51.0]]","[(0, 0.0, 0.0), (1, 48, 0.9411764705882353), (2, 48, 0.9411764705882353), (3, 48, 0.9411764705882353), (4, 30, 0.5882352941176471), (5, 18, 0.35294117647058826), (6, 23, 0.45098039215686275), (7, 18, 0.35294117647058826), (8, 13, 0.2549019607843137), (9, 14, 0.27450980392156865), (10, 0.0, 0.0)]","[(1, 48.0, 48.0, 1.0, 0, 48), (2, 48.0, 48.0, 1.0, 0, 48), (3, 48.0, 49.0, 0.9795918367346939, 0, 49), (4, 30.0, 45.0, 0.6666666666666666, 4, 49), (5, 18.0, 40.0, 0.45, 10, 50), (6, 23.0, 40.0, 0.575, 10, 50), (7, 18.0, 40.0, 0.45, 11, 51), (8, 13.0, 41.0, 0.3170731707317073, 10, 51), (9, 14.0, 35.0, 0.4, 16, 51)]",260,2,227.8880000114441,0.0
297,Experiment 4,6 Layers-Batch Size = 15,24,13.0,"[[(0.0, 13.0)], [(6, 7.0)], [(5, 8.0)], [(3, 1), (9, 4.0)], [(0.0, 1.0), (4, 1), (6, 2), (9, 1), (11, 2.0)], [(0.0, 1.0), (10, 3.0)], [(0.0, 1.0), (9, 4.0)], [(0.0, 2.0), (4, 1), (12, 1.0)], [(0.0, 2.0), (12, 1.0)], [(0.0, 3.0), (12, 1.0)], [(0.0, 6.0), (8, 2)], [(0.0, 4.0), (5, 4)], [(0.0, 6.0), (8, 1), (11, 1)], [(0.0, 13.0)]]","[[13.0], [7.0], [8.0], [1, 4.0], [1.0, 1, 2, 1, 2.0], [1.0, 3.0], [1.0, 4.0], [2.0, 1, 1.0], [2.0, 1.0], [3.0, 1.0], [6.0, 2], [4.0, 4], [6.0, 1, 1], [13.0]]","[(0, 0.0, 0.0), (1, 6, 0.46153846153846156), (2, 5, 0.38461538461538464), (3, 8, 0.6153846153846154), (4, 6, 0.46153846153846156), (5, 9, 0.6923076923076923), (6, 8, 0.6153846153846154), (7, 9, 0.6923076923076923), (8, 10, 0.7692307692307693), (9, 9, 0.6923076923076923), (10, 5, 0.38461538461538464), (11, 5, 0.38461538461538464), (12, 5, 0.38461538461538464), (13, 0.0, 0.0)]","[(1, 6.0, 6.0, 1.0, 0, 6), (2, 5.0, 5.0, 1.0, 0, 5), (3, 8.0, 9.0, 0.8888888888888888, 0, 9), (4, 6.0, 10.0, 0.6, 1, 11), (5, 9.0, 9.0, 1.0, 1, 10), (6, 8.0, 8.0, 1.0, 1, 9), (7, 9.0, 10.0, 0.9, 2, 12), (8, 10.0, 10.0, 1.0, 2, 12), (9, 9.0, 9.0, 1.0, 3, 12), (10, 5.0, 7.0, 0.7142857142857143, 6, 13), (11, 5.0, 9.0, 0.5555555555555556, 4, 13), (12, 5.0, 7.0, 0.7142857142857143, 6, 13)]",85,2,2.9630000591278076,0.0
298,Experiment 4,6 Layers-Batch Size = 30,24,26.0,"[[(0.0, 26.0)], [(9, 1), (13, 13.0)], [(9, 1), (11, 1), (13, 13.0)], [(6, 1), (8, 1), (15, 11.0)], [(0.0, 2.0), (4, 2), (9, 1), (12, 1), (14, 12.0)], [(0.0, 1.0), (23, 3.0)], [(0.0, 1.0), (23, 3.0)], [(0.0, 4.0), (10, 1), (18, 8.0)], [(0.0, 3.0), (25, 1.0)], [(0.0, 3.0), (25, 1.0)], [(0.0, 9.0), (10, 5), (17, 3), (22, 4.0)], [(0.0, 6.0), (7, 4), (13, 2)], [(0.0, 10.0), (11, 4), (17, 1)], [(0.0, 26.0)]]","[[26.0], [1, 13.0], [1, 1, 13.0], [1, 1, 11.0], [2.0, 2, 1, 1, 12.0], [1.0, 3.0], [1.0, 3.0], [4.0, 1, 8.0], [3.0, 1.0], [3.0, 1.0], [9.0, 5, 3, 4.0], [6.0, 4, 2], [10.0, 4, 1], [26.0]]","[(0, 0.0, 0.0), (1, 12, 0.46153846153846156), (2, 11, 0.4230769230769231), (3, 13, 0.5), (4, 8, 0.3076923076923077), (5, 22, 0.8461538461538461), (6, 22, 0.8461538461538461), (7, 13, 0.5), (8, 22, 0.8461538461538461), (9, 22, 0.8461538461538461), (10, 5, 0.19230769230769232), (11, 14, 0.5384615384615384), (12, 11, 0.4230769230769231), (13, 0.0, 0.0)]","[(1, 12.0, 13.0, 0.9230769230769231, 0, 13), (2, 11.0, 13.0, 0.8461538461538461, 0, 13), (3, 13.0, 15.0, 0.8666666666666667, 0, 15), (4, 8.0, 12.0, 0.6666666666666666, 2, 14), (5, 22.0, 22.0, 1.0, 1, 23), (6, 22.0, 22.0, 1.0, 1, 23), (7, 13.0, 14.0, 0.9285714285714286, 4, 18), (8, 22.0, 22.0, 1.0, 3, 25), (9, 22.0, 22.0, 1.0, 3, 25), (10, 5.0, 13.0, 0.38461538461538464, 9, 22), (11, 14.0, 20.0, 0.7, 6, 26), (12, 11.0, 16.0, 0.6875, 10, 26)]",175,2,30.55900001525879,0.0
299,Experiment 4,6 Layers-Batch Size = 45,24,38.0,"[[(0.0, 38.0)], [(8, 4), (13, 25.0)], [(13, 1), (18, 1), (20, 4), (25, 13.0)], [(15, 1), (18, 1), (20, 2), (23, 15.0)], [(0.0, 1.0), (3, 2), (6, 1), (12, 3), (16, 4), (21, 2), (25, 13.0)], [(0.0, 1.0), (33, 5.0)], [(0.0, 1.0), (35, 3.0)], [(0.0, 4.0), (6, 2), (23, 1), (26, 2), (32, 6.0)], [(0.0, 3.0), (37, 1.0)], [(0.0, 3.0), (11, 2), (37, 1.0)], [(0.0, 10.0), (11, 4), (17, 1), (19, 5), (25, 2), (28, 2), (31, 2), (34, 4.0)], [(0.0, 7.0), (8, 2), (11, 2), (14, 2), (20, 2), (24, 1), (26, 1)], [(0.0, 7.0), (8, 8), (17, 2), (20, 3), (27, 2)], [(0.0, 38.0)]]","[[38.0], [4, 25.0], [1, 1, 4, 13.0], [1, 1, 2, 15.0], [1.0, 2, 1, 3, 4, 2, 13.0], [1.0, 5.0], [1.0, 3.0], [4.0, 2, 1, 2, 6.0], [3.0, 1.0], [3.0, 2, 1.0], [10.0, 4, 1, 5, 2, 2, 2, 4.0], [7.0, 2, 2, 2, 2, 1, 1], [7.0, 8, 2, 3, 2], [38.0]]","[(0, 0.0, 0.0), (1, 9, 0.23684210526315788), (2, 19, 0.5), (3, 19, 0.5), (4, 12, 0.3157894736842105), (5, 32, 0.8421052631578947), (6, 34, 0.8947368421052632), (7, 23, 0.6052631578947368), (8, 34, 0.8947368421052632), (9, 32, 0.8421052631578947), (10, 8, 0.21052631578947367), (11, 21, 0.5526315789473685), (12, 16, 0.42105263157894735), (13, 0.0, 0.0)]","[(1, 9.0, 13.0, 0.6923076923076923, 0, 13), (2, 19.0, 25.0, 0.76, 0, 25), (3, 19.0, 23.0, 0.8260869565217391, 0, 23), (4, 12.0, 24.0, 0.5, 1, 25), (5, 32.0, 32.0, 1.0, 1, 33), (6, 34.0, 34.0, 1.0, 1, 35), (7, 23.0, 28.0, 0.8214285714285714, 4, 32), (8, 34.0, 34.0, 1.0, 3, 37), (9, 32.0, 34.0, 0.9411764705882353, 3, 37), (10, 8.0, 24.0, 0.3333333333333333, 10, 34), (11, 21.0, 31.0, 0.6774193548387096, 7, 38), (12, 16.0, 31.0, 0.5161290322580645, 7, 38)]",259,2,94.98000001907349,0.0
300,Experiment 4,3 Layers-Batch Size = 15,25,26.0,"[[(0.0, 26.0)], [(0.0, 26.0)], [(0.0, 26.0)], [(12, 1)], [(0.0, 26.0)]]","[[26.0], [], [], [1], [26.0]]","[(0, 0.0, 0.0), (1, 26, 1.0), (2, 26, 1.0), (3, 25, 0.9615384615384616), (4, 0.0, 0.0)]","[(1, 26.0, 26.0, 1.0, 0, 26), (2, 26.0, 26.0, 1.0, 0, 26), (3, 25.0, 26.0, 0.9615384615384616, 0, 26)]",77,2,3.30400013923645,0.0
301,Experiment 4,3 Layers-Batch Size = 30,25,48.0,"[[(0.0, 48.0)], [(0.0, 48.0)], [(21, 1)], [(47, 1.0)], [(0.0, 48.0)]]","[[48.0], [], [1], [1.0], [48.0]]","[(0, 0.0, 0.0), (1, 48, 1.0), (2, 47, 0.9791666666666666), (3, 47, 0.9791666666666666), (4, 0.0, 0.0)]","[(1, 48.0, 48.0, 1.0, 0, 48), (2, 47.0, 48.0, 0.9791666666666666, 0, 48), (3, 47.0, 47.0, 1.0, 0, 47)]",142,2,21.234999895095825,0.0
302,Experiment 4,3 Layers-Batch Size = 45,25,73.0,"[[(0.0, 73.0)], [(0.0, 73.0)], [(0.0, 73.0)], [(72, 1.0)], [(0.0, 73.0)]]","[[73.0], [], [], [1.0], [73.0]]","[(0, 0.0, 0.0), (1, 73, 1.0), (2, 73, 1.0), (3, 72, 0.9863013698630136), (4, 0.0, 0.0)]","[(1, 73.0, 73.0, 1.0, 0, 73), (2, 73.0, 73.0, 1.0, 0, 73), (3, 72.0, 72.0, 1.0, 0, 72)]",218,2,424.67599987983704,0.0
303,Experiment 4,4 Layers-Batch Size = 15,25,16.0,"[[(0.0, 16.0)], [(12, 4.0)], [(14, 2.0)], [(14, 2.0)], [(0.0, 4.0), (8, 1), (11, 1)], [(0.0, 3.0), (6, 1), (12, 1), (15, 1.0)], [(0.0, 4.0)], [(0.0, 16.0)]]","[[16.0], [4.0], [2.0], [2.0], [4.0, 1, 1], [3.0, 1, 1, 1.0], [4.0], [16.0]]","[(0, 0.0, 0.0), (1, 12, 0.75), (2, 14, 0.875), (3, 14, 0.875), (4, 10, 0.625), (5, 10, 0.625), (6, 12, 0.75), (7, 0.0, 0.0)]","[(1, 12.0, 12.0, 1.0, 0, 12), (2, 14.0, 14.0, 1.0, 0, 14), (3, 14.0, 14.0, 1.0, 0, 14), (4, 10.0, 12.0, 0.8333333333333334, 4, 16), (5, 10.0, 12.0, 0.8333333333333334, 3, 15), (6, 12.0, 12.0, 1.0, 4, 16)]",72,2,2.3919999599456787,0.0
304,Experiment 4,4 Layers-Batch Size = 30,25,26.0,"[[(0.0, 26.0)], [(24, 2.0)], [(24, 2.0)], [(18, 2), (22, 4.0)], [(0.0, 3.0), (9, 1), (16, 1)], [(0.0, 2.0), (6, 2), (22, 1), (25, 1.0)], [(0.0, 2.0)], [(0.0, 26.0)]]","[[26.0], [2.0], [2.0], [2, 4.0], [3.0, 1, 1], [2.0, 2, 1, 1.0], [2.0], [26.0]]","[(0, 0.0, 0.0), (1, 24, 0.9230769230769231), (2, 24, 0.9230769230769231), (3, 20, 0.7692307692307693), (4, 21, 0.8076923076923077), (5, 20, 0.7692307692307693), (6, 24, 0.9230769230769231), (7, 0.0, 0.0)]","[(1, 24.0, 24.0, 1.0, 0, 24), (2, 24.0, 24.0, 1.0, 0, 24), (3, 20.0, 22.0, 0.9090909090909091, 0, 22), (4, 21.0, 23.0, 0.9130434782608695, 3, 26), (5, 20.0, 23.0, 0.8695652173913043, 2, 25), (6, 24.0, 24.0, 1.0, 2, 26)]",133,2,31.151000022888184,0.0
305,Experiment 4,4 Layers-Batch Size = 45,25,43.0,"[[(0.0, 43.0)], [(39, 4.0)], [(31, 1), (41, 2.0)], [(41, 2.0)], [(0.0, 6.0), (8, 2), (21, 1), (26, 2), (40, 1)], [(0.0, 4.0), (6, 3), (38, 1)], [(0.0, 3.0), (7, 3), (16, 2), (42, 1.0)], [(0.0, 43.0)]]","[[43.0], [4.0], [1, 2.0], [2.0], [6.0, 2, 1, 2, 1], [4.0, 3, 1], [3.0, 3, 2, 1.0], [43.0]]","[(0, 0.0, 0.0), (1, 39, 0.9069767441860465), (2, 40, 0.9302325581395349), (3, 41, 0.9534883720930233), (4, 31, 0.7209302325581395), (5, 35, 0.813953488372093), (6, 34, 0.7906976744186046), (7, 0.0, 0.0)]","[(1, 39.0, 39.0, 1.0, 0, 39), (2, 40.0, 41.0, 0.975609756097561, 0, 41), (3, 41.0, 41.0, 1.0, 0, 41), (4, 31.0, 37.0, 0.8378378378378378, 6, 43), (5, 35.0, 39.0, 0.8974358974358975, 4, 43), (6, 34.0, 39.0, 0.8717948717948718, 3, 42)]",220,2,265.4500000476837,0.0
306,Experiment 4,5 Layers-Batch Size = 15,25,17.0,"[[(0.0, 17.0)], [(15, 2.0)], [(13, 4.0)], [(12, 5.0)], [(0.0, 6.0), (7, 2), (10, 1), (14, 3.0)], [(0.0, 6.0), (7, 1), (10, 7.0)], [(0.0, 7.0), (14, 1), (16, 1.0)], [(0.0, 8.0), (9, 3), (13, 1), (16, 1.0)], [(0.0, 9.0), (10, 1), (13, 4.0)], [(0.0, 8.0), (12, 1)], [(0.0, 17.0)]]","[[17.0], [2.0], [4.0], [5.0], [6.0, 2, 1, 3.0], [6.0, 1, 7.0], [7.0, 1, 1.0], [8.0, 3, 1, 1.0], [9.0, 1, 4.0], [8.0, 1], [17.0]]","[(0, 0.0, 0.0), (1, 15, 0.8823529411764706), (2, 13, 0.7647058823529411), (3, 12, 0.7058823529411765), (4, 5, 0.29411764705882354), (5, 3, 0.17647058823529413), (6, 8, 0.47058823529411764), (7, 4, 0.23529411764705882), (8, 3, 0.17647058823529413), (9, 8, 0.47058823529411764), (10, 0.0, 0.0)]","[(1, 15.0, 15.0, 1.0, 0, 15), (2, 13.0, 13.0, 1.0, 0, 13), (3, 12.0, 12.0, 1.0, 0, 12), (4, 5.0, 8.0, 0.625, 6, 14), (5, 3.0, 4.0, 0.75, 6, 10), (6, 8.0, 9.0, 0.8888888888888888, 7, 16), (7, 4.0, 8.0, 0.5, 8, 16), (8, 3.0, 4.0, 0.75, 9, 13), (9, 8.0, 9.0, 0.8888888888888888, 8, 17)]",71,2,1.9659998416900635,0.0
307,Experiment 4,5 Layers-Batch Size = 30,25,36.0,"[[(0.0, 36.0)], [(33, 3.0)], [(33, 3.0)], [(11, 1), (15, 1), (24, 12.0)], [(0.0, 6.0), (8, 2), (12, 2), (16, 2), (20, 1), (23, 1), (30, 1), (35, 1.0)], [(0.0, 3.0), (5, 1), (10, 2), (18, 1), (23, 1), (26, 3), (35, 1.0)], [(0.0, 11.0), (12, 2), (15, 2), (18, 1), (21, 1), (23, 1), (25, 1), (27, 9.0)], [(0.0, 18.0), (19, 1), (30, 2)], [(0.0, 7.0), (8, 3), (13, 1), (15, 3), (19, 1), (21, 5), (27, 2), (30, 1), (33, 2)], [(0.0, 21.0), (22, 2), (25, 1), (27, 2), (30, 6.0)], [(0.0, 36.0)]]","[[36.0], [3.0], [3.0], [1, 1, 12.0], [6.0, 2, 2, 2, 1, 1, 1, 1.0], [3.0, 1, 2, 1, 1, 3, 1.0], [11.0, 2, 2, 1, 1, 1, 1, 9.0], [18.0, 1, 2], [7.0, 3, 1, 3, 1, 5, 2, 1, 2], [21.0, 2, 1, 2, 6.0], [36.0]]","[(0, 0.0, 0.0), (1, 33, 0.9166666666666666), (2, 33, 0.9166666666666666), (3, 22, 0.6111111111111112), (4, 20, 0.5555555555555556), (5, 24, 0.6666666666666666), (6, 8, 0.2222222222222222), (7, 15, 0.4166666666666667), (8, 11, 0.3055555555555556), (9, 4, 0.1111111111111111), (10, 0.0, 0.0)]","[(1, 33.0, 33.0, 1.0, 0, 33), (2, 33.0, 33.0, 1.0, 0, 33), (3, 22.0, 24.0, 0.9166666666666666, 0, 24), (4, 20.0, 29.0, 0.6896551724137931, 6, 35), (5, 24.0, 32.0, 0.75, 3, 35), (6, 8.0, 16.0, 0.5, 11, 27), (7, 15.0, 18.0, 0.8333333333333334, 18, 36), (8, 11.0, 29.0, 0.3793103448275862, 7, 36), (9, 4.0, 9.0, 0.4444444444444444, 21, 30)]",170,2,19.82100009918213,0.0
308,Experiment 4,5 Layers-Batch Size = 45,25,54.0,"[[(0.0, 54.0)], [(51, 3.0)], [(48, 6.0)], [(11, 1), (21, 1), (29, 2), (33, 4), (39, 15.0)], [(0.0, 9.0), (10, 1), (13, 1), (15, 1), (18, 1), (21, 1), (26, 2), (30, 1), (47, 1), (50, 1), (53, 1.0)], [(0.0, 4.0), (6, 1), (13, 2), (21, 4), (29, 3), (34, 2), (40, 1), (43, 1), (50, 1), (53, 1.0)], [(0.0, 11.0), (12, 11), (25, 1), (28, 1), (30, 1), (32, 3), (36, 2), (39, 2), (42, 12.0)], [(0.0, 11.0), (13, 1), (15, 3), (19, 5), (26, 3), (30, 1), (33, 1), (37, 1), (39, 1), (42, 2), (51, 2)], [(0.0, 15.0), (16, 7), (24, 4), (29, 4), (36, 1), (38, 4), (44, 1), (46, 1), (52, 1)], [(0.0, 25.0), (26, 6), (33, 4), (38, 5), (44, 1), (46, 2), (49, 5.0)], [(0.0, 54.0)]]","[[54.0], [3.0], [6.0], [1, 1, 2, 4, 15.0], [9.0, 1, 1, 1, 1, 1, 2, 1, 1, 1, 1.0], [4.0, 1, 2, 4, 3, 2, 1, 1, 1, 1.0], [11.0, 11, 1, 1, 1, 3, 2, 2, 12.0], [11.0, 1, 3, 5, 3, 1, 1, 1, 1, 2, 2], [15.0, 7, 4, 4, 1, 4, 1, 1, 1], [25.0, 6, 4, 5, 1, 2, 5.0], [54.0]]","[(0, 0.0, 0.0), (1, 51, 0.9444444444444444), (2, 48, 0.8888888888888888), (3, 31, 0.5740740740740741), (4, 34, 0.6296296296296297), (5, 34, 0.6296296296296297), (6, 10, 0.18518518518518517), (7, 23, 0.42592592592592593), (8, 16, 0.2962962962962963), (9, 6, 0.1111111111111111), (10, 0.0, 0.0)]","[(1, 51.0, 51.0, 1.0, 0, 51), (2, 48.0, 48.0, 1.0, 0, 48), (3, 31.0, 39.0, 0.7948717948717948, 0, 39), (4, 34.0, 44.0, 0.7727272727272727, 9, 53), (5, 34.0, 49.0, 0.6938775510204082, 4, 53), (6, 10.0, 31.0, 0.3225806451612903, 11, 42), (7, 23.0, 43.0, 0.5348837209302325, 11, 54), (8, 16.0, 39.0, 0.41025641025641024, 15, 54), (9, 6.0, 24.0, 0.25, 25, 49)]",253,2,69.41599988937378,0.0
309,Experiment 4,6 Layers-Batch Size = 15,25,14.0,"[[(0.0, 14.0)], [(3, 1), (5, 9.0)], [(5, 1), (7, 7.0)], [(5, 2), (8, 6.0)], [(0.0, 1.0), (9, 5.0)], [(0.0, 1.0), (11, 3.0)], [(0.0, 1.0), (3, 1), (7, 1), (9, 5.0)], [(0.0, 3.0), (9, 1), (12, 2.0)], [(0.0, 3.0), (13, 1.0)], [(0.0, 3.0), (8, 2), (11, 3.0)], [(0.0, 7.0), (8, 3), (13, 1.0)], [(0.0, 6.0)], [(0.0, 4.0), (5, 2), (8, 1), (10, 2), (13, 1.0)], [(0.0, 14.0)]]","[[14.0], [1, 9.0], [1, 7.0], [2, 6.0], [1.0, 5.0], [1.0, 3.0], [1.0, 1, 1, 5.0], [3.0, 1, 2.0], [3.0, 1.0], [3.0, 2, 3.0], [7.0, 3, 1.0], [6.0], [4.0, 2, 1, 2, 1.0], [14.0]]","[(0, 0.0, 0.0), (1, 4, 0.2857142857142857), (2, 6, 0.42857142857142855), (3, 6, 0.42857142857142855), (4, 8, 0.5714285714285714), (5, 10, 0.7142857142857143), (6, 6, 0.42857142857142855), (7, 8, 0.5714285714285714), (8, 10, 0.7142857142857143), (9, 6, 0.42857142857142855), (10, 3, 0.21428571428571427), (11, 8, 0.5714285714285714), (12, 4, 0.2857142857142857), (13, 0.0, 0.0)]","[(1, 4.0, 5.0, 0.8, 0, 5), (2, 6.0, 7.0, 0.8571428571428571, 0, 7), (3, 6.0, 8.0, 0.75, 0, 8), (4, 8.0, 8.0, 1.0, 1, 9), (5, 10.0, 10.0, 1.0, 1, 11), (6, 6.0, 8.0, 0.75, 1, 9), (7, 8.0, 9.0, 0.8888888888888888, 3, 12), (8, 10.0, 10.0, 1.0, 3, 13), (9, 6.0, 8.0, 0.75, 3, 11), (10, 3.0, 6.0, 0.5, 7, 13), (11, 8.0, 8.0, 1.0, 6, 14), (12, 4.0, 9.0, 0.4444444444444444, 4, 13)]",79,2,2.4700000286102295,0.0
310,Experiment 4,6 Layers-Batch Size = 30,25,18.0,"[[(0.0, 18.0)], [(14, 4.0)], [(12, 6.0)], [(12, 6.0)], [(0.0, 1.0), (15, 3.0)], [(0.0, 1.0), (15, 3.0)], [(0.0, 1.0), (16, 2.0)], [(0.0, 3.0), (17, 1.0)], [(0.0, 2.0), (17, 1.0)], [(0.0, 3.0), (17, 1.0)], [(0.0, 7.0)], [(0.0, 6.0), (11, 1)], [(0.0, 3.0), (4, 6), (14, 1)], [(0.0, 18.0)]]","[[18.0], [4.0], [6.0], [6.0], [1.0, 3.0], [1.0, 3.0], [1.0, 2.0], [3.0, 1.0], [2.0, 1.0], [3.0, 1.0], [7.0], [6.0, 1], [3.0, 6, 1], [18.0]]","[(0, 0.0, 0.0), (1, 14, 0.7777777777777778), (2, 12, 0.6666666666666666), (3, 12, 0.6666666666666666), (4, 14, 0.7777777777777778), (5, 14, 0.7777777777777778), (6, 15, 0.8333333333333334), (7, 14, 0.7777777777777778), (8, 15, 0.8333333333333334), (9, 14, 0.7777777777777778), (10, 11, 0.6111111111111112), (11, 11, 0.6111111111111112), (12, 8, 0.4444444444444444), (13, 0.0, 0.0)]","[(1, 14.0, 14.0, 1.0, 0, 14), (2, 12.0, 12.0, 1.0, 0, 12), (3, 12.0, 12.0, 1.0, 0, 12), (4, 14.0, 14.0, 1.0, 1, 15), (5, 14.0, 14.0, 1.0, 1, 15), (6, 15.0, 15.0, 1.0, 1, 16), (7, 14.0, 14.0, 1.0, 3, 17), (8, 15.0, 15.0, 1.0, 2, 17), (9, 14.0, 14.0, 1.0, 3, 17), (10, 11.0, 11.0, 1.0, 7, 18), (11, 11.0, 12.0, 0.9166666666666666, 6, 18), (12, 8.0, 15.0, 0.5333333333333333, 3, 18)]",154,2,42.77499985694885,0.0
311,Experiment 4,6 Layers-Batch Size = 45,25,27.0,"[[(0.0, 27.0)], [(24, 3.0)], [(21, 6.0)], [(24, 3.0)], [(0.0, 2.0), (7, 1), (19, 1), (21, 1), (25, 2.0)], [(0.0, 1.0), (3, 1), (22, 5.0)], [(0.0, 2.0), (3, 1), (7, 1), (23, 1), (25, 2.0)], [(0.0, 3.0), (10, 1), (26, 1.0)], [(0.0, 5.0), (7, 1), (21, 1), (26, 1.0)], [(0.0, 5.0), (6, 1), (11, 1), (26, 1.0)], [(0.0, 10.0), (17, 1)], [(0.0, 8.0), (9, 4)], [(0.0, 10.0), (11, 1), (13, 2)], [(0.0, 27.0)]]","[[27.0], [3.0], [6.0], [3.0], [2.0, 1, 1, 1, 2.0], [1.0, 1, 5.0], [2.0, 1, 1, 1, 2.0], [3.0, 1, 1.0], [5.0, 1, 1, 1.0], [5.0, 1, 1, 1.0], [10.0, 1], [8.0, 4], [10.0, 1, 2], [27.0]]","[(0, 0.0, 0.0), (1, 24, 0.8888888888888888), (2, 21, 0.7777777777777778), (3, 24, 0.8888888888888888), (4, 20, 0.7407407407407407), (5, 20, 0.7407407407407407), (6, 20, 0.7407407407407407), (7, 22, 0.8148148148148148), (8, 19, 0.7037037037037037), (9, 19, 0.7037037037037037), (10, 16, 0.5925925925925926), (11, 15, 0.5555555555555556), (12, 14, 0.5185185185185185), (13, 0.0, 0.0)]","[(1, 24.0, 24.0, 1.0, 0, 24), (2, 21.0, 21.0, 1.0, 0, 21), (3, 24.0, 24.0, 1.0, 0, 24), (4, 20.0, 23.0, 0.8695652173913043, 2, 25), (5, 20.0, 21.0, 0.9523809523809523, 1, 22), (6, 20.0, 23.0, 0.8695652173913043, 2, 25), (7, 22.0, 23.0, 0.9565217391304348, 3, 26), (8, 19.0, 21.0, 0.9047619047619048, 5, 26), (9, 19.0, 21.0, 0.9047619047619048, 5, 26), (10, 16.0, 17.0, 0.9411764705882353, 10, 27), (11, 15.0, 19.0, 0.7894736842105263, 8, 27), (12, 14.0, 17.0, 0.8235294117647058, 10, 27)]",234,2,319.3109998703003,0.0
312,Experiment 4,3 Layers-Batch Size = 15,26,27.0,"[[(0.0, 27.0)], [(26, 1.0)], [(26, 1.0)], [(0.0, 27.0)], [(0.0, 27.0)]]","[[27.0], [1.0], [1.0], [], [27.0]]","[(0, 0.0, 0.0), (1, 26, 0.9629629629629629), (2, 26, 0.9629629629629629), (3, 27, 1.0), (4, 0.0, 0.0)]","[(1, 26.0, 26.0, 1.0, 0, 26), (2, 26.0, 26.0, 1.0, 0, 26), (3, 27.0, 27.0, 1.0, 0, 27)]",79,2,3.120000123977661,0.0
313,Experiment 4,3 Layers-Batch Size = 30,26,56.0,"[[(0.0, 56.0)], [(0.0, 56.0)], [(0.0, 56.0)], [(0.0, 56.0)], [(0.0, 56.0)]]","[[56.0], [], [], [], [56.0]]","[(0, 0.0, 0.0), (1, 56, 1.0), (2, 56, 1.0), (3, 56, 1.0), (4, 0.0, 0.0)]","[(1, 56.0, 56.0, 1.0, 0, 56), (2, 56.0, 56.0, 1.0, 0, 56), (3, 56.0, 56.0, 1.0, 0, 56)]",168,2,53.85800004005432,0.0
314,Experiment 4,3 Layers-Batch Size = 45,26,85.0,"[[(0.0, 85.0)], [(0.0, 85.0)], [(0.0, 85.0)], [(0.0, 85.0)], [(0.0, 85.0)]]","[[85.0], [], [], [], [85.0]]","[(0, 0.0, 0.0), (1, 85, 1.0), (2, 85, 1.0), (3, 85, 1.0), (4, 0.0, 0.0)]","[(1, 85.0, 85.0, 1.0, 0, 85), (2, 85.0, 85.0, 1.0, 0, 85), (3, 85.0, 85.0, 1.0, 0, 85)]",255,9,1800.1729998588562,0.5764705882352941
315,Experiment 4,4 Layers-Batch Size = 15,26,20.0,"[[(0.0, 20.0)], [(16, 4.0)], [(16, 4.0)], [(18, 2.0)], [(0.0, 7.0), (9, 1)], [(0.0, 9.0), (14, 3), (19, 1.0)], [(0.0, 5.0), (18, 2.0)], [(0.0, 20.0)]]","[[20.0], [4.0], [4.0], [2.0], [7.0, 1], [9.0, 3, 1.0], [5.0, 2.0], [20.0]]","[(0, 0.0, 0.0), (1, 16, 0.8), (2, 16, 0.8), (3, 18, 0.9), (4, 12, 0.6), (5, 7, 0.35), (6, 13, 0.65), (7, 0.0, 0.0)]","[(1, 16.0, 16.0, 1.0, 0, 16), (2, 16.0, 16.0, 1.0, 0, 16), (3, 18.0, 18.0, 1.0, 0, 18), (4, 12.0, 13.0, 0.9230769230769231, 7, 20), (5, 7.0, 10.0, 0.7, 9, 19), (6, 13.0, 13.0, 1.0, 5, 18)]",82,2,2.1089999675750732,0.0
316,Experiment 4,4 Layers-Batch Size = 30,26,35.0,"[[(0.0, 35.0)], [(33, 2.0)], [(32, 3.0)], [(33, 2.0)], [(0.0, 9.0), (13, 1), (20, 2), (26, 2), (30, 1)], [(0.0, 14.0), (19, 3), (29, 1), (34, 1.0)], [(0.0, 5.0), (12, 1), (17, 1), (20, 1)], [(0.0, 35.0)]]","[[35.0], [2.0], [3.0], [2.0], [9.0, 1, 2, 2, 1], [14.0, 3, 1, 1.0], [5.0, 1, 1, 1], [35.0]]","[(0, 0.0, 0.0), (1, 33, 0.9428571428571428), (2, 32, 0.9142857142857143), (3, 33, 0.9428571428571428), (4, 20, 0.5714285714285714), (5, 16, 0.45714285714285713), (6, 27, 0.7714285714285715), (7, 0.0, 0.0)]","[(1, 33.0, 33.0, 1.0, 0, 33), (2, 32.0, 32.0, 1.0, 0, 32), (3, 33.0, 33.0, 1.0, 0, 33), (4, 20.0, 26.0, 0.7692307692307693, 9, 35), (5, 16.0, 20.0, 0.8, 14, 34), (6, 27.0, 30.0, 0.9, 5, 35)]",161,2,9.871000051498413,0.0
317,Experiment 4,4 Layers-Batch Size = 45,26,59.0,"[[(0.0, 59.0)], [(57, 2.0)], [(52, 1), (57, 2.0)], [(56, 3.0)], [(0.0, 12.0), (14, 8), (26, 1), (29, 1), (34, 1), (39, 3), (44, 1), (47, 1), (50, 1)], [(0.0, 10.0), (15, 1), (19, 1), (23, 1), (27, 2), (35, 1), (56, 1)], [(0.0, 8.0), (11, 1), (15, 2), (20, 1), (24, 1), (28, 1), (38, 1)], [(0.0, 59.0)]]","[[59.0], [2.0], [1, 2.0], [3.0], [12.0, 8, 1, 1, 1, 3, 1, 1, 1], [10.0, 1, 1, 1, 2, 1, 1], [8.0, 1, 2, 1, 1, 1, 1], [59.0]]","[(0, 0.0, 0.0), (1, 57, 0.9661016949152542), (2, 56, 0.9491525423728814), (3, 56, 0.9491525423728814), (4, 30, 0.5084745762711864), (5, 42, 0.711864406779661), (6, 44, 0.7457627118644068), (7, 0.0, 0.0)]","[(1, 57.0, 57.0, 1.0, 0, 57), (2, 56.0, 57.0, 0.9824561403508771, 0, 57), (3, 56.0, 56.0, 1.0, 0, 56), (4, 30.0, 47.0, 0.6382978723404256, 12, 59), (5, 42.0, 49.0, 0.8571428571428571, 10, 59), (6, 44.0, 51.0, 0.8627450980392157, 8, 59)]",285,2,349.4449999332428,0.0
318,Experiment 4,5 Layers-Batch Size = 15,26,31.0,"[[(0.0, 31.0)], [(4, 2), (9, 22.0)], [(28, 3.0)], [(24, 7.0)], [(0.0, 6.0), (7, 5), (13, 18.0)], [(0.0, 4.0), (6, 4), (12, 1), (15, 2), (21, 1), (26, 2), (30, 1.0)], [(0.0, 6.0), (8, 4), (14, 4), (22, 2), (26, 5.0)], [(0.0, 19.0), (20, 11.0)], [(0.0, 7.0), (8, 4), (13, 2), (16, 5), (22, 4), (27, 3)], [(0.0, 6.0), (7, 1), (9, 9), (19, 1), (21, 2), (24, 2), (28, 1), (30, 1.0)], [(0.0, 31.0)]]","[[31.0], [2, 22.0], [3.0], [7.0], [6.0, 5, 18.0], [4.0, 4, 1, 2, 1, 2, 1.0], [6.0, 4, 4, 2, 5.0], [19.0, 11.0], [7.0, 4, 2, 5, 4, 3], [6.0, 1, 9, 1, 2, 2, 1, 1.0], [31.0]]","[(0, 0.0, 0.0), (1, 7, 0.22580645161290322), (2, 28, 0.9032258064516129), (3, 24, 0.7741935483870968), (4, 2, 0.06451612903225806), (5, 16, 0.5161290322580645), (6, 10, 0.3225806451612903), (7, 1, 0.03225806451612903), (8, 6, 0.1935483870967742), (9, 8, 0.25806451612903225), (10, 0.0, 0.0)]","[(1, 7.0, 9.0, 0.7777777777777778, 0, 9), (2, 28.0, 28.0, 1.0, 0, 28), (3, 24.0, 24.0, 1.0, 0, 24), (4, 2.0, 7.0, 0.2857142857142857, 6, 13), (5, 16.0, 26.0, 0.6153846153846154, 4, 30), (6, 10.0, 20.0, 0.5, 6, 26), (7, 1.0, 1.0, 1.0, 19, 20), (8, 6.0, 24.0, 0.25, 7, 31), (9, 8.0, 24.0, 0.3333333333333333, 6, 30)]",102,2,3.0290000438690186,0.0
319,Experiment 4,5 Layers-Batch Size = 30,26,41.0,"[[(0.0, 41.0)], [(39, 2.0)], [(36, 5.0)], [(38, 3.0)], [(0.0, 15.0), (17, 3), (21, 4), (26, 4), (31, 1), (33, 1), (38, 1), (40, 1.0)], [(0.0, 12.0), (13, 1), (16, 2), (23, 1), (29, 2), (32, 4), (37, 4.0)], [(0.0, 6.0), (8, 17), (29, 1), (32, 4), (37, 1), (40, 1.0)], [(0.0, 22.0), (23, 4), (28, 4), (33, 1)], [(0.0, 22.0), (25, 2), (29, 1), (35, 2)], [(0.0, 20.0), (21, 6), (28, 1), (30, 4), (36, 4)], [(0.0, 41.0)]]","[[41.0], [2.0], [5.0], [3.0], [15.0, 3, 4, 4, 1, 1, 1, 1.0], [12.0, 1, 2, 1, 2, 4, 4.0], [6.0, 17, 1, 4, 1, 1.0], [22.0, 4, 4, 1], [22.0, 2, 1, 2], [20.0, 6, 1, 4, 4], [41.0]]","[(0, 0.0, 0.0), (1, 39, 0.9512195121951219), (2, 36, 0.8780487804878049), (3, 38, 0.926829268292683), (4, 11, 0.2682926829268293), (5, 15, 0.36585365853658536), (6, 11, 0.2682926829268293), (7, 10, 0.24390243902439024), (8, 14, 0.34146341463414637), (9, 6, 0.14634146341463414), (10, 0.0, 0.0)]","[(1, 39.0, 39.0, 1.0, 0, 39), (2, 36.0, 36.0, 1.0, 0, 36), (3, 38.0, 38.0, 1.0, 0, 38), (4, 11.0, 25.0, 0.44, 15, 40), (5, 15.0, 25.0, 0.6, 12, 37), (6, 11.0, 34.0, 0.3235294117647059, 6, 40), (7, 10.0, 19.0, 0.5263157894736842, 22, 41), (8, 14.0, 19.0, 0.7368421052631579, 22, 41), (9, 6.0, 21.0, 0.2857142857142857, 20, 41)]",180,2,45.644999980926514,0.0
320,Experiment 4,5 Layers-Batch Size = 45,26,62.0,"[[(0.0, 62.0)], [(60, 2.0)], [(56, 6.0)], [(59, 3.0)], [(0.0, 26.0), (27, 3), (31, 6), (38, 1), (40, 1), (42, 7), (50, 2), (57, 1), (59, 1), (61, 1.0)], [(0.0, 4.0), (5, 3), (10, 6), (18, 3), (26, 5), (38, 1), (41, 1), (45, 2), (56, 3), (61, 1.0)], [(0.0, 9.0), (11, 2), (15, 1), (18, 1), (21, 6), (29, 1), (32, 4), (38, 6), (46, 1), (49, 1), (52, 1), (54, 1), (59, 3.0)], [(0.0, 6.0), (7, 30), (38, 11), (50, 4), (58, 2)], [(0.0, 15.0), (16, 5), (22, 8), (31, 3), (35, 3), (39, 1), (42, 3), (46, 3), (52, 1)], [(0.0, 34.0), (37, 7), (45, 4), (53, 1)], [(0.0, 62.0)]]","[[62.0], [2.0], [6.0], [3.0], [26.0, 3, 6, 1, 1, 7, 2, 1, 1, 1.0], [4.0, 3, 6, 3, 5, 1, 1, 2, 3, 1.0], [9.0, 2, 1, 1, 6, 1, 4, 6, 1, 1, 1, 1, 3.0], [6.0, 30, 11, 4, 2], [15.0, 5, 8, 3, 3, 1, 3, 3, 1], [34.0, 7, 4, 1], [62.0]]","[(0, 0.0, 0.0), (1, 60, 0.967741935483871), (2, 56, 0.9032258064516129), (3, 59, 0.9516129032258065), (4, 13, 0.20967741935483872), (5, 33, 0.532258064516129), (6, 25, 0.4032258064516129), (7, 9, 0.14516129032258066), (8, 20, 0.3225806451612903), (9, 16, 0.25806451612903225), (10, 0.0, 0.0)]","[(1, 60.0, 60.0, 1.0, 0, 60), (2, 56.0, 56.0, 1.0, 0, 56), (3, 59.0, 59.0, 1.0, 0, 59), (4, 13.0, 35.0, 0.37142857142857144, 26, 61), (5, 33.0, 57.0, 0.5789473684210527, 4, 61), (6, 25.0, 50.0, 0.5, 9, 59), (7, 9.0, 56.0, 0.16071428571428573, 6, 62), (8, 20.0, 47.0, 0.425531914893617, 15, 62), (9, 16.0, 28.0, 0.5714285714285714, 34, 62)]",291,2,218.09699988365173,0.0
321,Experiment 4,6 Layers-Batch Size = 15,26,19.0,"[[(0.0, 19.0)], [(2, 1), (12, 7.0)], [(15, 4.0)], [(15, 4.0)], [(0.0, 5.0), (6, 1), (9, 1), (11, 1), (13, 6.0)], [(0.0, 6.0), (7, 2), (10, 2), (14, 1), (16, 3.0)], [(0.0, 3.0), (4, 2), (8, 1), (10, 5), (16, 3.0)], [(0.0, 7.0), (8, 1), (11, 1), (13, 1), (15, 4.0)], [(0.0, 4.0), (6, 1), (9, 1), (18, 1.0)], [(0.0, 9.0), (15, 1), (18, 1.0)], [(0.0, 10.0), (11, 1), (16, 3.0)], [(0.0, 10.0), (11, 3), (15, 1)], [(0.0, 9.0), (10, 3), (14, 1), (17, 1)], [(0.0, 19.0)]]","[[19.0], [1, 7.0], [4.0], [4.0], [5.0, 1, 1, 1, 6.0], [6.0, 2, 2, 1, 3.0], [3.0, 2, 1, 5, 3.0], [7.0, 1, 1, 1, 4.0], [4.0, 1, 1, 1.0], [9.0, 1, 1.0], [10.0, 1, 3.0], [10.0, 3, 1], [9.0, 3, 1, 1], [19.0]]","[(0, 0.0, 0.0), (1, 11, 0.5789473684210527), (2, 15, 0.7894736842105263), (3, 15, 0.7894736842105263), (4, 5, 0.2631578947368421), (5, 5, 0.2631578947368421), (6, 5, 0.2631578947368421), (7, 5, 0.2631578947368421), (8, 12, 0.631578947368421), (9, 8, 0.42105263157894735), (10, 5, 0.2631578947368421), (11, 5, 0.2631578947368421), (12, 5, 0.2631578947368421), (13, 0.0, 0.0)]","[(1, 11.0, 12.0, 0.9166666666666666, 0, 12), (2, 15.0, 15.0, 1.0, 0, 15), (3, 15.0, 15.0, 1.0, 0, 15), (4, 5.0, 8.0, 0.625, 5, 13), (5, 5.0, 10.0, 0.5, 6, 16), (6, 5.0, 13.0, 0.38461538461538464, 3, 16), (7, 5.0, 8.0, 0.625, 7, 15), (8, 12.0, 14.0, 0.8571428571428571, 4, 18), (9, 8.0, 9.0, 0.8888888888888888, 9, 18), (10, 5.0, 6.0, 0.8333333333333334, 10, 16), (11, 5.0, 9.0, 0.5555555555555556, 10, 19), (12, 5.0, 10.0, 0.5, 9, 19)]",96,2,4.773000001907349,0.0
322,Experiment 4,6 Layers-Batch Size = 30,26,28.0,"[[(0.0, 28.0)], [(5, 1), (25, 3.0)], [(24, 4.0)], [(25, 3.0)], [(0.0, 7.0), (9, 2), (14, 2), (20, 1), (23, 1), (26, 2.0)], [(0.0, 3.0), (4, 2), (7, 2), (10, 4), (16, 1), (18, 3), (22, 1), (25, 3.0)], [(0.0, 3.0), (4, 3), (8, 2), (11, 1), (13, 1), (15, 2), (19, 6), (26, 2.0)], [(0.0, 4.0), (5, 5), (11, 3), (15, 1), (17, 1), (19, 1), (21, 1), (24, 1), (27, 1.0)], [(0.0, 8.0), (9, 1), (11, 2), (14, 1), (18, 1), (21, 1), (23, 1), (27, 1.0)], [(0.0, 8.0), (9, 1), (11, 2), (15, 2), (24, 2), (27, 1.0)], [(0.0, 6.0), (7, 5), (13, 1), (15, 1), (18, 1), (20, 2)], [(0.0, 9.0), (10, 4), (15, 3), (19, 3), (23, 1)], [(0.0, 15.0), (16, 2), (21, 1)], [(0.0, 28.0)]]","[[28.0], [1, 3.0], [4.0], [3.0], [7.0, 2, 2, 1, 1, 2.0], [3.0, 2, 2, 4, 1, 3, 1, 3.0], [3.0, 3, 2, 1, 1, 2, 6, 2.0], [4.0, 5, 3, 1, 1, 1, 1, 1, 1.0], [8.0, 1, 2, 1, 1, 1, 1, 1.0], [8.0, 1, 2, 2, 2, 1.0], [6.0, 5, 1, 1, 1, 2], [9.0, 4, 3, 3, 1], [15.0, 2, 1], [28.0]]","[(0, 0.0, 0.0), (1, 24, 0.8571428571428571), (2, 24, 0.8571428571428571), (3, 25, 0.8928571428571429), (4, 13, 0.4642857142857143), (5, 9, 0.32142857142857145), (6, 8, 0.2857142857142857), (7, 10, 0.35714285714285715), (8, 12, 0.42857142857142855), (9, 12, 0.42857142857142855), (10, 12, 0.42857142857142855), (11, 8, 0.2857142857142857), (12, 10, 0.35714285714285715), (13, 0.0, 0.0)]","[(1, 24.0, 25.0, 0.96, 0, 25), (2, 24.0, 24.0, 1.0, 0, 24), (3, 25.0, 25.0, 1.0, 0, 25), (4, 13.0, 19.0, 0.6842105263157895, 7, 26), (5, 9.0, 22.0, 0.4090909090909091, 3, 25), (6, 8.0, 23.0, 0.34782608695652173, 3, 26), (7, 10.0, 23.0, 0.43478260869565216, 4, 27), (8, 12.0, 19.0, 0.631578947368421, 8, 27), (9, 12.0, 19.0, 0.631578947368421, 8, 27), (10, 12.0, 22.0, 0.5454545454545454, 6, 28), (11, 8.0, 19.0, 0.42105263157894735, 9, 28), (12, 10.0, 13.0, 0.7692307692307693, 15, 28)]",167,2,33.53500008583069,0.0
323,Experiment 4,6 Layers-Batch Size = 45,26,42.0,"[[(0.0, 42.0)], [(39, 3.0)], [(39, 3.0)], [(38, 4.0)], [(0.0, 5.0), (7, 3), (12, 1), (15, 2), (18, 2), (23, 2), (27, 2), (32, 1), (34, 3), (40, 2.0)], [(0.0, 13.0), (15, 3), (21, 2), (24, 7), (33, 1), (37, 1), (40, 2.0)], [(0.0, 7.0), (8, 1), (10, 4), (15, 1), (18, 2), (21, 1), (23, 2), (27, 3), (33, 4), (38, 4.0)], [(0.0, 12.0), (13, 2), (16, 1), (21, 2), (24, 1), (27, 1), (41, 1.0)], [(0.0, 14.0), (15, 1), (17, 2), (21, 4), (28, 1), (30, 2), (36, 1), (41, 1.0)], [(0.0, 17.0), (19, 2), (22, 4), (29, 2), (35, 4), (40, 2.0)], [(0.0, 17.0), (19, 2), (26, 1)], [(0.0, 18.0), (19, 2), (22, 10), (34, 2)], [(0.0, 27.0), (29, 1), (32, 1)], [(0.0, 42.0)]]","[[42.0], [3.0], [3.0], [4.0], [5.0, 3, 1, 2, 2, 2, 2, 1, 3, 2.0], [13.0, 3, 2, 7, 1, 1, 2.0], [7.0, 1, 4, 1, 2, 1, 2, 3, 4, 4.0], [12.0, 2, 1, 2, 1, 1, 1.0], [14.0, 1, 2, 4, 1, 2, 1, 1.0], [17.0, 2, 4, 2, 4, 2.0], [17.0, 2, 1], [18.0, 2, 10, 2], [27.0, 1, 1], [42.0]]","[(0, 0.0, 0.0), (1, 39, 0.9285714285714286), (2, 39, 0.9285714285714286), (3, 38, 0.9047619047619048), (4, 19, 0.4523809523809524), (5, 13, 0.30952380952380953), (6, 13, 0.30952380952380953), (7, 22, 0.5238095238095238), (8, 16, 0.38095238095238093), (9, 11, 0.2619047619047619), (10, 22, 0.5238095238095238), (11, 10, 0.23809523809523808), (12, 13, 0.30952380952380953), (13, 0.0, 0.0)]","[(1, 39.0, 39.0, 1.0, 0, 39), (2, 39.0, 39.0, 1.0, 0, 39), (3, 38.0, 38.0, 1.0, 0, 38), (4, 19.0, 35.0, 0.5428571428571428, 5, 40), (5, 13.0, 27.0, 0.48148148148148145, 13, 40), (6, 13.0, 31.0, 0.41935483870967744, 7, 38), (7, 22.0, 29.0, 0.7586206896551724, 12, 41), (8, 16.0, 27.0, 0.5925925925925926, 14, 41), (9, 11.0, 23.0, 0.4782608695652174, 17, 40), (10, 22.0, 25.0, 0.88, 17, 42), (11, 10.0, 24.0, 0.4166666666666667, 18, 42), (12, 13.0, 15.0, 0.8666666666666667, 27, 42)]",255,2,443.27899980545044,0.0
324,Experiment 4,3 Layers-Batch Size = 15,27,32.0,"[[(0.0, 32.0)], [(0.0, 32.0)], [(0.0, 32.0)], [(19, 1)], [(0.0, 32.0)]]","[[32.0], [], [], [1], [32.0]]","[(0, 0.0, 0.0), (1, 32, 1.0), (2, 32, 1.0), (3, 31, 0.96875), (4, 0.0, 0.0)]","[(1, 32.0, 32.0, 1.0, 0, 32), (2, 32.0, 32.0, 1.0, 0, 32), (3, 31.0, 32.0, 0.96875, 0, 32)]",95,2,3.8989999294281006,0.0
325,Experiment 4,3 Layers-Batch Size = 30,27,62.0,"[[(0.0, 62.0)], [(0.0, 62.0)], [(0.0, 62.0)], [(0.0, 62.0)], [(0.0, 62.0)]]","[[62.0], [], [], [], [62.0]]","[(0, 0.0, 0.0), (1, 62, 1.0), (2, 62, 1.0), (3, 62, 1.0), (4, 0.0, 0.0)]","[(1, 62.0, 62.0, 1.0, 0, 62), (2, 62.0, 62.0, 1.0, 0, 62), (3, 62.0, 62.0, 1.0, 0, 62)]",186,2,131.36699986457825,0.0
326,Experiment 4,3 Layers-Batch Size = 45,27,94.0,"[[(0.0, 94.0)], [(80, 1), (93, 1.0)], [(0.0, 94.0)], [(0.0, 94.0)], [(0.0, 94.0)]]","[[94.0], [1, 1.0], [], [], [94.0]]","[(0, 0.0, 0.0), (1, 92, 0.9787234042553191), (2, 94, 1.0), (3, 94, 1.0), (4, 0.0, 0.0)]","[(1, 92.0, 93.0, 0.989247311827957, 0, 93), (2, 94.0, 94.0, 1.0, 0, 94), (3, 94.0, 94.0, 1.0, 0, 94)]",280,2,611.1909999847412,0.0
327,Experiment 4,4 Layers-Batch Size = 15,27,22.0,"[[(0.0, 22.0)], [(16, 6.0)], [(20, 2.0)], [(9, 1), (20, 2.0)], [(0.0, 6.0), (8, 2)], [(0.0, 5.0), (7, 2), (11, 1), (14, 1), (17, 1)], [(0.0, 5.0), (13, 3)], [(0.0, 22.0)]]","[[22.0], [6.0], [2.0], [1, 2.0], [6.0, 2], [5.0, 2, 1, 1, 1], [5.0, 3], [22.0]]","[(0, 0.0, 0.0), (1, 16, 0.7272727272727273), (2, 20, 0.9090909090909091), (3, 19, 0.8636363636363636), (4, 14, 0.6363636363636364), (5, 12, 0.5454545454545454), (6, 14, 0.6363636363636364), (7, 0.0, 0.0)]","[(1, 16.0, 16.0, 1.0, 0, 16), (2, 20.0, 20.0, 1.0, 0, 20), (3, 19.0, 20.0, 0.95, 0, 20), (4, 14.0, 16.0, 0.875, 6, 22), (5, 12.0, 17.0, 0.7058823529411765, 5, 22), (6, 14.0, 17.0, 0.8235294117647058, 5, 22)]",95,2,2.4800000190734863,0.0
328,Experiment 4,4 Layers-Batch Size = 30,27,41.0,"[[(0.0, 41.0)], [(39, 2.0)], [(36, 5.0)], [(39, 2.0)], [(0.0, 17.0), (35, 1), (38, 1)], [(0.0, 10.0), (12, 1), (15, 3), (22, 2), (26, 1), (29, 1), (36, 1)], [(0.0, 9.0), (13, 2), (23, 1), (40, 1.0)], [(0.0, 41.0)]]","[[41.0], [2.0], [5.0], [2.0], [17.0, 1, 1], [10.0, 1, 3, 2, 1, 1, 1], [9.0, 2, 1, 1.0], [41.0]]","[(0, 0.0, 0.0), (1, 39, 0.9512195121951219), (2, 36, 0.8780487804878049), (3, 39, 0.9512195121951219), (4, 22, 0.5365853658536586), (5, 22, 0.5365853658536586), (6, 28, 0.6829268292682927), (7, 0.0, 0.0)]","[(1, 39.0, 39.0, 1.0, 0, 39), (2, 36.0, 36.0, 1.0, 0, 36), (3, 39.0, 39.0, 1.0, 0, 39), (4, 22.0, 24.0, 0.9166666666666666, 17, 41), (5, 22.0, 31.0, 0.7096774193548387, 10, 41), (6, 28.0, 31.0, 0.9032258064516129, 9, 40)]",186,2,42.77900004386902,0.0
329,Experiment 4,4 Layers-Batch Size = 45,27,66.0,"[[(0.0, 66.0)], [(21, 1), (29, 1), (33, 2), (38, 1), (45, 3), (51, 15.0)], [(64, 2.0)], [(60, 6.0)], [(0.0, 7.0), (15, 2), (21, 1), (26, 3), (37, 2), (41, 1), (50, 4), (58, 8.0)], [(0.0, 6.0), (8, 4), (16, 4), (22, 1), (25, 1), (30, 2), (34, 2), (38, 2), (48, 1), (51, 2), (55, 1), (62, 2)], [(0.0, 3.0), (7, 3), (12, 8), (24, 2), (28, 3), (33, 1), (42, 1), (53, 1), (56, 1), (63, 3.0)], [(0.0, 66.0)]]","[[66.0], [1, 1, 2, 1, 3, 15.0], [2.0], [6.0], [7.0, 2, 1, 3, 2, 1, 4, 8.0], [6.0, 4, 4, 1, 1, 2, 2, 2, 1, 2, 1, 2], [3.0, 3, 8, 2, 3, 1, 1, 1, 1, 3.0], [66.0]]","[(0, 0.0, 0.0), (1, 43, 0.6515151515151515), (2, 64, 0.9696969696969697), (3, 60, 0.9090909090909091), (4, 38, 0.5757575757575758), (5, 38, 0.5757575757575758), (6, 40, 0.6060606060606061), (7, 0.0, 0.0)]","[(1, 43.0, 51.0, 0.8431372549019608, 0, 51), (2, 64.0, 64.0, 1.0, 0, 64), (3, 60.0, 60.0, 1.0, 0, 60), (4, 38.0, 51.0, 0.7450980392156863, 7, 58), (5, 38.0, 60.0, 0.6333333333333333, 6, 66), (6, 40.0, 60.0, 0.6666666666666666, 3, 63)]",283,2,35.371999979019165,0.0
330,Experiment 4,5 Layers-Batch Size = 15,27,26.0,"[[(0.0, 26.0)], [(7, 1), (12, 14.0)], [(24, 2.0)], [(24, 2.0)], [(0.0, 8.0), (9, 1), (13, 13.0)], [(0.0, 12.0), (15, 5), (21, 3), (25, 1.0)], [(0.0, 4.0), (5, 2), (9, 3), (13, 3), (18, 2), (21, 3), (25, 1.0)], [(0.0, 11.0), (12, 1), (14, 12.0)], [(0.0, 5.0), (6, 3), (10, 3), (14, 2), (17, 1), (19, 2), (23, 2)], [(0.0, 13.0), (15, 3), (19, 2), (22, 3)], [(0.0, 26.0)]]","[[26.0], [1, 14.0], [2.0], [2.0], [8.0, 1, 13.0], [12.0, 5, 3, 1.0], [4.0, 2, 3, 3, 2, 3, 1.0], [11.0, 1, 12.0], [5.0, 3, 3, 2, 1, 2, 2], [13.0, 3, 2, 3], [26.0]]","[(0, 0.0, 0.0), (1, 11, 0.4230769230769231), (2, 24, 0.9230769230769231), (3, 24, 0.9230769230769231), (4, 4, 0.15384615384615385), (5, 5, 0.19230769230769232), (6, 8, 0.3076923076923077), (7, 2, 0.07692307692307693), (8, 8, 0.3076923076923077), (9, 5, 0.19230769230769232), (10, 0.0, 0.0)]","[(1, 11.0, 12.0, 0.9166666666666666, 0, 12), (2, 24.0, 24.0, 1.0, 0, 24), (3, 24.0, 24.0, 1.0, 0, 24), (4, 4.0, 5.0, 0.8, 8, 13), (5, 5.0, 13.0, 0.38461538461538464, 12, 25), (6, 8.0, 21.0, 0.38095238095238093, 4, 25), (7, 2.0, 3.0, 0.6666666666666666, 11, 14), (8, 8.0, 21.0, 0.38095238095238093, 5, 26), (9, 5.0, 13.0, 0.38461538461538464, 13, 26)]",91,2,1.5990002155303955,0.0
331,Experiment 4,5 Layers-Batch Size = 30,27,42.0,"[[(0.0, 42.0)], [(40, 2.0)], [(36, 6.0)], [(27, 1), (31, 1), (38, 4.0)], [(0.0, 4.0), (5, 1), (7, 3), (14, 1), (18, 1), (22, 5), (37, 3), (41, 1.0)], [(0.0, 12.0), (14, 3), (18, 2), (22, 2), (25, 3), (29, 3), (33, 1), (35, 2), (38, 4.0)], [(0.0, 20.0), (26, 4), (31, 4), (41, 1.0)], [(0.0, 8.0), (9, 8), (18, 2), (22, 5), (30, 2), (33, 1)], [(0.0, 13.0), (14, 5), (20, 1), (22, 1), (26, 5), (32, 3), (36, 2), (40, 1)], [(0.0, 23.0), (24, 11), (36, 2), (39, 3.0)], [(0.0, 42.0)]]","[[42.0], [2.0], [6.0], [1, 1, 4.0], [4.0, 1, 3, 1, 1, 5, 3, 1.0], [12.0, 3, 2, 2, 3, 3, 1, 2, 4.0], [20.0, 4, 4, 1.0], [8.0, 8, 2, 5, 2, 1], [13.0, 5, 1, 1, 5, 3, 2, 1], [23.0, 11, 2, 3.0], [42.0]]","[(0, 0.0, 0.0), (1, 40, 0.9523809523809523), (2, 36, 0.8571428571428571), (3, 36, 0.8571428571428571), (4, 23, 0.5476190476190477), (5, 10, 0.23809523809523808), (6, 13, 0.30952380952380953), (7, 16, 0.38095238095238093), (8, 11, 0.2619047619047619), (9, 3, 0.07142857142857142), (10, 0.0, 0.0)]","[(1, 40.0, 40.0, 1.0, 0, 40), (2, 36.0, 36.0, 1.0, 0, 36), (3, 36.0, 38.0, 0.9473684210526315, 0, 38), (4, 23.0, 37.0, 0.6216216216216216, 4, 41), (5, 10.0, 26.0, 0.38461538461538464, 12, 38), (6, 13.0, 21.0, 0.6190476190476191, 20, 41), (7, 16.0, 34.0, 0.47058823529411764, 8, 42), (8, 11.0, 29.0, 0.3793103448275862, 13, 42), (9, 3.0, 16.0, 0.1875, 23, 39)]",188,2,13.121000051498413,0.0
332,Experiment 4,5 Layers-Batch Size = 45,27,58.0,"[[(0.0, 58.0)], [(42, 2), (54, 4.0)], [(56, 2.0)], [(56, 2.0)], [(0.0, 18.0), (27, 2), (32, 2), (37, 1), (41, 1), (48, 6), (55, 3.0)], [(0.0, 12.0), (13, 4), (18, 1), (21, 3), (25, 8), (35, 1), (38, 2), (42, 1), (44, 1), (46, 1), (49, 3), (53, 1), (55, 1), (57, 1.0)], [(0.0, 4.0), (5, 6), (12, 5), (22, 1), (33, 1), (36, 2), (41, 1), (43, 1), (50, 2), (57, 1.0)], [(0.0, 29.0), (30, 3), (34, 1), (36, 12), (49, 3), (53, 1), (55, 1)], [(0.0, 8.0), (9, 12), (22, 4), (27, 2), (30, 5), (36, 1), (38, 1), (40, 7)], [(0.0, 14.0), (15, 1), (17, 6), (24, 3), (29, 2), (32, 2), (36, 1), (38, 1), (40, 2), (43, 2), (46, 2), (49, 3)], [(0.0, 58.0)]]","[[58.0], [2, 4.0], [2.0], [2.0], [18.0, 2, 2, 1, 1, 6, 3.0], [12.0, 4, 1, 3, 8, 1, 2, 1, 1, 1, 3, 1, 1, 1.0], [4.0, 6, 5, 1, 1, 2, 1, 1, 2, 1.0], [29.0, 3, 1, 12, 3, 1, 1], [8.0, 12, 4, 2, 5, 1, 1, 7], [14.0, 1, 6, 3, 2, 2, 1, 1, 2, 2, 2, 3], [58.0]]","[(0, 0.0, 0.0), (1, 52, 0.896551724137931), (2, 56, 0.9655172413793104), (3, 56, 0.9655172413793104), (4, 25, 0.43103448275862066), (5, 18, 0.3103448275862069), (6, 34, 0.5862068965517241), (7, 8, 0.13793103448275862), (8, 18, 0.3103448275862069), (9, 19, 0.3275862068965517), (10, 0.0, 0.0)]","[(1, 52.0, 54.0, 0.9629629629629629, 0, 54), (2, 56.0, 56.0, 1.0, 0, 56), (3, 56.0, 56.0, 1.0, 0, 56), (4, 25.0, 37.0, 0.6756756756756757, 18, 55), (5, 18.0, 45.0, 0.4, 12, 57), (6, 34.0, 53.0, 0.6415094339622641, 4, 57), (7, 8.0, 29.0, 0.27586206896551724, 29, 58), (8, 18.0, 50.0, 0.36, 8, 58), (9, 19.0, 44.0, 0.4318181818181818, 14, 58)]",286,2,58.2960000038147,0.0
333,Experiment 4,6 Layers-Batch Size = 15,27,16.0,"[[(0.0, 16.0)], [(12, 4.0)], [(13, 3.0)], [(12, 4.0)], [(0.0, 2.0), (10, 2), (14, 2.0)], [(0.0, 2.0), (4, 5), (12, 1), (14, 2.0)], [(0.0, 4.0), (5, 1), (9, 2), (13, 3.0)], [(0.0, 4.0), (5, 1), (7, 1), (9, 3), (13, 3.0)], [(0.0, 4.0), (5, 4), (15, 1.0)], [(0.0, 7.0), (11, 1), (13, 1), (15, 1.0)], [(0.0, 10.0), (11, 1)], [(0.0, 6.0), (7, 2), (10, 1), (12, 1), (14, 1)], [(0.0, 10.0), (15, 1.0)], [(0.0, 16.0)]]","[[16.0], [4.0], [3.0], [4.0], [2.0, 2, 2.0], [2.0, 5, 1, 2.0], [4.0, 1, 2, 3.0], [4.0, 1, 1, 3, 3.0], [4.0, 4, 1.0], [7.0, 1, 1, 1.0], [10.0, 1], [6.0, 2, 1, 1, 1], [10.0, 1.0], [16.0]]","[(0, 0.0, 0.0), (1, 12, 0.75), (2, 13, 0.8125), (3, 12, 0.75), (4, 10, 0.625), (5, 6, 0.375), (6, 6, 0.375), (7, 4, 0.25), (8, 7, 0.4375), (9, 6, 0.375), (10, 5, 0.3125), (11, 5, 0.3125), (12, 5, 0.3125), (13, 0.0, 0.0)]","[(1, 12.0, 12.0, 1.0, 0, 12), (2, 13.0, 13.0, 1.0, 0, 13), (3, 12.0, 12.0, 1.0, 0, 12), (4, 10.0, 12.0, 0.8333333333333334, 2, 14), (5, 6.0, 12.0, 0.5, 2, 14), (6, 6.0, 9.0, 0.6666666666666666, 4, 13), (7, 4.0, 9.0, 0.4444444444444444, 4, 13), (8, 7.0, 11.0, 0.6363636363636364, 4, 15), (9, 6.0, 8.0, 0.75, 7, 15), (10, 5.0, 6.0, 0.8333333333333334, 10, 16), (11, 5.0, 10.0, 0.5, 6, 16), (12, 5.0, 5.0, 1.0, 10, 15)]",91,2,7.193000078201294,0.0
334,Experiment 4,6 Layers-Batch Size = 30,27,33.0,"[[(0.0, 33.0)], [(20, 13.0)], [(30, 3.0)], [(30, 3.0)], [(0.0, 4.0), (6, 4), (11, 2), (14, 1), (19, 1), (22, 2), (26, 7.0)], [(0.0, 4.0), (5, 1), (8, 1), (10, 2), (13, 3), (17, 1), (19, 1), (22, 1), (25, 1), (27, 2), (31, 2.0)], [(0.0, 7.0), (10, 5), (16, 3), (20, 3), (24, 2), (28, 2), (31, 2.0)], [(0.0, 6.0), (7, 4), (23, 3), (27, 1), (29, 4.0)], [(0.0, 15.0), (16, 1), (19, 1), (21, 1), (23, 2), (28, 1), (32, 1.0)], [(0.0, 5.0), (6, 3), (14, 1), (18, 2), (21, 4), (27, 3), (32, 1.0)], [(0.0, 7.0), (8, 9), (18, 1), (20, 7), (28, 3), (32, 1.0)], [(0.0, 11.0), (12, 5), (18, 4), (24, 1), (26, 1)], [(0.0, 11.0), (12, 3), (18, 2), (23, 2), (29, 1)], [(0.0, 33.0)]]","[[33.0], [13.0], [3.0], [3.0], [4.0, 4, 2, 1, 1, 2, 7.0], [4.0, 1, 1, 2, 3, 1, 1, 1, 1, 2, 2.0], [7.0, 5, 3, 3, 2, 2, 2.0], [6.0, 4, 3, 1, 4.0], [15.0, 1, 1, 1, 2, 1, 1.0], [5.0, 3, 1, 2, 4, 3, 1.0], [7.0, 9, 1, 7, 3, 1.0], [11.0, 5, 4, 1, 1], [11.0, 3, 2, 2, 1], [33.0]]","[(0, 0.0, 0.0), (1, 20, 0.6060606060606061), (2, 30, 0.9090909090909091), (3, 30, 0.9090909090909091), (4, 12, 0.36363636363636365), (5, 14, 0.42424242424242425), (6, 9, 0.2727272727272727), (7, 15, 0.45454545454545453), (8, 11, 0.3333333333333333), (9, 14, 0.42424242424242425), (10, 5, 0.15151515151515152), (11, 11, 0.3333333333333333), (12, 14, 0.42424242424242425), (13, 0.0, 0.0)]","[(1, 20.0, 20.0, 1.0, 0, 20), (2, 30.0, 30.0, 1.0, 0, 30), (3, 30.0, 30.0, 1.0, 0, 30), (4, 12.0, 22.0, 0.5454545454545454, 4, 26), (5, 14.0, 27.0, 0.5185185185185185, 4, 31), (6, 9.0, 24.0, 0.375, 7, 31), (7, 15.0, 23.0, 0.6521739130434783, 6, 29), (8, 11.0, 17.0, 0.6470588235294118, 15, 32), (9, 14.0, 27.0, 0.5185185185185185, 5, 32), (10, 5.0, 25.0, 0.2, 7, 32), (11, 11.0, 22.0, 0.5, 11, 33), (12, 14.0, 22.0, 0.6363636363636364, 11, 33)]",185,2,38.78200006484985,0.0
335,Experiment 4,6 Layers-Batch Size = 45,27,37.0,"[[(0.0, 37.0)], [(32, 5.0)], [(34, 3.0)], [(34, 3.0)], [(0.0, 2.0), (3, 1), (6, 1), (8, 2), (14, 3), (23, 1), (34, 3.0)], [(0.0, 2.0), (4, 1), (7, 1), (10, 1), (13, 1), (20, 1), (26, 1), (33, 1), (35, 2.0)], [(0.0, 2.0), (3, 5), (9, 3), (13, 1), (16, 3), (23, 2), (27, 1), (32, 2), (35, 2.0)], [(0.0, 4.0), (7, 1), (11, 1), (25, 1), (27, 1), (33, 1), (35, 2.0)], [(0.0, 5.0), (6, 1), (8, 2), (11, 2), (14, 3), (18, 1), (20, 1), (25, 1), (36, 1.0)], [(0.0, 3.0), (6, 3), (15, 2), (20, 1), (36, 1.0)], [(0.0, 8.0), (9, 4), (14, 5), (21, 2), (24, 1), (26, 1), (28, 1)], [(0.0, 7.0), (8, 10), (19, 2), (23, 1), (27, 1)], [(0.0, 6.0), (7, 12), (21, 3), (25, 1), (30, 1)], [(0.0, 37.0)]]","[[37.0], [5.0], [3.0], [3.0], [2.0, 1, 1, 2, 3, 1, 3.0], [2.0, 1, 1, 1, 1, 1, 1, 1, 2.0], [2.0, 5, 3, 1, 3, 2, 1, 2, 2.0], [4.0, 1, 1, 1, 1, 1, 2.0], [5.0, 1, 2, 2, 3, 1, 1, 1, 1.0], [3.0, 3, 2, 1, 1.0], [8.0, 4, 5, 2, 1, 1, 1], [7.0, 10, 2, 1, 1], [6.0, 12, 3, 1, 1], [37.0]]","[(0, 0.0, 0.0), (1, 32, 0.8648648648648649), (2, 34, 0.918918918918919), (3, 34, 0.918918918918919), (4, 24, 0.6486486486486487), (5, 26, 0.7027027027027027), (6, 16, 0.43243243243243246), (7, 26, 0.7027027027027027), (8, 20, 0.5405405405405406), (9, 27, 0.7297297297297297), (10, 15, 0.40540540540540543), (11, 16, 0.43243243243243246), (12, 14, 0.3783783783783784), (13, 0.0, 0.0)]","[(1, 32.0, 32.0, 1.0, 0, 32), (2, 34.0, 34.0, 1.0, 0, 34), (3, 34.0, 34.0, 1.0, 0, 34), (4, 24.0, 32.0, 0.75, 2, 34), (5, 26.0, 33.0, 0.7878787878787878, 2, 35), (6, 16.0, 33.0, 0.48484848484848486, 2, 35), (7, 26.0, 31.0, 0.8387096774193549, 4, 35), (8, 20.0, 31.0, 0.6451612903225806, 5, 36), (9, 27.0, 33.0, 0.8181818181818182, 3, 36), (10, 15.0, 29.0, 0.5172413793103449, 8, 37), (11, 16.0, 30.0, 0.5333333333333333, 7, 37), (12, 14.0, 31.0, 0.45161290322580644, 6, 37)]",284,2,328.29299998283386,0.0
336,Experiment 4,3 Layers-Batch Size = 15,28,26.0,"[[(0.0, 26.0)], [(0.0, 26.0)], [(15, 1)], [(25, 1.0)], [(0.0, 26.0)]]","[[26.0], [], [1], [1.0], [26.0]]","[(0, 0.0, 0.0), (1, 26, 1.0), (2, 25, 0.9615384615384616), (3, 25, 0.9615384615384616), (4, 0.0, 0.0)]","[(1, 26.0, 26.0, 1.0, 0, 26), (2, 25.0, 26.0, 0.9615384615384616, 0, 26), (3, 25.0, 25.0, 1.0, 0, 25)]",76,2,2.881999969482422,0.0
337,Experiment 4,3 Layers-Batch Size = 30,28,55.0,"[[(0.0, 55.0)], [(0.0, 55.0)], [(0.0, 55.0)], [(31, 1), (54, 1.0)], [(0.0, 55.0)]]","[[55.0], [], [], [1, 1.0], [55.0]]","[(0, 0.0, 0.0), (1, 55, 1.0), (2, 55, 1.0), (3, 53, 0.9636363636363636), (4, 0.0, 0.0)]","[(1, 55.0, 55.0, 1.0, 0, 55), (2, 55.0, 55.0, 1.0, 0, 55), (3, 53.0, 54.0, 0.9814814814814815, 0, 54)]",163,2,138.72800016403198,0.0
338,Experiment 4,3 Layers-Batch Size = 45,28,78.0,"[[(0.0, 78.0)], [(11, 1), (32, 1)], [(0.0, 78.0)], [(0.0, 78.0)], [(0.0, 78.0)]]","[[78.0], [1, 1], [], [], [78.0]]","[(0, 0.0, 0.0), (1, 76, 0.9743589743589743), (2, 78, 1.0), (3, 78, 1.0), (4, 0.0, 0.0)]","[(1, 76.0, 78.0, 0.9743589743589743, 0, 78), (2, 78.0, 78.0, 1.0, 0, 78), (3, 78.0, 78.0, 1.0, 0, 78)]",232,2,103.97200012207031,0.0
339,Experiment 4,4 Layers-Batch Size = 15,28,19.0,"[[(0.0, 19.0)], [(17, 2.0)], [(16, 3.0)], [(16, 3.0)], [(0.0, 6.0)], [(0.0, 2.0), (5, 3), (18, 1.0)], [(0.0, 4.0), (8, 6), (18, 1.0)], [(0.0, 19.0)]]","[[19.0], [2.0], [3.0], [3.0], [6.0], [2.0, 3, 1.0], [4.0, 6, 1.0], [19.0]]","[(0, 0.0, 0.0), (1, 17, 0.8947368421052632), (2, 16, 0.8421052631578947), (3, 16, 0.8421052631578947), (4, 13, 0.6842105263157895), (5, 13, 0.6842105263157895), (6, 8, 0.42105263157894735), (7, 0.0, 0.0)]","[(1, 17.0, 17.0, 1.0, 0, 17), (2, 16.0, 16.0, 1.0, 0, 16), (3, 16.0, 16.0, 1.0, 0, 16), (4, 13.0, 13.0, 1.0, 6, 19), (5, 13.0, 16.0, 0.8125, 2, 18), (6, 8.0, 14.0, 0.5714285714285714, 4, 18)]",83,2,2.245000123977661,0.0
340,Experiment 4,4 Layers-Batch Size = 30,28,32.0,"[[(0.0, 32.0)], [(22, 1), (26, 1), (30, 2.0)], [(30, 2.0)], [(30, 2.0)], [(0.0, 4.0), (6, 2), (13, 1), (29, 1)], [(0.0, 8.0), (16, 3)], [(0.0, 3.0), (5, 6), (19, 1)], [(0.0, 32.0)]]","[[32.0], [1, 1, 2.0], [2.0], [2.0], [4.0, 2, 1, 1], [8.0, 3], [3.0, 6, 1], [32.0]]","[(0, 0.0, 0.0), (1, 28, 0.875), (2, 30, 0.9375), (3, 30, 0.9375), (4, 24, 0.75), (5, 21, 0.65625), (6, 22, 0.6875), (7, 0.0, 0.0)]","[(1, 28.0, 30.0, 0.9333333333333333, 0, 30), (2, 30.0, 30.0, 1.0, 0, 30), (3, 30.0, 30.0, 1.0, 0, 30), (4, 24.0, 28.0, 0.8571428571428571, 4, 32), (5, 21.0, 24.0, 0.875, 8, 32), (6, 22.0, 29.0, 0.7586206896551724, 3, 32)]",155,2,24.835000038146973,0.0
341,Experiment 4,4 Layers-Batch Size = 45,28,54.0,"[[(0.0, 54.0)], [(51, 3.0)], [(50, 4.0)], [(52, 2.0)], [(0.0, 15.0), (17, 3), (22, 1), (29, 4), (37, 1), (40, 1), (45, 1), (52, 2.0)], [(0.0, 14.0), (16, 4), (22, 2), (26, 2), (30, 2), (36, 1), (39, 1), (45, 2), (49, 1)], [(0.0, 5.0), (7, 4), (21, 1), (26, 2), (34, 1), (49, 1)], [(0.0, 54.0)]]","[[54.0], [3.0], [4.0], [2.0], [15.0, 3, 1, 4, 1, 1, 1, 2.0], [14.0, 4, 2, 2, 2, 1, 1, 2, 1], [5.0, 4, 1, 2, 1, 1], [54.0]]","[(0, 0.0, 0.0), (1, 51, 0.9444444444444444), (2, 50, 0.9259259259259259), (3, 52, 0.9629629629629629), (4, 26, 0.48148148148148145), (5, 25, 0.46296296296296297), (6, 40, 0.7407407407407407), (7, 0.0, 0.0)]","[(1, 51.0, 51.0, 1.0, 0, 51), (2, 50.0, 50.0, 1.0, 0, 50), (3, 52.0, 52.0, 1.0, 0, 52), (4, 26.0, 37.0, 0.7027027027027027, 15, 52), (5, 25.0, 40.0, 0.625, 14, 54), (6, 40.0, 49.0, 0.8163265306122449, 5, 54)]",244,2,99.31500005722046,0.0
342,Experiment 4,5 Layers-Batch Size = 15,28,18.0,"[[(0.0, 18.0)], [(9, 1), (15, 3.0)], [(16, 2.0)], [(15, 3.0)], [(0.0, 7.0), (8, 2), (11, 3), (16, 2.0)], [(0.0, 4.0), (5, 3), (9, 3), (13, 3), (17, 1.0)], [(0.0, 6.0), (8, 1), (10, 1), (13, 1), (15, 1), (17, 1.0)], [(0.0, 8.0), (11, 2), (15, 1), (17, 1.0)], [(0.0, 7.0), (11, 1), (13, 2)], [(0.0, 9.0), (10, 2), (14, 1)], [(0.0, 18.0)]]","[[18.0], [1, 3.0], [2.0], [3.0], [7.0, 2, 3, 2.0], [4.0, 3, 3, 3, 1.0], [6.0, 1, 1, 1, 1, 1.0], [8.0, 2, 1, 1.0], [7.0, 1, 2], [9.0, 2, 1], [18.0]]","[(0, 0.0, 0.0), (1, 14, 0.7777777777777778), (2, 16, 0.8888888888888888), (3, 15, 0.8333333333333334), (4, 4, 0.2222222222222222), (5, 4, 0.2222222222222222), (6, 7, 0.3888888888888889), (7, 6, 0.3333333333333333), (8, 8, 0.4444444444444444), (9, 6, 0.3333333333333333), (10, 0.0, 0.0)]","[(1, 14.0, 15.0, 0.9333333333333333, 0, 15), (2, 16.0, 16.0, 1.0, 0, 16), (3, 15.0, 15.0, 1.0, 0, 15), (4, 4.0, 9.0, 0.4444444444444444, 7, 16), (5, 4.0, 13.0, 0.3076923076923077, 4, 17), (6, 7.0, 11.0, 0.6363636363636364, 6, 17), (7, 6.0, 9.0, 0.6666666666666666, 8, 17), (8, 8.0, 11.0, 0.7272727272727273, 7, 18), (9, 6.0, 9.0, 0.6666666666666666, 9, 18)]",80,2,2.5440001487731934,0.0
343,Experiment 4,5 Layers-Batch Size = 30,28,33.0,"[[(0.0, 33.0)], [(30, 3.0)], [(30, 3.0)], [(31, 2.0)], [(0.0, 7.0), (8, 4), (16, 1), (18, 4), (23, 4), (30, 1), (32, 1.0)], [(0.0, 2.0), (3, 7), (11, 10), (22, 1), (24, 5), (30, 3.0)], [(0.0, 4.0), (5, 1), (7, 2), (12, 5), (18, 1), (22, 2), (25, 1), (27, 2), (32, 1.0)], [(0.0, 6.0), (8, 3), (12, 4), (20, 3), (27, 3), (31, 1)], [(0.0, 10.0), (12, 7), (22, 5), (29, 1)], [(0.0, 10.0), (11, 6), (19, 1), (21, 1), (23, 1), (28, 2)], [(0.0, 33.0)]]","[[33.0], [3.0], [3.0], [2.0], [7.0, 4, 1, 4, 4, 1, 1.0], [2.0, 7, 10, 1, 5, 3.0], [4.0, 1, 2, 5, 1, 2, 1, 2, 1.0], [6.0, 3, 4, 3, 3, 1], [10.0, 7, 5, 1], [10.0, 6, 1, 1, 1, 2], [33.0]]","[(0, 0.0, 0.0), (1, 30, 0.9090909090909091), (2, 30, 0.9090909090909091), (3, 31, 0.9393939393939394), (4, 11, 0.3333333333333333), (5, 5, 0.15151515151515152), (6, 14, 0.42424242424242425), (7, 13, 0.3939393939393939), (8, 10, 0.30303030303030304), (9, 12, 0.36363636363636365), (10, 0.0, 0.0)]","[(1, 30.0, 30.0, 1.0, 0, 30), (2, 30.0, 30.0, 1.0, 0, 30), (3, 31.0, 31.0, 1.0, 0, 31), (4, 11.0, 25.0, 0.44, 7, 32), (5, 5.0, 28.0, 0.17857142857142858, 2, 30), (6, 14.0, 28.0, 0.5, 4, 32), (7, 13.0, 27.0, 0.48148148148148145, 6, 33), (8, 10.0, 23.0, 0.43478260869565216, 10, 33), (9, 12.0, 23.0, 0.5217391304347826, 10, 33)]",156,2,41.92199993133545,0.0
344,Experiment 4,5 Layers-Batch Size = 45,28,55.0,"[[(0.0, 55.0)], [(17, 1), (52, 3.0)], [(52, 3.0)], [(53, 2.0)], [(0.0, 3.0), (4, 16), (21, 3), (25, 6), (32, 2), (35, 4), (40, 1), (42, 2), (46, 3), (51, 1), (53, 2.0)], [(0.0, 6.0), (7, 1), (9, 2), (12, 2), (15, 9), (25, 4), (30, 6), (38, 4), (43, 2), (47, 2), (50, 1), (53, 2.0)], [(0.0, 7.0), (8, 2), (11, 2), (14, 5), (22, 2), (25, 1), (27, 3), (31, 1), (33, 2), (36, 5), (43, 1), (48, 3), (52, 1), (54, 1.0)], [(0.0, 4.0), (5, 13), (20, 13), (34, 3), (38, 1), (42, 3), (48, 1), (53, 2.0)], [(0.0, 17.0), (18, 2), (21, 4), (26, 2), (29, 2), (32, 1), (34, 1), (36, 9), (46, 1), (51, 1)], [(0.0, 12.0), (13, 5), (19, 5), (25, 3), (29, 2), (33, 1), (36, 5), (45, 1), (47, 1), (49, 1), (52, 1)], [(0.0, 55.0)]]","[[55.0], [1, 3.0], [3.0], [2.0], [3.0, 16, 3, 6, 2, 4, 1, 2, 3, 1, 2.0], [6.0, 1, 2, 2, 9, 4, 6, 4, 2, 2, 1, 2.0], [7.0, 2, 2, 5, 2, 1, 3, 1, 2, 5, 1, 3, 1, 1.0], [4.0, 13, 13, 3, 1, 3, 1, 2.0], [17.0, 2, 4, 2, 2, 1, 1, 9, 1, 1], [12.0, 5, 5, 3, 2, 1, 5, 1, 1, 1, 1], [55.0]]","[(0, 0.0, 0.0), (1, 51, 0.9272727272727272), (2, 52, 0.9454545454545454), (3, 53, 0.9636363636363636), (4, 12, 0.21818181818181817), (5, 14, 0.2545454545454545), (6, 19, 0.34545454545454546), (7, 15, 0.2727272727272727), (8, 15, 0.2727272727272727), (9, 18, 0.32727272727272727), (10, 0.0, 0.0)]","[(1, 51.0, 52.0, 0.9807692307692307, 0, 52), (2, 52.0, 52.0, 1.0, 0, 52), (3, 53.0, 53.0, 1.0, 0, 53), (4, 12.0, 50.0, 0.24, 3, 53), (5, 14.0, 47.0, 0.2978723404255319, 6, 53), (6, 19.0, 47.0, 0.40425531914893614, 7, 54), (7, 15.0, 49.0, 0.30612244897959184, 4, 53), (8, 15.0, 38.0, 0.39473684210526316, 17, 55), (9, 18.0, 43.0, 0.4186046511627907, 12, 55)]",249,2,185.2779998779297,0.0
345,Experiment 4,6 Layers-Batch Size = 15,28,13.0,"[[(0.0, 13.0)], [(10, 3.0)], [(10, 3.0)], [(10, 3.0)], [(0.0, 1.0), (2, 1), (7, 1), (9, 1), (11, 2.0)], [(0.0, 4.0), (5, 3), (11, 2.0)], [(0.0, 4.0), (6, 2), (9, 1), (11, 2.0)], [(0.0, 4.0), (5, 1), (7, 2), (12, 1.0)], [(0.0, 2.0), (3, 2), (7, 2), (10, 1), (12, 1.0)], [(0.0, 5.0), (7, 1), (9, 1), (12, 1.0)], [(0.0, 6.0), (9, 1)], [(0.0, 6.0)], [(0.0, 7.0)], [(0.0, 13.0)]]","[[13.0], [3.0], [3.0], [3.0], [1.0, 1, 1, 1, 2.0], [4.0, 3, 2.0], [4.0, 2, 1, 2.0], [4.0, 1, 2, 1.0], [2.0, 2, 2, 1, 1.0], [5.0, 1, 1, 1.0], [6.0, 1], [6.0], [7.0], [13.0]]","[(0, 0.0, 0.0), (1, 10, 0.7692307692307693), (2, 10, 0.7692307692307693), (3, 10, 0.7692307692307693), (4, 7, 0.5384615384615384), (5, 4, 0.3076923076923077), (6, 4, 0.3076923076923077), (7, 5, 0.38461538461538464), (8, 5, 0.38461538461538464), (9, 5, 0.38461538461538464), (10, 6, 0.46153846153846156), (11, 7, 0.5384615384615384), (12, 6, 0.46153846153846156), (13, 0.0, 0.0)]","[(1, 10.0, 10.0, 1.0, 0, 10), (2, 10.0, 10.0, 1.0, 0, 10), (3, 10.0, 10.0, 1.0, 0, 10), (4, 7.0, 10.0, 0.7, 1, 11), (5, 4.0, 7.0, 0.5714285714285714, 4, 11), (6, 4.0, 7.0, 0.5714285714285714, 4, 11), (7, 5.0, 8.0, 0.625, 4, 12), (8, 5.0, 10.0, 0.5, 2, 12), (9, 5.0, 7.0, 0.7142857142857143, 5, 12), (10, 6.0, 7.0, 0.8571428571428571, 6, 13), (11, 7.0, 7.0, 1.0, 6, 13), (12, 6.0, 6.0, 1.0, 7, 13)]",79,2,4.965000152587891,0.0
346,Experiment 4,6 Layers-Batch Size = 30,28,23.0,"[[(0.0, 23.0)], [(20, 3.0)], [(20, 3.0)], [(20, 3.0)], [(0.0, 1.0), (2, 2), (7, 1), (11, 1), (13, 3), (17, 3), (21, 2.0)], [(0.0, 1.0), (2, 2), (6, 2), (9, 1), (11, 1), (13, 1), (16, 2), (21, 2.0)], [(0.0, 8.0), (12, 3), (19, 1), (21, 2.0)], [(0.0, 2.0), (3, 3), (14, 1), (16, 1), (18, 1), (20, 1), (22, 1.0)], [(0.0, 2.0), (3, 3), (7, 4), (13, 2), (16, 3), (22, 1.0)], [(0.0, 5.0), (6, 7), (14, 1), (22, 1.0)], [(0.0, 3.0), (5, 1), (12, 1)], [(0.0, 8.0), (10, 2), (14, 1), (19, 1)], [(0.0, 6.0), (7, 5), (13, 1), (15, 1)], [(0.0, 23.0)]]","[[23.0], [3.0], [3.0], [3.0], [1.0, 2, 1, 1, 3, 3, 2.0], [1.0, 2, 2, 1, 1, 1, 2, 2.0], [8.0, 3, 1, 2.0], [2.0, 3, 1, 1, 1, 1, 1.0], [2.0, 3, 4, 2, 3, 1.0], [5.0, 7, 1, 1.0], [3.0, 1, 1], [8.0, 2, 1, 1], [6.0, 5, 1, 1], [23.0]]","[(0, 0.0, 0.0), (1, 20, 0.8695652173913043), (2, 20, 0.8695652173913043), (3, 20, 0.8695652173913043), (4, 10, 0.43478260869565216), (5, 11, 0.4782608695652174), (6, 9, 0.391304347826087), (7, 13, 0.5652173913043478), (8, 8, 0.34782608695652173), (9, 9, 0.391304347826087), (10, 18, 0.782608695652174), (11, 11, 0.4782608695652174), (12, 10, 0.43478260869565216), (13, 0.0, 0.0)]","[(1, 20.0, 20.0, 1.0, 0, 20), (2, 20.0, 20.0, 1.0, 0, 20), (3, 20.0, 20.0, 1.0, 0, 20), (4, 10.0, 20.0, 0.5, 1, 21), (5, 11.0, 20.0, 0.55, 1, 21), (6, 9.0, 13.0, 0.6923076923076923, 8, 21), (7, 13.0, 20.0, 0.65, 2, 22), (8, 8.0, 20.0, 0.4, 2, 22), (9, 9.0, 17.0, 0.5294117647058824, 5, 22), (10, 18.0, 20.0, 0.9, 3, 23), (11, 11.0, 15.0, 0.7333333333333333, 8, 23), (12, 10.0, 17.0, 0.5882352941176471, 6, 23)]",159,2,51.56500005722046,0.0
347,Experiment 4,6 Layers-Batch Size = 45,28,35.0,"[[(0.0, 35.0)], [(16, 1), (19, 1), (22, 13.0)], [(9, 1), (25, 10.0)], [(3, 1), (23, 1), (27, 8.0)], [(0.0, 1.0), (6, 1), (8, 2), (13, 1), (18, 4), (23, 1), (25, 2), (28, 7.0)], [(0.0, 1.0), (3, 1), (7, 1), (12, 1), (14, 1), (21, 1), (23, 1), (26, 2), (29, 6.0)], [(0.0, 7.0), (8, 8), (20, 3), (25, 1), (27, 2), (30, 5.0)], [(0.0, 2.0), (3, 1), (5, 1), (7, 1), (12, 1), (15, 3), (23, 1), (25, 1), (27, 1), (29, 6.0)], [(0.0, 2.0), (5, 1), (8, 2), (11, 1), (14, 1), (16, 1), (22, 1), (24, 1), (26, 1), (28, 2), (31, 1), (33, 2.0)], [(0.0, 9.0), (10, 7), (18, 1), (22, 4), (28, 2), (31, 1), (33, 2.0)], [(0.0, 3.0), (11, 2)], [(0.0, 3.0)], [(0.0, 10.0), (11, 8), (25, 1), (29, 2)], [(0.0, 35.0)]]","[[35.0], [1, 1, 13.0], [1, 10.0], [1, 1, 8.0], [1.0, 1, 2, 1, 4, 1, 2, 7.0], [1.0, 1, 1, 1, 1, 1, 1, 2, 6.0], [7.0, 8, 3, 1, 2, 5.0], [2.0, 1, 1, 1, 1, 3, 1, 1, 1, 6.0], [2.0, 1, 2, 1, 1, 1, 1, 1, 1, 2, 1, 2.0], [9.0, 7, 1, 4, 2, 1, 2.0], [3.0, 2], [3.0], [10.0, 8, 1, 2], [35.0]]","[(0, 0.0, 0.0), (1, 20, 0.5714285714285714), (2, 24, 0.6857142857142857), (3, 25, 0.7142857142857143), (4, 16, 0.45714285714285713), (5, 20, 0.5714285714285714), (6, 9, 0.2571428571428571), (7, 17, 0.4857142857142857), (8, 19, 0.5428571428571428), (9, 9, 0.2571428571428571), (10, 30, 0.8571428571428571), (11, 32, 0.9142857142857143), (12, 14, 0.4), (13, 0.0, 0.0)]","[(1, 20.0, 22.0, 0.9090909090909091, 0, 22), (2, 24.0, 25.0, 0.96, 0, 25), (3, 25.0, 27.0, 0.9259259259259259, 0, 27), (4, 16.0, 27.0, 0.5925925925925926, 1, 28), (5, 20.0, 28.0, 0.7142857142857143, 1, 29), (6, 9.0, 23.0, 0.391304347826087, 7, 30), (7, 17.0, 27.0, 0.6296296296296297, 2, 29), (8, 19.0, 31.0, 0.6129032258064516, 2, 33), (9, 9.0, 24.0, 0.375, 9, 33), (10, 30.0, 32.0, 0.9375, 3, 35), (11, 32.0, 32.0, 1.0, 3, 35), (12, 14.0, 25.0, 0.56, 10, 35)]",235,2,48.83500003814697,0.0
348,Experiment 4,3 Layers-Batch Size = 15,29,28.0,"[[(0.0, 28.0)], [(0.0, 28.0)], [(0.0, 28.0)], [(5, 1)], [(0.0, 28.0)]]","[[28.0], [], [], [1], [28.0]]","[(0, 0.0, 0.0), (1, 28, 1.0), (2, 28, 1.0), (3, 27, 0.9642857142857143), (4, 0.0, 0.0)]","[(1, 28.0, 28.0, 1.0, 0, 28), (2, 28.0, 28.0, 1.0, 0, 28), (3, 27.0, 28.0, 0.9642857142857143, 0, 28)]",83,2,1.0320000648498535,0.0
349,Experiment 4,3 Layers-Batch Size = 30,29,58.0,"[[(0.0, 58.0)], [(0.0, 58.0)], [(0.0, 58.0)], [(0.0, 58.0)], [(0.0, 58.0)]]","[[58.0], [], [], [], [58.0]]","[(0, 0.0, 0.0), (1, 58, 1.0), (2, 58, 1.0), (3, 58, 1.0), (4, 0.0, 0.0)]","[(1, 58.0, 58.0, 1.0, 0, 58), (2, 58.0, 58.0, 1.0, 0, 58), (3, 58.0, 58.0, 1.0, 0, 58)]",174,2,133.04299998283386,0.0
350,Experiment 4,3 Layers-Batch Size = 45,29,87.0,"[[(0.0, 87.0)], [(0.0, 87.0)], [(0.0, 87.0)], [(81, 1)], [(0.0, 87.0)]]","[[87.0], [], [], [1], [87.0]]","[(0, 0.0, 0.0), (1, 87, 1.0), (2, 87, 1.0), (3, 86, 0.9885057471264368), (4, 0.0, 0.0)]","[(1, 87.0, 87.0, 1.0, 0, 87), (2, 87.0, 87.0, 1.0, 0, 87), (3, 86.0, 87.0, 0.9885057471264368, 0, 87)]",260,9,1800.1099998950958,0.4482758620689655
351,Experiment 4,4 Layers-Batch Size = 15,29,22.0,"[[(0.0, 22.0)], [(10, 1), (13, 9.0)], [(12, 10.0)], [(2, 2), (13, 9.0)], [(0.0, 2.0)], [(0.0, 3.0), (17, 5.0)], [(0.0, 2.0)], [(0.0, 22.0)]]","[[22.0], [1, 9.0], [10.0], [2, 9.0], [2.0], [3.0, 5.0], [2.0], [22.0]]","[(0, 0.0, 0.0), (1, 12, 0.5454545454545454), (2, 12, 0.5454545454545454), (3, 11, 0.5), (4, 20, 0.9090909090909091), (5, 14, 0.6363636363636364), (6, 20, 0.9090909090909091), (7, 0.0, 0.0)]","[(1, 12.0, 13.0, 0.9230769230769231, 0, 13), (2, 12.0, 12.0, 1.0, 0, 12), (3, 11.0, 13.0, 0.8461538461538461, 0, 13), (4, 20.0, 20.0, 1.0, 2, 22), (5, 14.0, 14.0, 1.0, 3, 17), (6, 20.0, 20.0, 1.0, 2, 22)]",89,2,0.8340001106262207,0.0
352,Experiment 4,4 Layers-Batch Size = 30,29,31.0,"[[(0.0, 31.0)], [(29, 2.0)], [(27, 4.0)], [(28, 3.0)], [(0.0, 7.0)], [(0.0, 4.0), (6, 1)], [(0.0, 2.0), (18, 1)], [(0.0, 31.0)]]","[[31.0], [2.0], [4.0], [3.0], [7.0], [4.0, 1], [2.0, 1], [31.0]]","[(0, 0.0, 0.0), (1, 29, 0.9354838709677419), (2, 27, 0.8709677419354839), (3, 28, 0.9032258064516129), (4, 24, 0.7741935483870968), (5, 26, 0.8387096774193549), (6, 28, 0.9032258064516129), (7, 0.0, 0.0)]","[(1, 29.0, 29.0, 1.0, 0, 29), (2, 27.0, 27.0, 1.0, 0, 27), (3, 28.0, 28.0, 1.0, 0, 28), (4, 24.0, 24.0, 1.0, 7, 31), (5, 26.0, 27.0, 0.9629629629629629, 4, 31), (6, 28.0, 29.0, 0.9655172413793104, 2, 31)]",162,2,83.02600002288818,0.0
353,Experiment 4,4 Layers-Batch Size = 45,29,58.0,"[[(0.0, 58.0)], [(4, 1), (12, 1), (22, 1), (27, 1), (30, 1), (40, 4), (46, 12.0)], [(6, 1), (10, 2), (18, 2), (23, 1), (36, 7), (46, 12.0)], [(12, 1), (15, 1), (21, 2), (25, 1), (30, 1), (35, 2), (43, 8), (54, 4.0)], [(0.0, 2.0), (54, 4.0)], [(0.0, 6.0), (17, 1), (27, 2)], [(0.0, 2.0)], [(0.0, 58.0)]]","[[58.0], [1, 1, 1, 1, 1, 4, 12.0], [1, 2, 2, 1, 7, 12.0], [1, 1, 2, 1, 1, 2, 8, 4.0], [2.0, 4.0], [6.0, 1, 2], [2.0], [58.0]]","[(0, 0.0, 0.0), (1, 37, 0.6379310344827587), (2, 33, 0.5689655172413793), (3, 38, 0.6551724137931034), (4, 52, 0.896551724137931), (5, 49, 0.8448275862068966), (6, 56, 0.9655172413793104), (7, 0.0, 0.0)]","[(1, 37.0, 46.0, 0.8043478260869565, 0, 46), (2, 33.0, 46.0, 0.717391304347826, 0, 46), (3, 38.0, 54.0, 0.7037037037037037, 0, 54), (4, 52.0, 52.0, 1.0, 2, 54), (5, 49.0, 52.0, 0.9423076923076923, 6, 58), (6, 56.0, 56.0, 1.0, 2, 58)]",265,2,27.259999990463257,0.0
354,Experiment 4,5 Layers-Batch Size = 15,29,18.0,"[[(0.0, 18.0)], [(10, 1), (13, 5.0)], [(9, 1), (13, 5.0)], [(10, 2), (14, 4.0)], [(0.0, 2.0), (3, 2), (6, 2), (11, 2), (15, 3.0)], [(0.0, 7.0), (12, 6.0)], [(0.0, 2.0), (3, 2), (6, 1), (8, 2), (12, 2), (15, 3.0)], [(0.0, 3.0)], [(0.0, 10.0), (13, 1), (15, 2)], [(0.0, 3.0), (12, 1), (14, 1)], [(0.0, 18.0)]]","[[18.0], [1, 5.0], [1, 5.0], [2, 4.0], [2.0, 2, 2, 2, 3.0], [7.0, 6.0], [2.0, 2, 1, 2, 2, 3.0], [3.0], [10.0, 1, 2], [3.0, 1, 1], [18.0]]","[(0, 0.0, 0.0), (1, 12, 0.6666666666666666), (2, 12, 0.6666666666666666), (3, 12, 0.6666666666666666), (4, 7, 0.3888888888888889), (5, 5, 0.2777777777777778), (6, 6, 0.3333333333333333), (7, 15, 0.8333333333333334), (8, 5, 0.2777777777777778), (9, 13, 0.7222222222222222), (10, 0.0, 0.0)]","[(1, 12.0, 13.0, 0.9230769230769231, 0, 13), (2, 12.0, 13.0, 0.9230769230769231, 0, 13), (3, 12.0, 14.0, 0.8571428571428571, 0, 14), (4, 7.0, 13.0, 0.5384615384615384, 2, 15), (5, 5.0, 5.0, 1.0, 7, 12), (6, 6.0, 13.0, 0.46153846153846156, 2, 15), (7, 15.0, 15.0, 1.0, 3, 18), (8, 5.0, 8.0, 0.625, 10, 18), (9, 13.0, 15.0, 0.8666666666666667, 3, 18)]",87,2,2.4090001583099365,0.0
355,Experiment 4,5 Layers-Batch Size = 30,29,29.0,"[[(0.0, 29.0)], [(27, 2.0)], [(27, 2.0)], [(26, 3.0)], [(0.0, 2.0), (4, 4), (10, 3), (14, 5), (23, 2), (26, 1), (28, 1.0)], [(0.0, 9.0), (10, 1), (14, 2), (17, 1), (20, 2), (25, 1), (28, 1.0)], [(0.0, 2.0), (3, 1), (5, 5), (12, 1), (14, 4), (21, 3), (28, 1.0)], [(0.0, 4.0), (7, 2), (18, 1), (21, 1), (27, 1)], [(0.0, 7.0), (8, 5), (15, 3), (19, 1), (21, 1), (24, 1)], [(0.0, 4.0), (7, 4), (20, 1), (27, 1)], [(0.0, 29.0)]]","[[29.0], [2.0], [2.0], [3.0], [2.0, 4, 3, 5, 2, 1, 1.0], [9.0, 1, 2, 1, 2, 1, 1.0], [2.0, 1, 5, 1, 4, 3, 1.0], [4.0, 2, 1, 1, 1], [7.0, 5, 3, 1, 1, 1], [4.0, 4, 1, 1], [29.0]]","[(0, 0.0, 0.0), (1, 27, 0.9310344827586207), (2, 27, 0.9310344827586207), (3, 26, 0.896551724137931), (4, 11, 0.3793103448275862), (5, 12, 0.41379310344827586), (6, 12, 0.41379310344827586), (7, 20, 0.6896551724137931), (8, 11, 0.3793103448275862), (9, 19, 0.6551724137931034), (10, 0.0, 0.0)]","[(1, 27.0, 27.0, 1.0, 0, 27), (2, 27.0, 27.0, 1.0, 0, 27), (3, 26.0, 26.0, 1.0, 0, 26), (4, 11.0, 26.0, 0.4230769230769231, 2, 28), (5, 12.0, 19.0, 0.631578947368421, 9, 28), (6, 12.0, 26.0, 0.46153846153846156, 2, 28), (7, 20.0, 25.0, 0.8, 4, 29), (8, 11.0, 22.0, 0.5, 7, 29), (9, 19.0, 25.0, 0.76, 4, 29)]",165,2,41.55199980735779,0.0
356,Experiment 4,5 Layers-Batch Size = 45,29,47.0,"[[(0.0, 47.0)], [(45, 2.0)], [(42, 5.0)], [(44, 3.0)], [(0.0, 7.0), (8, 7), (18, 3), (22, 3), (26, 4), (31, 3), (35, 1), (38, 1), (40, 1), (42, 1), (44, 1), (46, 1.0)], [(0.0, 6.0), (15, 2), (21, 3), (26, 1), (46, 1.0)], [(0.0, 13.0), (15, 2), (20, 2), (24, 3), (29, 3), (34, 1), (39, 1), (41, 1), (46, 1.0)], [(0.0, 16.0), (17, 7), (28, 6), (39, 1)], [(0.0, 11.0), (13, 5), (20, 1), (23, 6), (30, 3), (34, 1), (39, 1), (42, 1)], [(0.0, 11.0), (12, 2), (16, 1), (20, 6), (27, 5), (35, 3), (39, 1)], [(0.0, 47.0)]]","[[47.0], [2.0], [5.0], [3.0], [7.0, 7, 3, 3, 4, 3, 1, 1, 1, 1, 1, 1.0], [6.0, 2, 3, 1, 1.0], [13.0, 2, 2, 3, 3, 1, 1, 1, 1.0], [16.0, 7, 6, 1], [11.0, 5, 1, 6, 3, 1, 1, 1], [11.0, 2, 1, 6, 5, 3, 1], [47.0]]","[(0, 0.0, 0.0), (1, 45, 0.9574468085106383), (2, 42, 0.8936170212765957), (3, 44, 0.9361702127659575), (4, 14, 0.2978723404255319), (5, 34, 0.723404255319149), (6, 20, 0.425531914893617), (7, 17, 0.3617021276595745), (8, 18, 0.3829787234042553), (9, 18, 0.3829787234042553), (10, 0.0, 0.0)]","[(1, 45.0, 45.0, 1.0, 0, 45), (2, 42.0, 42.0, 1.0, 0, 42), (3, 44.0, 44.0, 1.0, 0, 44), (4, 14.0, 39.0, 0.358974358974359, 7, 46), (5, 34.0, 40.0, 0.85, 6, 46), (6, 20.0, 33.0, 0.6060606060606061, 13, 46), (7, 17.0, 31.0, 0.5483870967741935, 16, 47), (8, 18.0, 36.0, 0.5, 11, 47), (9, 18.0, 36.0, 0.5, 11, 47)]",252,2,125.98499989509583,0.0
357,Experiment 4,6 Layers-Batch Size = 15,29,15.0,"[[(0.0, 15.0)], [(2, 1), (5, 10.0)], [(6, 9.0)], [(5, 10.0)], [(0.0, 1.0), (10, 5.0)], [(0.0, 1.0), (9, 6.0)], [(0.0, 1.0), (4, 1), (8, 7.0)], [(0.0, 2.0), (5, 3), (11, 4.0)], [(0.0, 3.0), (6, 1), (9, 1), (11, 4.0)], [(0.0, 3.0), (9, 1), (12, 3.0)], [(0.0, 5.0), (14, 1.0)], [(0.0, 5.0), (6, 1), (13, 1)], [(0.0, 3.0)], [(0.0, 15.0)]]","[[15.0], [1, 10.0], [9.0], [10.0], [1.0, 5.0], [1.0, 6.0], [1.0, 1, 7.0], [2.0, 3, 4.0], [3.0, 1, 1, 4.0], [3.0, 1, 3.0], [5.0, 1.0], [5.0, 1, 1], [3.0], [15.0]]","[(0, 0.0, 0.0), (1, 4, 0.26666666666666666), (2, 6, 0.4), (3, 5, 0.3333333333333333), (4, 9, 0.6), (5, 8, 0.5333333333333333), (6, 6, 0.4), (7, 6, 0.4), (8, 6, 0.4), (9, 8, 0.5333333333333333), (10, 9, 0.6), (11, 8, 0.5333333333333333), (12, 12, 0.8), (13, 0.0, 0.0)]","[(1, 4.0, 5.0, 0.8, 0, 5), (2, 6.0, 6.0, 1.0, 0, 6), (3, 5.0, 5.0, 1.0, 0, 5), (4, 9.0, 9.0, 1.0, 1, 10), (5, 8.0, 8.0, 1.0, 1, 9), (6, 6.0, 7.0, 0.8571428571428571, 1, 8), (7, 6.0, 9.0, 0.6666666666666666, 2, 11), (8, 6.0, 8.0, 0.75, 3, 11), (9, 8.0, 9.0, 0.8888888888888888, 3, 12), (10, 9.0, 9.0, 1.0, 5, 14), (11, 8.0, 10.0, 0.8, 5, 15), (12, 12.0, 12.0, 1.0, 3, 15)]",87,2,2.0830001831054688,0.0
358,Experiment 4,6 Layers-Batch Size = 30,29,22.0,"[[(0.0, 22.0)], [(13, 9.0)], [(6, 1), (8, 5), (14, 8.0)], [(8, 2), (11, 11.0)], [(0.0, 1.0), (19, 3.0)], [(0.0, 1.0), (19, 3.0)], [(0.0, 1.0), (19, 3.0)], [(0.0, 2.0), (4, 3), (9, 2), (16, 1), (18, 1), (21, 1.0)], [(0.0, 7.0), (8, 1), (21, 1.0)], [(0.0, 6.0), (10, 1), (16, 1), (21, 1.0)], [(0.0, 5.0)], [(0.0, 6.0), (7, 2), (10, 1), (13, 1)], [(0.0, 8.0), (17, 1)], [(0.0, 22.0)]]","[[22.0], [9.0], [1, 5, 8.0], [2, 11.0], [1.0, 3.0], [1.0, 3.0], [1.0, 3.0], [2.0, 3, 2, 1, 1, 1.0], [7.0, 1, 1.0], [6.0, 1, 1, 1.0], [5.0], [6.0, 2, 1, 1], [8.0, 1], [22.0]]","[(0, 0.0, 0.0), (1, 13, 0.5909090909090909), (2, 8, 0.36363636363636365), (3, 9, 0.4090909090909091), (4, 18, 0.8181818181818182), (5, 18, 0.8181818181818182), (6, 18, 0.8181818181818182), (7, 12, 0.5454545454545454), (8, 13, 0.5909090909090909), (9, 13, 0.5909090909090909), (10, 17, 0.7727272727272727), (11, 12, 0.5454545454545454), (12, 13, 0.5909090909090909), (13, 0.0, 0.0)]","[(1, 13.0, 13.0, 1.0, 0, 13), (2, 8.0, 14.0, 0.5714285714285714, 0, 14), (3, 9.0, 11.0, 0.8181818181818182, 0, 11), (4, 18.0, 18.0, 1.0, 1, 19), (5, 18.0, 18.0, 1.0, 1, 19), (6, 18.0, 18.0, 1.0, 1, 19), (7, 12.0, 19.0, 0.631578947368421, 2, 21), (8, 13.0, 14.0, 0.9285714285714286, 7, 21), (9, 13.0, 15.0, 0.8666666666666667, 6, 21), (10, 17.0, 17.0, 1.0, 5, 22), (11, 12.0, 16.0, 0.75, 6, 22), (12, 13.0, 14.0, 0.9285714285714286, 8, 22)]",164,2,55.32599997520447,0.0
359,Experiment 4,6 Layers-Batch Size = 45,29,43.0,"[[(0.0, 43.0)], [(14, 1), (19, 2), (22, 1), (24, 11), (36, 7.0)], [(9, 2), (13, 1), (16, 1), (18, 5), (24, 4), (29, 1), (31, 1), (33, 3), (37, 6.0)], [(3, 1), (5, 2), (8, 35.0)], [(0.0, 1.0), (41, 2.0)], [(0.0, 1.0), (41, 2.0)], [(0.0, 1.0), (4, 1), (8, 1), (11, 32.0)], [(0.0, 2.0), (3, 2), (6, 1), (8, 1), (11, 2), (14, 4), (22, 1), (24, 1), (30, 1), (38, 1), (40, 1), (42, 1.0)], [(0.0, 5.0), (9, 1), (11, 5), (17, 1), (19, 9), (29, 1), (38, 1), (40, 1), (42, 1.0)], [(0.0, 7.0), (8, 2), (12, 25), (39, 4.0)], [(0.0, 13.0), (14, 3), (20, 3), (24, 4), (32, 1)], [(0.0, 9.0), (10, 1), (13, 6), (20, 1), (22, 2), (29, 2)], [(0.0, 10.0), (11, 1), (15, 2), (20, 19), (40, 3.0)], [(0.0, 43.0)]]","[[43.0], [1, 2, 1, 11, 7.0], [2, 1, 1, 5, 4, 1, 1, 3, 6.0], [1, 2, 35.0], [1.0, 2.0], [1.0, 2.0], [1.0, 1, 1, 32.0], [2.0, 2, 1, 1, 2, 4, 1, 1, 1, 1, 1, 1.0], [5.0, 1, 5, 1, 9, 1, 1, 1, 1.0], [7.0, 2, 25, 4.0], [13.0, 3, 3, 4, 1], [9.0, 1, 6, 1, 2, 2], [10.0, 1, 2, 19, 3.0], [43.0]]","[(0, 0.0, 0.0), (1, 21, 0.4883720930232558), (2, 19, 0.4418604651162791), (3, 5, 0.11627906976744186), (4, 40, 0.9302325581395349), (5, 40, 0.9302325581395349), (6, 8, 0.18604651162790697), (7, 25, 0.5813953488372093), (8, 18, 0.4186046511627907), (9, 5, 0.11627906976744186), (10, 19, 0.4418604651162791), (11, 22, 0.5116279069767442), (12, 8, 0.18604651162790697), (13, 0.0, 0.0)]","[(1, 21.0, 36.0, 0.5833333333333334, 0, 36), (2, 19.0, 37.0, 0.5135135135135135, 0, 37), (3, 5.0, 8.0, 0.625, 0, 8), (4, 40.0, 40.0, 1.0, 1, 41), (5, 40.0, 40.0, 1.0, 1, 41), (6, 8.0, 10.0, 0.8, 1, 11), (7, 25.0, 40.0, 0.625, 2, 42), (8, 18.0, 37.0, 0.4864864864864865, 5, 42), (9, 5.0, 32.0, 0.15625, 7, 39), (10, 19.0, 30.0, 0.6333333333333333, 13, 43), (11, 22.0, 34.0, 0.6470588235294118, 9, 43), (12, 8.0, 30.0, 0.26666666666666666, 10, 40)]",230,2,63.69600009918213,0.0
