,experiment,experiment_version,experiment_index,makespan,downtime_over_makespan,downtime_per_machine,usage,active_usage,total_work_content,status,runtime,gap
0,Experiment 1,No Flexibility,0,32.0,"[[(0.0, 32.0)], [(8, 24.0)], [(30, 2.0)], [(6, 26.0)], [(0.0, 4.0), (6, 2), (10, 22.0)], [(0.0, 6.0), (10, 2), (20, 1), (23, 1), (26, 1), (29, 1)], [(0.0, 2.0), (11, 21.0)], [(0.0, 32.0)]]","[[32.0], [24.0], [2.0], [26.0], [4.0, 2, 22.0], [6.0, 2, 1, 1, 1, 1], [2.0, 21.0], [32.0]]","[(0, 0.0, 0.0), (1, 8, 0.25), (2, 30, 0.9375), (3, 6, 0.1875), (4, 4, 0.125), (5, 20, 0.625), (6, 9, 0.28125), (7, 0.0, 0.0)]","[(1, 8.0, 8.0, 1.0, 0, 8), (2, 30.0, 30.0, 1.0, 0, 30), (3, 6.0, 6.0, 1.0, 0, 6), (4, 4.0, 6.0, 0.6666666666666666, 4, 10), (5, 20.0, 26.0, 0.7692307692307693, 6, 32), (6, 9.0, 9.0, 1.0, 2, 11)]",77,2,0.1919999122619629,0.0
1,Experiment 1,Low Flexibility,0,17.0,"[[(0.0, 17.0)], [(14, 3.0)], [(15, 2.0)], [(15, 2.0)], [(0.0, 4.0)], [(0.0, 6.0), (8, 1), (11, 1), (14, 1)], [(0.0, 3.0), (5, 1), (8, 1)], [(0.0, 17.0)]]","[[17.0], [3.0], [2.0], [2.0], [4.0], [6.0, 1, 1, 1], [3.0, 1, 1], [17.0]]","[(0, 0.0, 0.0), (1, 14, 0.8235294117647058), (2, 15, 0.8823529411764706), (3, 15, 0.8823529411764706), (4, 13, 0.7647058823529411), (5, 8, 0.47058823529411764), (6, 12, 0.7058823529411765), (7, 0.0, 0.0)]","[(1, 14.0, 14.0, 1.0, 0, 14), (2, 15.0, 15.0, 1.0, 0, 15), (3, 15.0, 15.0, 1.0, 0, 15), (4, 13.0, 13.0, 1.0, 4, 17), (5, 8.0, 11.0, 0.7272727272727273, 6, 17), (6, 12.0, 14.0, 0.8571428571428571, 3, 17)]",77,2,1.5049998760223389,0.0
2,Experiment 1,High Flexibility,0,17.0,"[[(0.0, 17.0)], [(15, 2.0)], [(14, 3.0)], [(15, 2.0)], [(0.0, 2.0), (14, 1)], [(0.0, 5.0), (7, 4), (16, 1.0)], [(0.0, 4.0), (6, 1)], [(0.0, 17.0)]]","[[17.0], [2.0], [3.0], [2.0], [2.0, 1], [5.0, 4, 1.0], [4.0, 1], [17.0]]","[(0, 0.0, 0.0), (1, 15, 0.8823529411764706), (2, 14, 0.8235294117647058), (3, 15, 0.8823529411764706), (4, 14, 0.8235294117647058), (5, 7, 0.4117647058823529), (6, 12, 0.7058823529411765), (7, 0.0, 0.0)]","[(1, 15.0, 15.0, 1.0, 0, 15), (2, 14.0, 14.0, 1.0, 0, 14), (3, 15.0, 15.0, 1.0, 0, 15), (4, 14.0, 15.0, 0.9333333333333333, 2, 17), (5, 7.0, 11.0, 0.6363636363636364, 5, 16), (6, 12.0, 13.0, 0.9230769230769231, 4, 17)]",77,2,6.697999954223633,0.0
3,Experiment 1,No Flexibility,1,23.0,"[[(0.0, 23.0)], [(12, 1), (15, 8.0)], [(4, 1), (7, 16.0)], [(20, 3.0)], [(0.0, 2.0)], [(0.0, 4.0), (6, 1), (9, 3), (14, 9.0)], [(0.0, 13.0)], [(0.0, 23.0)]]","[[23.0], [1, 8.0], [1, 16.0], [3.0], [2.0], [4.0, 1, 3, 9.0], [13.0], [23.0]]","[(0, 0.0, 0.0), (1, 14, 0.6086956521739131), (2, 6, 0.2608695652173913), (3, 20, 0.8695652173913043), (4, 21, 0.9130434782608695), (5, 6, 0.2608695652173913), (6, 10, 0.43478260869565216), (7, 0.0, 0.0)]","[(1, 14.0, 15.0, 0.9333333333333333, 0, 15), (2, 6.0, 7.0, 0.8571428571428571, 0, 7), (3, 20.0, 20.0, 1.0, 0, 20), (4, 21.0, 21.0, 1.0, 2, 23), (5, 6.0, 10.0, 0.6, 4, 14), (6, 10.0, 10.0, 1.0, 13, 23)]",77,2,0.1490001678466797,0.0
4,Experiment 1,Low Flexibility,1,16.0,"[[(0.0, 16.0)], [(12, 4.0)], [(14, 2.0)], [(14, 2.0)], [(0.0, 2.0), (10, 1)], [(0.0, 2.0), (5, 1), (15, 1.0)], [(0.0, 4.0)], [(0.0, 16.0)]]","[[16.0], [4.0], [2.0], [2.0], [2.0, 1], [2.0, 1, 1.0], [4.0], [16.0]]","[(0, 0.0, 0.0), (1, 12, 0.75), (2, 14, 0.875), (3, 14, 0.875), (4, 13, 0.8125), (5, 12, 0.75), (6, 12, 0.75), (7, 0.0, 0.0)]","[(1, 12.0, 12.0, 1.0, 0, 12), (2, 14.0, 14.0, 1.0, 0, 14), (3, 14.0, 14.0, 1.0, 0, 14), (4, 13.0, 14.0, 0.9285714285714286, 2, 16), (5, 12.0, 13.0, 0.9230769230769231, 2, 15), (6, 12.0, 12.0, 1.0, 4, 16)]",77,2,1.871999979019165,0.0
5,Experiment 1,High Flexibility,1,16.0,"[[(0.0, 16.0)], [(14, 2.0)], [(10, 1), (13, 3.0)], [(14, 2.0)], [(0.0, 4.0), (9, 1), (13, 1)], [(0.0, 2.0)], [(0.0, 2.0), (7, 1)], [(0.0, 16.0)]]","[[16.0], [2.0], [1, 3.0], [2.0], [4.0, 1, 1], [2.0], [2.0, 1], [16.0]]","[(0, 0.0, 0.0), (1, 14, 0.875), (2, 12, 0.75), (3, 14, 0.875), (4, 10, 0.625), (5, 14, 0.875), (6, 13, 0.8125), (7, 0.0, 0.0)]","[(1, 14.0, 14.0, 1.0, 0, 14), (2, 12.0, 13.0, 0.9230769230769231, 0, 13), (3, 14.0, 14.0, 1.0, 0, 14), (4, 10.0, 12.0, 0.8333333333333334, 4, 16), (5, 14.0, 14.0, 1.0, 2, 16), (6, 13.0, 14.0, 0.9285714285714286, 2, 16)]",77,2,8.713000059127808,0.0
6,Experiment 1,No Flexibility,2,26.0,"[[(0.0, 26.0)], [(6, 20.0)], [(24, 2.0)], [(20, 6.0)], [(0.0, 3.0), (7, 2), (13, 13.0)], [(0.0, 3.0), (5, 6), (17, 1)], [(0.0, 6.0), (8, 4), (16, 4), (22, 1), (25, 1.0)], [(0.0, 26.0)]]","[[26.0], [20.0], [2.0], [6.0], [3.0, 2, 13.0], [3.0, 6, 1], [6.0, 4, 4, 1, 1.0], [26.0]]","[(0, 0.0, 0.0), (1, 6, 0.23076923076923078), (2, 24, 0.9230769230769231), (3, 20, 0.7692307692307693), (4, 8, 0.3076923076923077), (5, 16, 0.6153846153846154), (6, 10, 0.38461538461538464), (7, 0.0, 0.0)]","[(1, 6.0, 6.0, 1.0, 0, 6), (2, 24.0, 24.0, 1.0, 0, 24), (3, 20.0, 20.0, 1.0, 0, 20), (4, 8.0, 10.0, 0.8, 3, 13), (5, 16.0, 23.0, 0.6956521739130435, 3, 26), (6, 10.0, 19.0, 0.5263157894736842, 6, 25)]",84,2,0.3529999256134033,0.0
7,Experiment 1,Low Flexibility,2,20.0,"[[(0.0, 20.0)], [(15, 5.0)], [(18, 2.0)], [(7, 1), (18, 2.0)], [(0.0, 4.0), (10, 2), (14, 2)], [(0.0, 5.0), (7, 1), (16, 2)], [(0.0, 10.0)], [(0.0, 20.0)]]","[[20.0], [5.0], [2.0], [1, 2.0], [4.0, 2, 2], [5.0, 1, 2], [10.0], [20.0]]","[(0, 0.0, 0.0), (1, 15, 0.75), (2, 18, 0.9), (3, 17, 0.85), (4, 12, 0.6), (5, 12, 0.6), (6, 10, 0.5), (7, 0.0, 0.0)]","[(1, 15.0, 15.0, 1.0, 0, 15), (2, 18.0, 18.0, 1.0, 0, 18), (3, 17.0, 18.0, 0.9444444444444444, 0, 18), (4, 12.0, 16.0, 0.75, 4, 20), (5, 12.0, 15.0, 0.8, 5, 20), (6, 10.0, 10.0, 1.0, 10, 20)]",84,2,2.938999891281128,0.0
8,Experiment 1,High Flexibility,2,19.0,"[[(0.0, 19.0)], [(16, 3.0)], [(17, 2.0)], [(17, 2.0)], [(0.0, 7.0)], [(0.0, 5.0), (9, 1), (12, 2), (16, 1)], [(0.0, 3.0), (5, 3), (12, 1)], [(0.0, 19.0)]]","[[19.0], [3.0], [2.0], [2.0], [7.0], [5.0, 1, 2, 1], [3.0, 3, 1], [19.0]]","[(0, 0.0, 0.0), (1, 16, 0.8421052631578947), (2, 17, 0.8947368421052632), (3, 17, 0.8947368421052632), (4, 12, 0.631578947368421), (5, 10, 0.5263157894736842), (6, 12, 0.631578947368421), (7, 0.0, 0.0)]","[(1, 16.0, 16.0, 1.0, 0, 16), (2, 17.0, 17.0, 1.0, 0, 17), (3, 17.0, 17.0, 1.0, 0, 17), (4, 12.0, 12.0, 1.0, 7, 19), (5, 10.0, 14.0, 0.7142857142857143, 5, 19), (6, 12.0, 16.0, 0.75, 3, 19)]",84,2,7.7850000858306885,0.0
9,Experiment 1,No Flexibility,3,34.0,"[[(0.0, 34.0)], [(32, 2.0)], [(24, 10.0)], [(3, 31.0)], [(0.0, 10.0), (14, 4), (22, 1), (27, 1), (30, 2)], [(0.0, 8.0), (12, 2), (16, 1), (19, 5), (26, 3), (31, 3.0)], [(0.0, 3.0), (6, 28.0)], [(0.0, 34.0)]]","[[34.0], [2.0], [10.0], [31.0], [10.0, 4, 1, 1, 2], [8.0, 2, 1, 5, 3, 3.0], [3.0, 28.0], [34.0]]","[(0, 0.0, 0.0), (1, 32, 0.9411764705882353), (2, 24, 0.7058823529411765), (3, 3, 0.08823529411764706), (4, 16, 0.47058823529411764), (5, 12, 0.35294117647058826), (6, 3, 0.08823529411764706), (7, 0.0, 0.0)]","[(1, 32.0, 32.0, 1.0, 0, 32), (2, 24.0, 24.0, 1.0, 0, 24), (3, 3.0, 3.0, 1.0, 0, 3), (4, 16.0, 24.0, 0.6666666666666666, 10, 34), (5, 12.0, 23.0, 0.5217391304347826, 8, 31), (6, 3.0, 3.0, 1.0, 3, 6)]",90,2,0.16499996185302734,0.0
10,Experiment 1,Low Flexibility,3,22.0,"[[(0.0, 22.0)], [(19, 3.0)], [(20, 2.0)], [(20, 2.0)], [(0.0, 4.0), (6, 6), (14, 2)], [(0.0, 8.0), (10, 1), (13, 3)], [(0.0, 6.0), (9, 2), (15, 1), (18, 2)], [(0.0, 22.0)]]","[[22.0], [3.0], [2.0], [2.0], [4.0, 6, 2], [8.0, 1, 3], [6.0, 2, 1, 2], [22.0]]","[(0, 0.0, 0.0), (1, 19, 0.8636363636363636), (2, 20, 0.9090909090909091), (3, 20, 0.9090909090909091), (4, 10, 0.45454545454545453), (5, 10, 0.45454545454545453), (6, 11, 0.5), (7, 0.0, 0.0)]","[(1, 19.0, 19.0, 1.0, 0, 19), (2, 20.0, 20.0, 1.0, 0, 20), (3, 20.0, 20.0, 1.0, 0, 20), (4, 10.0, 18.0, 0.5555555555555556, 4, 22), (5, 10.0, 14.0, 0.7142857142857143, 8, 22), (6, 11.0, 16.0, 0.6875, 6, 22)]",90,2,2.015000104904175,0.0
11,Experiment 1,High Flexibility,3,22.0,"[[(0.0, 22.0)], [(20, 2.0)], [(20, 2.0)], [(8, 1), (20, 2.0)], [(0.0, 4.0), (15, 1), (18, 2)], [(0.0, 8.0), (10, 2), (14, 2), (18, 2)], [(0.0, 9.0), (11, 3), (16, 2)], [(0.0, 22.0)]]","[[22.0], [2.0], [2.0], [1, 2.0], [4.0, 1, 2], [8.0, 2, 2, 2], [9.0, 3, 2], [22.0]]","[(0, 0.0, 0.0), (1, 20, 0.9090909090909091), (2, 20, 0.9090909090909091), (3, 19, 0.8636363636363636), (4, 15, 0.6818181818181818), (5, 8, 0.36363636363636365), (6, 8, 0.36363636363636365), (7, 0.0, 0.0)]","[(1, 20.0, 20.0, 1.0, 0, 20), (2, 20.0, 20.0, 1.0, 0, 20), (3, 19.0, 20.0, 0.95, 0, 20), (4, 15.0, 18.0, 0.8333333333333334, 4, 22), (5, 8.0, 14.0, 0.5714285714285714, 8, 22), (6, 8.0, 13.0, 0.6153846153846154, 9, 22)]",90,2,7.33299994468689,0.0
12,Experiment 1,No Flexibility,4,16.0,"[[(0.0, 16.0)], [(14, 2.0)], [(12, 4.0)], [(4, 12.0)], [(0.0, 2.0)], [(0.0, 2.0), (6, 2)], [(0.0, 2.0), (10, 6.0)], [(0.0, 16.0)]]","[[16.0], [2.0], [4.0], [12.0], [2.0], [2.0, 2], [2.0, 6.0], [16.0]]","[(0, 0.0, 0.0), (1, 14, 0.875), (2, 12, 0.75), (3, 4, 0.25), (4, 14, 0.875), (5, 12, 0.75), (6, 8, 0.5), (7, 0.0, 0.0)]","[(1, 14.0, 14.0, 1.0, 0, 14), (2, 12.0, 12.0, 1.0, 0, 12), (3, 4.0, 4.0, 1.0, 0, 4), (4, 14.0, 14.0, 1.0, 2, 16), (5, 12.0, 14.0, 0.8571428571428571, 2, 16), (6, 8.0, 8.0, 1.0, 2, 10)]",64,2,0.12899994850158691,0.0
13,Experiment 1,Low Flexibility,4,14.0,"[[(0.0, 14.0)], [(10, 4.0)], [(10, 4.0)], [(10, 4.0)], [(0.0, 2.0)], [(0.0, 4.0)], [(0.0, 2.0)], [(0.0, 14.0)]]","[[14.0], [4.0], [4.0], [4.0], [2.0], [4.0], [2.0], [14.0]]","[(0, 0.0, 0.0), (1, 10, 0.7142857142857143), (2, 10, 0.7142857142857143), (3, 10, 0.7142857142857143), (4, 12, 0.8571428571428571), (5, 10, 0.7142857142857143), (6, 12, 0.8571428571428571), (7, 0.0, 0.0)]","[(1, 10.0, 10.0, 1.0, 0, 10), (2, 10.0, 10.0, 1.0, 0, 10), (3, 10.0, 10.0, 1.0, 0, 10), (4, 12.0, 12.0, 1.0, 2, 14), (5, 10.0, 10.0, 1.0, 4, 14), (6, 12.0, 12.0, 1.0, 2, 14)]",64,2,1.0759999752044678,0.0
14,Experiment 1,High Flexibility,4,14.0,"[[(0.0, 14.0)], [(10, 4.0)], [(10, 4.0)], [(10, 4.0)], [(0.0, 2.0)], [(0.0, 2.0)], [(0.0, 2.0), (8, 1), (13, 1.0)], [(0.0, 14.0)]]","[[14.0], [4.0], [4.0], [4.0], [2.0], [2.0], [2.0, 1, 1.0], [14.0]]","[(0, 0.0, 0.0), (1, 10, 0.7142857142857143), (2, 10, 0.7142857142857143), (3, 10, 0.7142857142857143), (4, 12, 0.8571428571428571), (5, 12, 0.8571428571428571), (6, 10, 0.7142857142857143), (7, 0.0, 0.0)]","[(1, 10.0, 10.0, 1.0, 0, 10), (2, 10.0, 10.0, 1.0, 0, 10), (3, 10.0, 10.0, 1.0, 0, 10), (4, 12.0, 12.0, 1.0, 2, 14), (5, 12.0, 12.0, 1.0, 2, 14), (6, 10.0, 11.0, 0.9090909090909091, 2, 13)]",64,2,6.269999980926514,0.0
15,Experiment 1,No Flexibility,5,47.0,"[[(0.0, 47.0)], [(6, 41.0)], [(6, 1), (11, 1), (18, 1), (21, 26.0)], [(6, 2), (10, 37.0)], [(0.0, 3.0), (6, 11), (20, 27.0)], [(0.0, 2.0)], [(0.0, 2.0), (5, 1), (12, 6), (21, 26.0)], [(0.0, 47.0)]]","[[47.0], [41.0], [1, 1, 1, 26.0], [2, 37.0], [3.0, 11, 27.0], [2.0], [2.0, 1, 6, 26.0], [47.0]]","[(0, 0.0, 0.0), (1, 6, 0.1276595744680851), (2, 18, 0.3829787234042553), (3, 8, 0.1702127659574468), (4, 6, 0.1276595744680851), (5, 45, 0.9574468085106383), (6, 12, 0.2553191489361702), (7, 0.0, 0.0)]","[(1, 6.0, 6.0, 1.0, 0, 6), (2, 18.0, 21.0, 0.8571428571428571, 0, 21), (3, 8.0, 10.0, 0.8, 0, 10), (4, 6.0, 17.0, 0.35294117647058826, 3, 20), (5, 45.0, 45.0, 1.0, 2, 47), (6, 12.0, 19.0, 0.631578947368421, 2, 21)]",95,2,0.16499996185302734,0.0
16,Experiment 1,Low Flexibility,5,27.0,"[[(0.0, 27.0)], [(5, 8), (15, 12.0)], [(4, 2), (9, 1), (12, 3), (17, 2), (21, 6.0)], [(4, 1), (9, 1), (14, 13.0)], [(0.0, 5.0), (20, 7.0)], [(0.0, 2.0)], [(0.0, 2.0), (25, 2.0)], [(0.0, 27.0)]]","[[27.0], [8, 12.0], [2, 1, 3, 2, 6.0], [1, 1, 13.0], [5.0, 7.0], [2.0], [2.0, 2.0], [27.0]]","[(0, 0.0, 0.0), (1, 7, 0.25925925925925924), (2, 13, 0.48148148148148145), (3, 12, 0.4444444444444444), (4, 15, 0.5555555555555556), (5, 25, 0.9259259259259259), (6, 23, 0.8518518518518519), (7, 0.0, 0.0)]","[(1, 7.0, 15.0, 0.4666666666666667, 0, 15), (2, 13.0, 21.0, 0.6190476190476191, 0, 21), (3, 12.0, 14.0, 0.8571428571428571, 0, 14), (4, 15.0, 15.0, 1.0, 5, 20), (5, 25.0, 25.0, 1.0, 2, 27), (6, 23.0, 23.0, 1.0, 2, 25)]",95,2,1.0480000972747803,0.0
17,Experiment 1,High Flexibility,5,23.0,"[[(0.0, 23.0)], [(5, 3), (10, 1), (13, 10.0)], [(2, 1), (7, 1), (10, 1), (14, 9.0)], [(6, 2), (10, 1), (15, 8.0)], [(0.0, 2.0)], [(0.0, 2.0)], [(0.0, 2.0)], [(0.0, 23.0)]]","[[23.0], [3, 1, 10.0], [1, 1, 1, 9.0], [2, 1, 8.0], [2.0], [2.0], [2.0], [23.0]]","[(0, 0.0, 0.0), (1, 9, 0.391304347826087), (2, 11, 0.4782608695652174), (3, 12, 0.5217391304347826), (4, 21, 0.9130434782608695), (5, 21, 0.9130434782608695), (6, 21, 0.9130434782608695), (7, 0.0, 0.0)]","[(1, 9.0, 13.0, 0.6923076923076923, 0, 13), (2, 11.0, 14.0, 0.7857142857142857, 0, 14), (3, 12.0, 15.0, 0.8, 0, 15), (4, 21.0, 21.0, 1.0, 2, 23), (5, 21.0, 21.0, 1.0, 2, 23), (6, 21.0, 21.0, 1.0, 2, 23)]",95,2,7.009999990463257,0.0
18,Experiment 1,No Flexibility,6,27.0,"[[(0.0, 27.0)], [(6, 21.0)], [(20, 7.0)], [(24, 3.0)], [(0.0, 3.0), (5, 1), (8, 19.0)], [(0.0, 6.0), (8, 2), (12, 1), (15, 2), (19, 1), (22, 5.0)], [(0.0, 3.0)], [(0.0, 27.0)]]","[[27.0], [21.0], [7.0], [3.0], [3.0, 1, 19.0], [6.0, 2, 1, 2, 1, 5.0], [3.0], [27.0]]","[(0, 0.0, 0.0), (1, 6, 0.2222222222222222), (2, 20, 0.7407407407407407), (3, 24, 0.8888888888888888), (4, 4, 0.14814814814814814), (5, 10, 0.37037037037037035), (6, 24, 0.8888888888888888), (7, 0.0, 0.0)]","[(1, 6.0, 6.0, 1.0, 0, 6), (2, 20.0, 20.0, 1.0, 0, 20), (3, 24.0, 24.0, 1.0, 0, 24), (4, 4.0, 5.0, 0.8, 3, 8), (5, 10.0, 16.0, 0.625, 6, 22), (6, 24.0, 24.0, 1.0, 3, 27)]",88,2,0.27500009536743164,0.0
19,Experiment 1,Low Flexibility,6,20.0,"[[(0.0, 20.0)], [(6, 1), (13, 1), (17, 3.0)], [(18, 2.0)], [(17, 3.0)], [(0.0, 3.0), (6, 3)], [(0.0, 8.0), (10, 2)], [(0.0, 5.0), (10, 1)], [(0.0, 20.0)]]","[[20.0], [1, 1, 3.0], [2.0], [3.0], [3.0, 3], [8.0, 2], [5.0, 1], [20.0]]","[(0, 0.0, 0.0), (1, 15, 0.75), (2, 18, 0.9), (3, 17, 0.85), (4, 14, 0.7), (5, 10, 0.5), (6, 14, 0.7), (7, 0.0, 0.0)]","[(1, 15.0, 17.0, 0.8823529411764706, 0, 17), (2, 18.0, 18.0, 1.0, 0, 18), (3, 17.0, 17.0, 1.0, 0, 17), (4, 14.0, 17.0, 0.8235294117647058, 3, 20), (5, 10.0, 12.0, 0.8333333333333334, 8, 20), (6, 14.0, 15.0, 0.9333333333333333, 5, 20)]",88,2,2.0290000438690186,0.0
20,Experiment 1,High Flexibility,6,19.0,"[[(0.0, 19.0)], [(17, 2.0)], [(16, 3.0)], [(17, 2.0)], [(0.0, 4.0), (6, 1), (16, 1)], [(0.0, 3.0), (6, 6)], [(0.0, 3.0), (13, 1)], [(0.0, 19.0)]]","[[19.0], [2.0], [3.0], [2.0], [4.0, 1, 1], [3.0, 6], [3.0, 1], [19.0]]","[(0, 0.0, 0.0), (1, 17, 0.8947368421052632), (2, 16, 0.8421052631578947), (3, 17, 0.8947368421052632), (4, 13, 0.6842105263157895), (5, 10, 0.5263157894736842), (6, 15, 0.7894736842105263), (7, 0.0, 0.0)]","[(1, 17.0, 17.0, 1.0, 0, 17), (2, 16.0, 16.0, 1.0, 0, 16), (3, 17.0, 17.0, 1.0, 0, 17), (4, 13.0, 15.0, 0.8666666666666667, 4, 19), (5, 10.0, 16.0, 0.625, 3, 19), (6, 15.0, 16.0, 0.9375, 3, 19)]",88,2,9.416000127792358,0.0
21,Experiment 1,No Flexibility,7,22.0,"[[(0.0, 22.0)], [(3, 19.0)], [(20, 2.0)], [(18, 4.0)], [(0.0, 3.0), (7, 15.0)], [(0.0, 8.0), (10, 2), (16, 2)], [(0.0, 2.0), (8, 2)], [(0.0, 22.0)]]","[[22.0], [19.0], [2.0], [4.0], [3.0, 15.0], [8.0, 2, 2], [2.0, 2], [22.0]]","[(0, 0.0, 0.0), (1, 3, 0.13636363636363635), (2, 20, 0.9090909090909091), (3, 18, 0.8181818181818182), (4, 4, 0.18181818181818182), (5, 10, 0.45454545454545453), (6, 18, 0.8181818181818182), (7, 0.0, 0.0)]","[(1, 3.0, 3.0, 1.0, 0, 3), (2, 20.0, 20.0, 1.0, 0, 20), (3, 18.0, 18.0, 1.0, 0, 18), (4, 4.0, 4.0, 1.0, 3, 7), (5, 10.0, 14.0, 0.7142857142857143, 8, 22), (6, 18.0, 20.0, 0.9, 2, 22)]",73,2,0.2929999828338623,0.0
22,Experiment 1,Low Flexibility,7,17.0,"[[(0.0, 17.0)], [(15, 2.0)], [(12, 5.0)], [(8, 1), (15, 2.0)], [(0.0, 4.0), (14, 1)], [(0.0, 4.0), (6, 2), (14, 1)], [(0.0, 5.0), (7, 2)], [(0.0, 17.0)]]","[[17.0], [2.0], [5.0], [1, 2.0], [4.0, 1], [4.0, 2, 1], [5.0, 2], [17.0]]","[(0, 0.0, 0.0), (1, 15, 0.8823529411764706), (2, 12, 0.7058823529411765), (3, 14, 0.8235294117647058), (4, 12, 0.7058823529411765), (5, 10, 0.5882352941176471), (6, 10, 0.5882352941176471), (7, 0.0, 0.0)]","[(1, 15.0, 15.0, 1.0, 0, 15), (2, 12.0, 12.0, 1.0, 0, 12), (3, 14.0, 15.0, 0.9333333333333333, 0, 15), (4, 12.0, 13.0, 0.9230769230769231, 4, 17), (5, 10.0, 13.0, 0.7692307692307693, 4, 17), (6, 10.0, 12.0, 0.8333333333333334, 5, 17)]",73,2,4.944000005722046,0.0
23,Experiment 1,High Flexibility,7,16.0,"[[(0.0, 16.0)], [(3, 1), (14, 2.0)], [(14, 2.0)], [(14, 2.0)], [(0.0, 4.0)], [(0.0, 2.0), (4, 4)], [(0.0, 6.0)], [(0.0, 16.0)]]","[[16.0], [1, 2.0], [2.0], [2.0], [4.0], [2.0, 4], [6.0], [16.0]]","[(0, 0.0, 0.0), (1, 13, 0.8125), (2, 14, 0.875), (3, 14, 0.875), (4, 12, 0.75), (5, 10, 0.625), (6, 10, 0.625), (7, 0.0, 0.0)]","[(1, 13.0, 14.0, 0.9285714285714286, 0, 14), (2, 14.0, 14.0, 1.0, 0, 14), (3, 14.0, 14.0, 1.0, 0, 14), (4, 12.0, 12.0, 1.0, 4, 16), (5, 10.0, 14.0, 0.7142857142857143, 2, 16), (6, 10.0, 10.0, 1.0, 6, 16)]",73,2,8.917999982833862,0.0
24,Experiment 1,No Flexibility,8,36.0,"[[(0.0, 36.0)], [(33, 3.0)], [(5, 31.0)], [(9, 27.0)], [(0.0, 3.0)], [(0.0, 5.0), (7, 29.0)], [(0.0, 3.0), (15, 21.0)], [(0.0, 36.0)]]","[[36.0], [3.0], [31.0], [27.0], [3.0], [5.0, 29.0], [3.0, 21.0], [36.0]]","[(0, 0.0, 0.0), (1, 33, 0.9166666666666666), (2, 5, 0.1388888888888889), (3, 9, 0.25), (4, 33, 0.9166666666666666), (5, 2, 0.05555555555555555), (6, 12, 0.3333333333333333), (7, 0.0, 0.0)]","[(1, 33.0, 33.0, 1.0, 0, 33), (2, 5.0, 5.0, 1.0, 0, 5), (3, 9.0, 9.0, 1.0, 0, 9), (4, 33.0, 33.0, 1.0, 3, 36), (5, 2.0, 2.0, 1.0, 5, 7), (6, 12.0, 12.0, 1.0, 3, 15)]",94,2,0.21299982070922852,0.0
25,Experiment 1,Low Flexibility,8,21.0,"[[(0.0, 21.0)], [(15, 6.0)], [(18, 3.0)], [(14, 7.0)], [(0.0, 3.0), (6, 3)], [(0.0, 3.0)], [(0.0, 3.0), (7, 3), (14, 1)], [(0.0, 21.0)]]","[[21.0], [6.0], [3.0], [7.0], [3.0, 3], [3.0], [3.0, 3, 1], [21.0]]","[(0, 0.0, 0.0), (1, 15, 0.7142857142857143), (2, 18, 0.8571428571428571), (3, 14, 0.6666666666666666), (4, 15, 0.7142857142857143), (5, 18, 0.8571428571428571), (6, 14, 0.6666666666666666), (7, 0.0, 0.0)]","[(1, 15.0, 15.0, 1.0, 0, 15), (2, 18.0, 18.0, 1.0, 0, 18), (3, 14.0, 14.0, 1.0, 0, 14), (4, 15.0, 18.0, 0.8333333333333334, 3, 21), (5, 18.0, 18.0, 1.0, 3, 21), (6, 14.0, 18.0, 0.7777777777777778, 3, 21)]",94,2,0.9000000953674316,0.0
26,Experiment 1,High Flexibility,8,19.0,"[[(0.0, 19.0)], [(15, 4.0)], [(17, 2.0)], [(15, 4.0)], [(0.0, 3.0)], [(0.0, 3.0)], [(0.0, 3.0), (9, 1)], [(0.0, 19.0)]]","[[19.0], [4.0], [2.0], [4.0], [3.0], [3.0], [3.0, 1], [19.0]]","[(0, 0.0, 0.0), (1, 15, 0.7894736842105263), (2, 17, 0.8947368421052632), (3, 15, 0.7894736842105263), (4, 16, 0.8421052631578947), (5, 16, 0.8421052631578947), (6, 15, 0.7894736842105263), (7, 0.0, 0.0)]","[(1, 15.0, 15.0, 1.0, 0, 15), (2, 17.0, 17.0, 1.0, 0, 17), (3, 15.0, 15.0, 1.0, 0, 15), (4, 16.0, 16.0, 1.0, 3, 19), (5, 16.0, 16.0, 1.0, 3, 19), (6, 15.0, 16.0, 0.9375, 3, 19)]",94,2,10.973999977111816,0.0
27,Experiment 1,No Flexibility,9,29.0,"[[(0.0, 29.0)], [(12, 4), (19, 10.0)], [(27, 2.0)], [(3, 26.0)], [(0.0, 3.0), (23, 6.0)], [(0.0, 3.0), (5, 6), (17, 1), (20, 1)], [(0.0, 3.0), (5, 24.0)], [(0.0, 29.0)]]","[[29.0], [4, 10.0], [2.0], [26.0], [3.0, 6.0], [3.0, 6, 1, 1], [3.0, 24.0], [29.0]]","[(0, 0.0, 0.0), (1, 15, 0.5172413793103449), (2, 27, 0.9310344827586207), (3, 3, 0.10344827586206896), (4, 20, 0.6896551724137931), (5, 18, 0.6206896551724138), (6, 2, 0.06896551724137931), (7, 0.0, 0.0)]","[(1, 15.0, 19.0, 0.7894736842105263, 0, 19), (2, 27.0, 27.0, 1.0, 0, 27), (3, 3.0, 3.0, 1.0, 0, 3), (4, 20.0, 20.0, 1.0, 3, 23), (5, 18.0, 26.0, 0.6923076923076923, 3, 29), (6, 2.0, 2.0, 1.0, 3, 5)]",85,2,0.28999996185302734,0.0
28,Experiment 1,Low Flexibility,9,18.0,"[[(0.0, 18.0)], [(15, 3.0)], [(6, 1), (16, 2.0)], [(15, 3.0)], [(0.0, 3.0), (17, 1.0)], [(0.0, 4.0)], [(0.0, 3.0), (5, 1), (8, 2)], [(0.0, 18.0)]]","[[18.0], [3.0], [1, 2.0], [3.0], [3.0, 1.0], [4.0], [3.0, 1, 2], [18.0]]","[(0, 0.0, 0.0), (1, 15, 0.8333333333333334), (2, 15, 0.8333333333333334), (3, 15, 0.8333333333333334), (4, 14, 0.7777777777777778), (5, 14, 0.7777777777777778), (6, 12, 0.6666666666666666), (7, 0.0, 0.0)]","[(1, 15.0, 15.0, 1.0, 0, 15), (2, 15.0, 16.0, 0.9375, 0, 16), (3, 15.0, 15.0, 1.0, 0, 15), (4, 14.0, 14.0, 1.0, 3, 17), (5, 14.0, 14.0, 1.0, 4, 18), (6, 12.0, 15.0, 0.8, 3, 18)]",85,2,2.9159998893737793,0.0
29,Experiment 1,High Flexibility,9,17.0,"[[(0.0, 17.0)], [(15, 2.0)], [(15, 2.0)], [(15, 2.0)], [(0.0, 3.0), (11, 2)], [(0.0, 3.0)], [(0.0, 3.0)], [(0.0, 17.0)]]","[[17.0], [2.0], [2.0], [2.0], [3.0, 2], [3.0], [3.0], [17.0]]","[(0, 0.0, 0.0), (1, 15, 0.8823529411764706), (2, 15, 0.8823529411764706), (3, 15, 0.8823529411764706), (4, 12, 0.7058823529411765), (5, 14, 0.8235294117647058), (6, 14, 0.8235294117647058), (7, 0.0, 0.0)]","[(1, 15.0, 15.0, 1.0, 0, 15), (2, 15.0, 15.0, 1.0, 0, 15), (3, 15.0, 15.0, 1.0, 0, 15), (4, 12.0, 14.0, 0.8571428571428571, 3, 17), (5, 14.0, 14.0, 1.0, 3, 17), (6, 14.0, 14.0, 1.0, 3, 17)]",85,2,11.453999996185303,0.0
30,Experiment 1,No Flexibility,10,29.0,"[[(0.0, 29.0)], [(27, 2.0)], [(10, 19.0)], [(3, 26.0)], [(0.0, 6.0), (8, 2), (12, 2), (26, 1)], [(0.0, 2.0), (14, 1), (23, 6.0)], [(0.0, 3.0), (5, 24.0)], [(0.0, 29.0)]]","[[29.0], [2.0], [19.0], [26.0], [6.0, 2, 2, 1], [2.0, 1, 6.0], [3.0, 24.0], [29.0]]","[(0, 0.0, 0.0), (1, 27, 0.9310344827586207), (2, 10, 0.3448275862068966), (3, 3, 0.10344827586206896), (4, 18, 0.6206896551724138), (5, 20, 0.6896551724137931), (6, 2, 0.06896551724137931), (7, 0.0, 0.0)]","[(1, 27.0, 27.0, 1.0, 0, 27), (2, 10.0, 10.0, 1.0, 0, 10), (3, 3.0, 3.0, 1.0, 0, 3), (4, 18.0, 23.0, 0.782608695652174, 6, 29), (5, 20.0, 21.0, 0.9523809523809523, 2, 23), (6, 2.0, 2.0, 1.0, 3, 5)]",80,2,0.24900007247924805,0.0
31,Experiment 1,Low Flexibility,10,17.0,"[[(0.0, 17.0)], [(15, 2.0)], [(14, 3.0)], [(6, 1), (12, 5.0)], [(0.0, 3.0), (5, 1), (8, 1)], [(0.0, 2.0), (16, 1.0)], [(0.0, 2.0), (16, 1.0)], [(0.0, 17.0)]]","[[17.0], [2.0], [3.0], [1, 5.0], [3.0, 1, 1], [2.0, 1.0], [2.0, 1.0], [17.0]]","[(0, 0.0, 0.0), (1, 15, 0.8823529411764706), (2, 14, 0.8235294117647058), (3, 11, 0.6470588235294118), (4, 12, 0.7058823529411765), (5, 14, 0.8235294117647058), (6, 14, 0.8235294117647058), (7, 0.0, 0.0)]","[(1, 15.0, 15.0, 1.0, 0, 15), (2, 14.0, 14.0, 1.0, 0, 14), (3, 11.0, 12.0, 0.9166666666666666, 0, 12), (4, 12.0, 14.0, 0.8571428571428571, 3, 17), (5, 14.0, 14.0, 1.0, 2, 16), (6, 14.0, 14.0, 1.0, 2, 16)]",80,2,1.7170000076293945,0.0
32,Experiment 1,High Flexibility,10,16.0,"[[(0.0, 16.0)], [(14, 2.0)], [(13, 3.0)], [(13, 3.0)], [(0.0, 2.0)], [(0.0, 3.0), (15, 1.0)], [(0.0, 2.0)], [(0.0, 16.0)]]","[[16.0], [2.0], [3.0], [3.0], [2.0], [3.0, 1.0], [2.0], [16.0]]","[(0, 0.0, 0.0), (1, 14, 0.875), (2, 13, 0.8125), (3, 13, 0.8125), (4, 14, 0.875), (5, 12, 0.75), (6, 14, 0.875), (7, 0.0, 0.0)]","[(1, 14.0, 14.0, 1.0, 0, 14), (2, 13.0, 13.0, 1.0, 0, 13), (3, 13.0, 13.0, 1.0, 0, 13), (4, 14.0, 14.0, 1.0, 2, 16), (5, 12.0, 12.0, 1.0, 3, 15), (6, 14.0, 14.0, 1.0, 2, 16)]",80,2,11.544000148773193,0.0
33,Experiment 1,No Flexibility,11,42.0,"[[(0.0, 42.0)], [(2, 40.0)], [(40, 2.0)], [(6, 1), (9, 33.0)], [(0.0, 2.0), (6, 36.0)], [(0.0, 12.0), (18, 2), (22, 5), (29, 1), (38, 2)], [(0.0, 2.0), (22, 20.0)], [(0.0, 42.0)]]","[[42.0], [40.0], [2.0], [1, 33.0], [2.0, 36.0], [12.0, 2, 5, 1, 2], [2.0, 20.0], [42.0]]","[(0, 0.0, 0.0), (1, 2, 0.047619047619047616), (2, 40, 0.9523809523809523), (3, 8, 0.19047619047619047), (4, 4, 0.09523809523809523), (5, 20, 0.47619047619047616), (6, 20, 0.47619047619047616), (7, 0.0, 0.0)]","[(1, 2.0, 2.0, 1.0, 0, 2), (2, 40.0, 40.0, 1.0, 0, 40), (3, 8.0, 9.0, 0.8888888888888888, 0, 9), (4, 4.0, 4.0, 1.0, 2, 6), (5, 20.0, 30.0, 0.6666666666666666, 12, 42), (6, 20.0, 20.0, 1.0, 2, 22)]",94,2,0.2690000534057617,0.0
34,Experiment 1,Low Flexibility,11,22.0,"[[(0.0, 22.0)], [(2, 1), (9, 1), (12, 10.0)], [(20, 2.0)], [(20, 2.0)], [(0.0, 2.0), (7, 1), (18, 4.0)], [(0.0, 5.0), (7, 1), (14, 2)], [(0.0, 5.0), (18, 2)], [(0.0, 22.0)]]","[[22.0], [1, 1, 10.0], [2.0], [2.0], [2.0, 1, 4.0], [5.0, 1, 2], [5.0, 2], [22.0]]","[(0, 0.0, 0.0), (1, 10, 0.45454545454545453), (2, 20, 0.9090909090909091), (3, 20, 0.9090909090909091), (4, 15, 0.6818181818181818), (5, 14, 0.6363636363636364), (6, 15, 0.6818181818181818), (7, 0.0, 0.0)]","[(1, 10.0, 12.0, 0.8333333333333334, 0, 12), (2, 20.0, 20.0, 1.0, 0, 20), (3, 20.0, 20.0, 1.0, 0, 20), (4, 15.0, 16.0, 0.9375, 2, 18), (5, 14.0, 17.0, 0.8235294117647058, 5, 22), (6, 15.0, 17.0, 0.8823529411764706, 5, 22)]",94,2,1.4079999923706055,0.0
35,Experiment 1,High Flexibility,11,20.0,"[[(0.0, 20.0)], [(18, 2.0)], [(6, 1), (15, 5.0)], [(18, 2.0)], [(0.0, 2.0), (7, 3)], [(0.0, 2.0), (11, 3)], [(0.0, 4.0), (8, 1), (14, 1)], [(0.0, 20.0)]]","[[20.0], [2.0], [1, 5.0], [2.0], [2.0, 3], [2.0, 3], [4.0, 1, 1], [20.0]]","[(0, 0.0, 0.0), (1, 18, 0.9), (2, 14, 0.7), (3, 18, 0.9), (4, 15, 0.75), (5, 15, 0.75), (6, 14, 0.7), (7, 0.0, 0.0)]","[(1, 18.0, 18.0, 1.0, 0, 18), (2, 14.0, 15.0, 0.9333333333333333, 0, 15), (3, 18.0, 18.0, 1.0, 0, 18), (4, 15.0, 18.0, 0.8333333333333334, 2, 20), (5, 15.0, 18.0, 0.8333333333333334, 2, 20), (6, 14.0, 16.0, 0.875, 4, 20)]",94,2,6.789000034332275,0.0
36,Experiment 1,No Flexibility,12,30.0,"[[(0.0, 30.0)], [(6, 24.0)], [(9, 21.0)], [(27, 3.0)], [(0.0, 2.0), (5, 1), (12, 18.0)], [(0.0, 3.0), (9, 6), (18, 12.0)], [(0.0, 3.0)], [(0.0, 30.0)]]","[[30.0], [24.0], [21.0], [3.0], [2.0, 1, 18.0], [3.0, 6, 12.0], [3.0], [30.0]]","[(0, 0.0, 0.0), (1, 6, 0.2), (2, 9, 0.3), (3, 27, 0.9), (4, 9, 0.3), (5, 9, 0.3), (6, 27, 0.9), (7, 0.0, 0.0)]","[(1, 6.0, 6.0, 1.0, 0, 6), (2, 9.0, 9.0, 1.0, 0, 9), (3, 27.0, 27.0, 1.0, 0, 27), (4, 9.0, 10.0, 0.9, 2, 12), (5, 9.0, 15.0, 0.6, 3, 18), (6, 27.0, 27.0, 1.0, 3, 30)]",87,2,0.11400008201599121,0.0
37,Experiment 1,Low Flexibility,12,18.0,"[[(0.0, 18.0)], [(14, 4.0)], [(11, 1), (14, 4.0)], [(15, 3.0)], [(0.0, 2.0), (17, 1.0)], [(0.0, 2.0), (17, 1.0)], [(0.0, 3.0)], [(0.0, 18.0)]]","[[18.0], [4.0], [1, 4.0], [3.0], [2.0, 1.0], [2.0, 1.0], [3.0], [18.0]]","[(0, 0.0, 0.0), (1, 14, 0.7777777777777778), (2, 13, 0.7222222222222222), (3, 15, 0.8333333333333334), (4, 15, 0.8333333333333334), (5, 15, 0.8333333333333334), (6, 15, 0.8333333333333334), (7, 0.0, 0.0)]","[(1, 14.0, 14.0, 1.0, 0, 14), (2, 13.0, 14.0, 0.9285714285714286, 0, 14), (3, 15.0, 15.0, 1.0, 0, 15), (4, 15.0, 15.0, 1.0, 2, 17), (5, 15.0, 15.0, 1.0, 2, 17), (6, 15.0, 15.0, 1.0, 3, 18)]",87,2,2.0310001373291016,0.0
38,Experiment 1,High Flexibility,12,17.0,"[[(0.0, 17.0)], [(14, 3.0)], [(14, 3.0)], [(14, 3.0)], [(0.0, 2.0)], [(0.0, 2.0)], [(0.0, 2.0)], [(0.0, 17.0)]]","[[17.0], [3.0], [3.0], [3.0], [2.0], [2.0], [2.0], [17.0]]","[(0, 0.0, 0.0), (1, 14, 0.8235294117647058), (2, 14, 0.8235294117647058), (3, 14, 0.8235294117647058), (4, 15, 0.8823529411764706), (5, 15, 0.8823529411764706), (6, 15, 0.8823529411764706), (7, 0.0, 0.0)]","[(1, 14.0, 14.0, 1.0, 0, 14), (2, 14.0, 14.0, 1.0, 0, 14), (3, 14.0, 14.0, 1.0, 0, 14), (4, 15.0, 15.0, 1.0, 2, 17), (5, 15.0, 15.0, 1.0, 2, 17), (6, 15.0, 15.0, 1.0, 2, 17)]",87,2,7.680999994277954,0.0
39,Experiment 1,No Flexibility,13,46.0,"[[(0.0, 46.0)], [(16, 3), (21, 6), (29, 11), (42, 4.0)], [(4, 4), (10, 36.0)], [(2, 44.0)], [(0.0, 2.0)], [(0.0, 2.0), (7, 1), (18, 28.0)], [(0.0, 4.0), (6, 40.0)], [(0.0, 46.0)]]","[[46.0], [3, 6, 11, 4.0], [4, 36.0], [44.0], [2.0], [2.0, 1, 28.0], [4.0, 40.0], [46.0]]","[(0, 0.0, 0.0), (1, 22, 0.4782608695652174), (2, 6, 0.13043478260869565), (3, 2, 0.043478260869565216), (4, 44, 0.9565217391304348), (5, 15, 0.32608695652173914), (6, 2, 0.043478260869565216), (7, 0.0, 0.0)]","[(1, 22.0, 42.0, 0.5238095238095238, 0, 42), (2, 6.0, 10.0, 0.6, 0, 10), (3, 2.0, 2.0, 1.0, 0, 2), (4, 44.0, 44.0, 1.0, 2, 46), (5, 15.0, 16.0, 0.9375, 2, 18), (6, 2.0, 2.0, 1.0, 4, 6)]",91,2,0.16100001335144043,0.0
40,Experiment 1,Low Flexibility,13,26.0,"[[(0.0, 26.0)], [(6, 1), (9, 2), (15, 11.0)], [(10, 16.0)], [(4, 2), (10, 16.0)], [(0.0, 2.0), (18, 2), (24, 2.0)], [(0.0, 2.0)], [(0.0, 2.0), (7, 1), (13, 1), (21, 5.0)], [(0.0, 26.0)]]","[[26.0], [1, 2, 11.0], [16.0], [2, 16.0], [2.0, 2, 2.0], [2.0], [2.0, 1, 1, 5.0], [26.0]]","[(0, 0.0, 0.0), (1, 12, 0.46153846153846156), (2, 10, 0.38461538461538464), (3, 8, 0.3076923076923077), (4, 20, 0.7692307692307693), (5, 24, 0.9230769230769231), (6, 17, 0.6538461538461539), (7, 0.0, 0.0)]","[(1, 12.0, 15.0, 0.8, 0, 15), (2, 10.0, 10.0, 1.0, 0, 10), (3, 8.0, 10.0, 0.8, 0, 10), (4, 20.0, 22.0, 0.9090909090909091, 2, 24), (5, 24.0, 24.0, 1.0, 2, 26), (6, 17.0, 19.0, 0.8947368421052632, 2, 21)]",91,2,0.7309999465942383,0.0
41,Experiment 1,High Flexibility,13,23.0,"[[(0.0, 23.0)], [(8, 9), (19, 4.0)], [(4, 2), (8, 3), (13, 10.0)], [(4, 1), (11, 1), (14, 9.0)], [(0.0, 2.0), (10, 1)], [(0.0, 2.0), (6, 1)], [(0.0, 2.0)], [(0.0, 23.0)]]","[[23.0], [9, 4.0], [2, 3, 10.0], [1, 1, 9.0], [2.0, 1], [2.0, 1], [2.0], [23.0]]","[(0, 0.0, 0.0), (1, 10, 0.43478260869565216), (2, 8, 0.34782608695652173), (3, 12, 0.5217391304347826), (4, 20, 0.8695652173913043), (5, 20, 0.8695652173913043), (6, 21, 0.9130434782608695), (7, 0.0, 0.0)]","[(1, 10.0, 19.0, 0.5263157894736842, 0, 19), (2, 8.0, 13.0, 0.6153846153846154, 0, 13), (3, 12.0, 14.0, 0.8571428571428571, 0, 14), (4, 20.0, 21.0, 0.9523809523809523, 2, 23), (5, 20.0, 21.0, 0.9523809523809523, 2, 23), (6, 21.0, 21.0, 1.0, 2, 23)]",91,2,10.448000192642212,0.0
42,Experiment 1,No Flexibility,14,19.0,"[[(0.0, 19.0)], [(15, 4.0)], [(12, 7.0)], [(16, 3.0)], [(0.0, 6.0), (10, 1), (15, 2)], [(0.0, 2.0), (12, 4), (18, 1.0)], [(0.0, 4.0), (7, 1), (11, 1), (15, 1)], [(0.0, 19.0)]]","[[19.0], [4.0], [7.0], [3.0], [6.0, 1, 2], [2.0, 4, 1.0], [4.0, 1, 1, 1], [19.0]]","[(0, 0.0, 0.0), (1, 15, 0.7894736842105263), (2, 12, 0.631578947368421), (3, 16, 0.8421052631578947), (4, 10, 0.5263157894736842), (5, 12, 0.631578947368421), (6, 12, 0.631578947368421), (7, 0.0, 0.0)]","[(1, 15.0, 15.0, 1.0, 0, 15), (2, 12.0, 12.0, 1.0, 0, 12), (3, 16.0, 16.0, 1.0, 0, 16), (4, 10.0, 13.0, 0.7692307692307693, 6, 19), (5, 12.0, 16.0, 0.75, 2, 18), (6, 12.0, 15.0, 0.8, 4, 19)]",77,2,0.16000008583068848,0.0
43,Experiment 1,Low Flexibility,14,17.0,"[[(0.0, 17.0)], [(11, 1), (15, 2.0)], [(15, 2.0)], [(14, 3.0)], [(0.0, 7.0)], [(0.0, 2.0), (14, 1)], [(0.0, 5.0), (8, 1), (16, 1.0)], [(0.0, 17.0)]]","[[17.0], [1, 2.0], [2.0], [3.0], [7.0], [2.0, 1], [5.0, 1, 1.0], [17.0]]","[(0, 0.0, 0.0), (1, 14, 0.8235294117647058), (2, 15, 0.8823529411764706), (3, 14, 0.8235294117647058), (4, 10, 0.5882352941176471), (5, 14, 0.8235294117647058), (6, 10, 0.5882352941176471), (7, 0.0, 0.0)]","[(1, 14.0, 15.0, 0.9333333333333333, 0, 15), (2, 15.0, 15.0, 1.0, 0, 15), (3, 14.0, 14.0, 1.0, 0, 14), (4, 10.0, 10.0, 1.0, 7, 17), (5, 14.0, 15.0, 0.9333333333333333, 2, 17), (6, 10.0, 11.0, 0.9090909090909091, 5, 16)]",77,2,4.18500018119812,0.0
44,Experiment 1,High Flexibility,14,17.0,"[[(0.0, 17.0)], [(13, 4.0)], [(15, 2.0)], [(15, 2.0)], [(0.0, 5.0), (7, 1)], [(0.0, 4.0)], [(0.0, 6.0), (12, 1)], [(0.0, 17.0)]]","[[17.0], [4.0], [2.0], [2.0], [5.0, 1], [4.0], [6.0, 1], [17.0]]","[(0, 0.0, 0.0), (1, 13, 0.7647058823529411), (2, 15, 0.8823529411764706), (3, 15, 0.8823529411764706), (4, 11, 0.6470588235294118), (5, 13, 0.7647058823529411), (6, 10, 0.5882352941176471), (7, 0.0, 0.0)]","[(1, 13.0, 13.0, 1.0, 0, 13), (2, 15.0, 15.0, 1.0, 0, 15), (3, 15.0, 15.0, 1.0, 0, 15), (4, 11.0, 12.0, 0.9166666666666666, 5, 17), (5, 13.0, 13.0, 1.0, 4, 17), (6, 10.0, 11.0, 0.9090909090909091, 6, 17)]",77,2,8.730999946594238,0.0
45,Experiment 1,No Flexibility,15,29.0,"[[(0.0, 29.0)], [(5, 24.0)], [(18, 11.0)], [(12, 1), (16, 13.0)], [(0.0, 5.0), (7, 22.0)], [(0.0, 2.0)], [(0.0, 7.0), (23, 2)], [(0.0, 29.0)]]","[[29.0], [24.0], [11.0], [1, 13.0], [5.0, 22.0], [2.0], [7.0, 2], [29.0]]","[(0, 0.0, 0.0), (1, 5, 0.1724137931034483), (2, 18, 0.6206896551724138), (3, 15, 0.5172413793103449), (4, 2, 0.06896551724137931), (5, 27, 0.9310344827586207), (6, 20, 0.6896551724137931), (7, 0.0, 0.0)]","[(1, 5.0, 5.0, 1.0, 0, 5), (2, 18.0, 18.0, 1.0, 0, 18), (3, 15.0, 16.0, 0.9375, 0, 16), (4, 2.0, 2.0, 1.0, 5, 7), (5, 27.0, 27.0, 1.0, 2, 29), (6, 20.0, 22.0, 0.9090909090909091, 7, 29)]",87,2,0.26999998092651367,0.0
46,Experiment 1,Low Flexibility,15,19.0,"[[(0.0, 19.0)], [(6, 2), (13, 6.0)], [(10, 1), (13, 6.0)], [(15, 4.0)], [(0.0, 3.0)], [(0.0, 2.0)], [(0.0, 2.0), (5, 1)], [(0.0, 19.0)]]","[[19.0], [2, 6.0], [1, 6.0], [4.0], [3.0], [2.0], [2.0, 1], [19.0]]","[(0, 0.0, 0.0), (1, 11, 0.5789473684210527), (2, 12, 0.631578947368421), (3, 15, 0.7894736842105263), (4, 16, 0.8421052631578947), (5, 17, 0.8947368421052632), (6, 16, 0.8421052631578947), (7, 0.0, 0.0)]","[(1, 11.0, 13.0, 0.8461538461538461, 0, 13), (2, 12.0, 13.0, 0.9230769230769231, 0, 13), (3, 15.0, 15.0, 1.0, 0, 15), (4, 16.0, 16.0, 1.0, 3, 19), (5, 17.0, 17.0, 1.0, 2, 19), (6, 16.0, 17.0, 0.9411764705882353, 2, 19)]",87,2,2.986999988555908,0.0
47,Experiment 1,High Flexibility,15,19.0,"[[(0.0, 19.0)], [(14, 5.0)], [(5, 2), (12, 7.0)], [(11, 1), (15, 4.0)], [(0.0, 2.0)], [(0.0, 2.0)], [(0.0, 3.0), (11, 1)], [(0.0, 19.0)]]","[[19.0], [5.0], [2, 7.0], [1, 4.0], [2.0], [2.0], [3.0, 1], [19.0]]","[(0, 0.0, 0.0), (1, 14, 0.7368421052631579), (2, 10, 0.5263157894736842), (3, 14, 0.7368421052631579), (4, 17, 0.8947368421052632), (5, 17, 0.8947368421052632), (6, 15, 0.7894736842105263), (7, 0.0, 0.0)]","[(1, 14.0, 14.0, 1.0, 0, 14), (2, 10.0, 12.0, 0.8333333333333334, 0, 12), (3, 14.0, 15.0, 0.9333333333333333, 0, 15), (4, 17.0, 17.0, 1.0, 2, 19), (5, 17.0, 17.0, 1.0, 2, 19), (6, 15.0, 16.0, 0.9375, 3, 19)]",87,2,11.734999895095825,0.0
48,Experiment 1,No Flexibility,16,37.0,"[[(0.0, 37.0)], [(8, 1), (11, 26.0)], [(6, 31.0)], [(35, 2.0)], [(0.0, 2.0), (22, 15.0)], [(0.0, 2.0), (17, 20.0)], [(0.0, 15.0), (17, 1), (20, 2), (24, 4), (32, 1)], [(0.0, 37.0)]]","[[37.0], [1, 26.0], [31.0], [2.0], [2.0, 15.0], [2.0, 20.0], [15.0, 1, 2, 4, 1], [37.0]]","[(0, 0.0, 0.0), (1, 10, 0.2702702702702703), (2, 6, 0.16216216216216217), (3, 35, 0.9459459459459459), (4, 20, 0.5405405405405406), (5, 15, 0.40540540540540543), (6, 14, 0.3783783783783784), (7, 0.0, 0.0)]","[(1, 10.0, 11.0, 0.9090909090909091, 0, 11), (2, 6.0, 6.0, 1.0, 0, 6), (3, 35.0, 35.0, 1.0, 0, 35), (4, 20.0, 20.0, 1.0, 2, 22), (5, 15.0, 15.0, 1.0, 2, 17), (6, 14.0, 22.0, 0.6363636363636364, 15, 37)]",100,2,0.1809999942779541,0.0
49,Experiment 1,Low Flexibility,16,22.0,"[[(0.0, 22.0)], [(7, 1), (18, 4.0)], [(14, 8.0)], [(20, 2.0)], [(0.0, 2.0), (6, 1), (9, 2), (17, 3)], [(0.0, 2.0), (11, 2), (17, 1)], [(0.0, 4.0)], [(0.0, 22.0)]]","[[22.0], [1, 4.0], [8.0], [2.0], [2.0, 1, 2, 3], [2.0, 2, 1], [4.0], [22.0]]","[(0, 0.0, 0.0), (1, 17, 0.7727272727272727), (2, 14, 0.6363636363636364), (3, 20, 0.9090909090909091), (4, 14, 0.6363636363636364), (5, 17, 0.7727272727272727), (6, 18, 0.8181818181818182), (7, 0.0, 0.0)]","[(1, 17.0, 18.0, 0.9444444444444444, 0, 18), (2, 14.0, 14.0, 1.0, 0, 14), (3, 20.0, 20.0, 1.0, 0, 20), (4, 14.0, 20.0, 0.7, 2, 22), (5, 17.0, 20.0, 0.85, 2, 22), (6, 18.0, 18.0, 1.0, 4, 22)]",100,2,2.322999954223633,0.0
50,Experiment 1,High Flexibility,16,19.0,"[[(0.0, 19.0)], [(17, 2.0)], [(17, 2.0)], [(17, 2.0)], [(0.0, 4.0)], [(0.0, 2.0)], [(0.0, 2.0)], [(0.0, 19.0)]]","[[19.0], [2.0], [2.0], [2.0], [4.0], [2.0], [2.0], [19.0]]","[(0, 0.0, 0.0), (1, 17, 0.8947368421052632), (2, 17, 0.8947368421052632), (3, 17, 0.8947368421052632), (4, 15, 0.7894736842105263), (5, 17, 0.8947368421052632), (6, 17, 0.8947368421052632), (7, 0.0, 0.0)]","[(1, 17.0, 17.0, 1.0, 0, 17), (2, 17.0, 17.0, 1.0, 0, 17), (3, 17.0, 17.0, 1.0, 0, 17), (4, 15.0, 15.0, 1.0, 4, 19), (5, 17.0, 17.0, 1.0, 2, 19), (6, 17.0, 17.0, 1.0, 2, 19)]",100,2,15.608999967575073,0.0
51,Experiment 1,No Flexibility,17,34.0,"[[(0.0, 34.0)], [(10, 2), (18, 16.0)], [(12, 22.0)], [(4, 4), (10, 24.0)], [(0.0, 2.0)], [(0.0, 3.0), (7, 2), (17, 1), (22, 12.0)], [(0.0, 6.0), (14, 6), (24, 10.0)], [(0.0, 34.0)]]","[[34.0], [2, 16.0], [22.0], [4, 24.0], [2.0], [3.0, 2, 1, 12.0], [6.0, 6, 10.0], [34.0]]","[(0, 0.0, 0.0), (1, 16, 0.47058823529411764), (2, 12, 0.35294117647058826), (3, 6, 0.17647058823529413), (4, 32, 0.9411764705882353), (5, 16, 0.47058823529411764), (6, 12, 0.35294117647058826), (7, 0.0, 0.0)]","[(1, 16.0, 18.0, 0.8888888888888888, 0, 18), (2, 12.0, 12.0, 1.0, 0, 12), (3, 6.0, 10.0, 0.6, 0, 10), (4, 32.0, 32.0, 1.0, 2, 34), (5, 16.0, 19.0, 0.8421052631578947, 3, 22), (6, 12.0, 18.0, 0.6666666666666666, 6, 24)]",94,2,0.17400002479553223,0.0
52,Experiment 1,Low Flexibility,17,22.0,"[[(0.0, 22.0)], [(6, 1), (9, 3), (14, 8.0)], [(5, 1), (12, 2), (16, 6.0)], [(11, 11.0)], [(0.0, 2.0)], [(0.0, 2.0)], [(0.0, 2.0)], [(0.0, 22.0)]]","[[22.0], [1, 3, 8.0], [1, 2, 6.0], [11.0], [2.0], [2.0], [2.0], [22.0]]","[(0, 0.0, 0.0), (1, 10, 0.45454545454545453), (2, 13, 0.5909090909090909), (3, 11, 0.5), (4, 20, 0.9090909090909091), (5, 20, 0.9090909090909091), (6, 20, 0.9090909090909091), (7, 0.0, 0.0)]","[(1, 10.0, 14.0, 0.7142857142857143, 0, 14), (2, 13.0, 16.0, 0.8125, 0, 16), (3, 11.0, 11.0, 1.0, 0, 11), (4, 20.0, 20.0, 1.0, 2, 22), (5, 20.0, 20.0, 1.0, 2, 22), (6, 20.0, 20.0, 1.0, 2, 22)]",94,2,1.7940001487731934,0.0
53,Experiment 1,High Flexibility,17,22.0,"[[(0.0, 22.0)], [(10, 2), (14, 8.0)], [(4, 3), (10, 12.0)], [(15, 7.0)], [(0.0, 2.0)], [(0.0, 2.0)], [(0.0, 2.0)], [(0.0, 22.0)]]","[[22.0], [2, 8.0], [3, 12.0], [7.0], [2.0], [2.0], [2.0], [22.0]]","[(0, 0.0, 0.0), (1, 12, 0.5454545454545454), (2, 7, 0.3181818181818182), (3, 15, 0.6818181818181818), (4, 20, 0.9090909090909091), (5, 20, 0.9090909090909091), (6, 20, 0.9090909090909091), (7, 0.0, 0.0)]","[(1, 12.0, 14.0, 0.8571428571428571, 0, 14), (2, 7.0, 10.0, 0.7, 0, 10), (3, 15.0, 15.0, 1.0, 0, 15), (4, 20.0, 20.0, 1.0, 2, 22), (5, 20.0, 20.0, 1.0, 2, 22), (6, 20.0, 20.0, 1.0, 2, 22)]",94,2,8.521000146865845,0.0
54,Experiment 1,No Flexibility,18,47.0,"[[(0.0, 47.0)], [(6, 41.0)], [(6, 41.0)], [(45, 2.0)], [(0.0, 2.0), (11, 36.0)], [(0.0, 2.0), (8, 39.0)], [(0.0, 5.0), (7, 3), (12, 9), (23, 1), (26, 4), (32, 1), (35, 1), (38, 5)], [(0.0, 47.0)]]","[[47.0], [41.0], [41.0], [2.0], [2.0, 36.0], [2.0, 39.0], [5.0, 3, 9, 1, 4, 1, 1, 5], [47.0]]","[(0, 0.0, 0.0), (1, 6, 0.1276595744680851), (2, 6, 0.1276595744680851), (3, 45, 0.9574468085106383), (4, 9, 0.19148936170212766), (5, 6, 0.1276595744680851), (6, 18, 0.3829787234042553), (7, 0.0, 0.0)]","[(1, 6.0, 6.0, 1.0, 0, 6), (2, 6.0, 6.0, 1.0, 0, 6), (3, 45.0, 45.0, 1.0, 0, 45), (4, 9.0, 9.0, 1.0, 2, 11), (5, 6.0, 6.0, 1.0, 2, 8), (6, 18.0, 42.0, 0.42857142857142855, 5, 47)]",90,2,0.1400001049041748,0.0
55,Experiment 1,Low Flexibility,18,27.0,"[[(0.0, 27.0)], [(20, 7.0)], [(12, 15.0)], [(25, 2.0)], [(0.0, 5.0), (7, 1), (11, 5), (22, 3)], [(0.0, 4.0), (6, 1), (13, 1), (16, 11.0)], [(0.0, 5.0), (7, 1), (10, 1), (13, 2), (17, 4), (23, 4.0)], [(0.0, 27.0)]]","[[27.0], [7.0], [15.0], [2.0], [5.0, 1, 5, 3], [4.0, 1, 1, 11.0], [5.0, 1, 1, 2, 4, 4.0], [27.0]]","[(0, 0.0, 0.0), (1, 20, 0.7407407407407407), (2, 12, 0.4444444444444444), (3, 25, 0.9259259259259259), (4, 13, 0.48148148148148145), (5, 10, 0.37037037037037035), (6, 10, 0.37037037037037035), (7, 0.0, 0.0)]","[(1, 20.0, 20.0, 1.0, 0, 20), (2, 12.0, 12.0, 1.0, 0, 12), (3, 25.0, 25.0, 1.0, 0, 25), (4, 13.0, 22.0, 0.5909090909090909, 5, 27), (5, 10.0, 12.0, 0.8333333333333334, 4, 16), (6, 10.0, 18.0, 0.5555555555555556, 5, 23)]",90,2,0.7100000381469727,0.0
56,Experiment 1,High Flexibility,18,21.0,"[[(0.0, 21.0)], [(19, 2.0)], [(19, 2.0)], [(19, 2.0)], [(0.0, 8.0), (10, 2), (15, 2)], [(0.0, 6.0), (8, 3), (18, 1)], [(0.0, 5.0), (7, 3)], [(0.0, 21.0)]]","[[21.0], [2.0], [2.0], [2.0], [8.0, 2, 2], [6.0, 3, 1], [5.0, 3], [21.0]]","[(0, 0.0, 0.0), (1, 19, 0.9047619047619048), (2, 19, 0.9047619047619048), (3, 19, 0.9047619047619048), (4, 9, 0.42857142857142855), (5, 11, 0.5238095238095238), (6, 13, 0.6190476190476191), (7, 0.0, 0.0)]","[(1, 19.0, 19.0, 1.0, 0, 19), (2, 19.0, 19.0, 1.0, 0, 19), (3, 19.0, 19.0, 1.0, 0, 19), (4, 9.0, 13.0, 0.6923076923076923, 8, 21), (5, 11.0, 15.0, 0.7333333333333333, 6, 21), (6, 13.0, 16.0, 0.8125, 5, 21)]",90,2,11.151999950408936,0.0
57,Experiment 1,No Flexibility,19,26.0,"[[(0.0, 26.0)], [(20, 6.0)], [(4, 22.0)], [(24, 2.0)], [(0.0, 4.0), (7, 2), (12, 2), (23, 3.0)], [(0.0, 2.0), (7, 1), (13, 13.0)], [(0.0, 6.0), (8, 3), (17, 1)], [(0.0, 26.0)]]","[[26.0], [6.0], [22.0], [2.0], [4.0, 2, 2, 3.0], [2.0, 1, 13.0], [6.0, 3, 1], [26.0]]","[(0, 0.0, 0.0), (1, 20, 0.7692307692307693), (2, 4, 0.15384615384615385), (3, 24, 0.9230769230769231), (4, 15, 0.5769230769230769), (5, 10, 0.38461538461538464), (6, 16, 0.6153846153846154), (7, 0.0, 0.0)]","[(1, 20.0, 20.0, 1.0, 0, 20), (2, 4.0, 4.0, 1.0, 0, 4), (3, 24.0, 24.0, 1.0, 0, 24), (4, 15.0, 19.0, 0.7894736842105263, 4, 23), (5, 10.0, 11.0, 0.9090909090909091, 2, 13), (6, 16.0, 20.0, 0.8, 6, 26)]",89,2,0.31799983978271484,0.0
58,Experiment 1,Low Flexibility,19,19.0,"[[(0.0, 19.0)], [(17, 2.0)], [(16, 3.0)], [(15, 4.0)], [(0.0, 6.0)], [(0.0, 2.0), (15, 1)], [(0.0, 3.0), (5, 3), (14, 1)], [(0.0, 19.0)]]","[[19.0], [2.0], [3.0], [4.0], [6.0], [2.0, 1], [3.0, 3, 1], [19.0]]","[(0, 0.0, 0.0), (1, 17, 0.8947368421052632), (2, 16, 0.8421052631578947), (3, 15, 0.7894736842105263), (4, 13, 0.6842105263157895), (5, 16, 0.8421052631578947), (6, 12, 0.631578947368421), (7, 0.0, 0.0)]","[(1, 17.0, 17.0, 1.0, 0, 17), (2, 16.0, 16.0, 1.0, 0, 16), (3, 15.0, 15.0, 1.0, 0, 15), (4, 13.0, 13.0, 1.0, 6, 19), (5, 16.0, 17.0, 0.9411764705882353, 2, 19), (6, 12.0, 16.0, 0.75, 3, 19)]",89,2,4.937999963760376,0.0
59,Experiment 1,High Flexibility,19,18.0,"[[(0.0, 18.0)], [(16, 2.0)], [(16, 2.0)], [(16, 2.0)], [(0.0, 3.0), (15, 1)], [(0.0, 2.0), (7, 1), (11, 1)], [(0.0, 4.0), (6, 1)], [(0.0, 18.0)]]","[[18.0], [2.0], [2.0], [2.0], [3.0, 1], [2.0, 1, 1], [4.0, 1], [18.0]]","[(0, 0.0, 0.0), (1, 16, 0.8888888888888888), (2, 16, 0.8888888888888888), (3, 16, 0.8888888888888888), (4, 14, 0.7777777777777778), (5, 14, 0.7777777777777778), (6, 13, 0.7222222222222222), (7, 0.0, 0.0)]","[(1, 16.0, 16.0, 1.0, 0, 16), (2, 16.0, 16.0, 1.0, 0, 16), (3, 16.0, 16.0, 1.0, 0, 16), (4, 14.0, 15.0, 0.9333333333333333, 3, 18), (5, 14.0, 16.0, 0.875, 2, 18), (6, 13.0, 14.0, 0.9285714285714286, 4, 18)]",89,2,15.03499984741211,0.0
60,Experiment 1,No Flexibility,20,27.0,"[[(0.0, 27.0)], [(24, 3.0)], [(6, 21.0)], [(24, 3.0)], [(0.0, 8.0), (10, 2), (16, 2), (22, 2), (26, 1.0)], [(0.0, 2.0), (14, 13.0)], [(0.0, 4.0), (7, 2), (12, 1), (16, 1), (23, 1)], [(0.0, 27.0)]]","[[27.0], [3.0], [21.0], [3.0], [8.0, 2, 2, 2, 1.0], [2.0, 13.0], [4.0, 2, 1, 1, 1], [27.0]]","[(0, 0.0, 0.0), (1, 24, 0.8888888888888888), (2, 6, 0.2222222222222222), (3, 24, 0.8888888888888888), (4, 12, 0.4444444444444444), (5, 12, 0.4444444444444444), (6, 18, 0.6666666666666666), (7, 0.0, 0.0)]","[(1, 24.0, 24.0, 1.0, 0, 24), (2, 6.0, 6.0, 1.0, 0, 6), (3, 24.0, 24.0, 1.0, 0, 24), (4, 12.0, 18.0, 0.6666666666666666, 8, 26), (5, 12.0, 12.0, 1.0, 2, 14), (6, 18.0, 23.0, 0.782608695652174, 4, 27)]",96,2,0.2590000629425049,0.0
61,Experiment 1,Low Flexibility,20,22.0,"[[(0.0, 22.0)], [(16, 6.0)], [(20, 2.0)], [(18, 4.0)], [(0.0, 4.0), (10, 2), (18, 2)], [(0.0, 2.0), (10, 2), (20, 2.0)], [(0.0, 8.0), (17, 1), (21, 1.0)], [(0.0, 22.0)]]","[[22.0], [6.0], [2.0], [4.0], [4.0, 2, 2], [2.0, 2, 2.0], [8.0, 1, 1.0], [22.0]]","[(0, 0.0, 0.0), (1, 16, 0.7272727272727273), (2, 20, 0.9090909090909091), (3, 18, 0.8181818181818182), (4, 14, 0.6363636363636364), (5, 16, 0.7272727272727273), (6, 12, 0.5454545454545454), (7, 0.0, 0.0)]","[(1, 16.0, 16.0, 1.0, 0, 16), (2, 20.0, 20.0, 1.0, 0, 20), (3, 18.0, 18.0, 1.0, 0, 18), (4, 14.0, 18.0, 0.7777777777777778, 4, 22), (5, 16.0, 18.0, 0.8888888888888888, 2, 20), (6, 12.0, 13.0, 0.9230769230769231, 8, 21)]",96,2,2.5900001525878906,0.0
62,Experiment 1,High Flexibility,20,20.0,"[[(0.0, 20.0)], [(18, 2.0)], [(18, 2.0)], [(18, 2.0)], [(0.0, 6.0), (10, 1)], [(0.0, 4.0), (6, 1), (11, 1)], [(0.0, 2.0), (9, 1), (13, 1), (17, 1)], [(0.0, 20.0)]]","[[20.0], [2.0], [2.0], [2.0], [6.0, 1], [4.0, 1, 1], [2.0, 1, 1, 1], [20.0]]","[(0, 0.0, 0.0), (1, 18, 0.9), (2, 18, 0.9), (3, 18, 0.9), (4, 13, 0.65), (5, 14, 0.7), (6, 15, 0.75), (7, 0.0, 0.0)]","[(1, 18.0, 18.0, 1.0, 0, 18), (2, 18.0, 18.0, 1.0, 0, 18), (3, 18.0, 18.0, 1.0, 0, 18), (4, 13.0, 14.0, 0.9285714285714286, 6, 20), (5, 14.0, 16.0, 0.875, 4, 20), (6, 15.0, 18.0, 0.8333333333333334, 2, 20)]",96,2,14.08400011062622,0.0
63,Experiment 1,No Flexibility,21,32.0,"[[(0.0, 32.0)], [(6, 2), (12, 2), (16, 16.0)], [(12, 20.0)], [(16, 2), (22, 3), (29, 3.0)], [(0.0, 2.0)], [(0.0, 4.0), (7, 4), (14, 6), (23, 9.0)], [(0.0, 11.0), (14, 1), (18, 1), (28, 1)], [(0.0, 32.0)]]","[[32.0], [2, 2, 16.0], [20.0], [2, 3, 3.0], [2.0], [4.0, 4, 6, 9.0], [11.0, 1, 1, 1], [32.0]]","[(0, 0.0, 0.0), (1, 12, 0.375), (2, 12, 0.375), (3, 24, 0.75), (4, 30, 0.9375), (5, 9, 0.28125), (6, 18, 0.5625), (7, 0.0, 0.0)]","[(1, 12.0, 16.0, 0.75, 0, 16), (2, 12.0, 12.0, 1.0, 0, 12), (3, 24.0, 29.0, 0.8275862068965517, 0, 29), (4, 30.0, 30.0, 1.0, 2, 32), (5, 9.0, 19.0, 0.47368421052631576, 4, 23), (6, 18.0, 21.0, 0.8571428571428571, 11, 32)]",105,2,0.3690001964569092,0.0
64,Experiment 1,Low Flexibility,21,22.0,"[[(0.0, 22.0)], [(18, 4.0)], [(14, 8.0)], [(4, 1), (17, 5.0)], [(0.0, 2.0), (18, 1)], [(0.0, 2.0)], [(0.0, 4.0)], [(0.0, 22.0)]]","[[22.0], [4.0], [8.0], [1, 5.0], [2.0, 1], [2.0], [4.0], [22.0]]","[(0, 0.0, 0.0), (1, 18, 0.8181818181818182), (2, 14, 0.6363636363636364), (3, 16, 0.7272727272727273), (4, 19, 0.8636363636363636), (5, 20, 0.9090909090909091), (6, 18, 0.8181818181818182), (7, 0.0, 0.0)]","[(1, 18.0, 18.0, 1.0, 0, 18), (2, 14.0, 14.0, 1.0, 0, 14), (3, 16.0, 17.0, 0.9411764705882353, 0, 17), (4, 19.0, 20.0, 0.95, 2, 22), (5, 20.0, 20.0, 1.0, 2, 22), (6, 18.0, 18.0, 1.0, 4, 22)]",105,2,2.5149998664855957,0.0
65,Experiment 1,High Flexibility,21,21.0,"[[(0.0, 21.0)], [(16, 5.0)], [(16, 5.0)], [(12, 2), (18, 3.0)], [(0.0, 2.0)], [(0.0, 2.0)], [(0.0, 2.0)], [(0.0, 21.0)]]","[[21.0], [5.0], [5.0], [2, 3.0], [2.0], [2.0], [2.0], [21.0]]","[(0, 0.0, 0.0), (1, 16, 0.7619047619047619), (2, 16, 0.7619047619047619), (3, 16, 0.7619047619047619), (4, 19, 0.9047619047619048), (5, 19, 0.9047619047619048), (6, 19, 0.9047619047619048), (7, 0.0, 0.0)]","[(1, 16.0, 16.0, 1.0, 0, 16), (2, 16.0, 16.0, 1.0, 0, 16), (3, 16.0, 18.0, 0.8888888888888888, 0, 18), (4, 19.0, 19.0, 1.0, 2, 21), (5, 19.0, 19.0, 1.0, 2, 21), (6, 19.0, 19.0, 1.0, 2, 21)]",105,2,11.221999883651733,0.0
66,Experiment 1,No Flexibility,22,37.0,"[[(0.0, 37.0)], [(6, 1), (9, 6), (17, 2), (21, 2), (25, 12.0)], [(10, 2), (14, 1), (17, 20.0)], [(2, 35.0)], [(0.0, 2.0)], [(0.0, 2.0), (22, 1), (31, 6.0)], [(0.0, 4.0), (6, 31.0)], [(0.0, 37.0)]]","[[37.0], [1, 6, 2, 2, 12.0], [2, 1, 20.0], [35.0], [2.0], [2.0, 1, 6.0], [4.0, 31.0], [37.0]]","[(0, 0.0, 0.0), (1, 14, 0.3783783783783784), (2, 14, 0.3783783783783784), (3, 2, 0.05405405405405406), (4, 35, 0.9459459459459459), (5, 28, 0.7567567567567568), (6, 2, 0.05405405405405406), (7, 0.0, 0.0)]","[(1, 14.0, 25.0, 0.56, 0, 25), (2, 14.0, 17.0, 0.8235294117647058, 0, 17), (3, 2.0, 2.0, 1.0, 0, 2), (4, 35.0, 35.0, 1.0, 2, 37), (5, 28.0, 29.0, 0.9655172413793104, 2, 31), (6, 2.0, 2.0, 1.0, 4, 6)]",95,2,0.18499994277954102,0.0
67,Experiment 1,Low Flexibility,22,25.0,"[[(0.0, 25.0)], [(6, 3), (11, 14.0)], [(4, 3), (13, 12.0)], [(10, 4), (16, 9.0)], [(0.0, 2.0), (12, 1), (23, 2.0)], [(0.0, 2.0)], [(0.0, 2.0), (24, 1.0)], [(0.0, 25.0)]]","[[25.0], [3, 14.0], [3, 12.0], [4, 9.0], [2.0, 1, 2.0], [2.0], [2.0, 1.0], [25.0]]","[(0, 0.0, 0.0), (1, 8, 0.32), (2, 10, 0.4), (3, 12, 0.48), (4, 20, 0.8), (5, 23, 0.92), (6, 22, 0.88), (7, 0.0, 0.0)]","[(1, 8.0, 11.0, 0.7272727272727273, 0, 11), (2, 10.0, 13.0, 0.7692307692307693, 0, 13), (3, 12.0, 16.0, 0.75, 0, 16), (4, 20.0, 21.0, 0.9523809523809523, 2, 23), (5, 23.0, 23.0, 1.0, 2, 25), (6, 22.0, 22.0, 1.0, 2, 24)]",95,2,1.3220000267028809,0.0
68,Experiment 1,High Flexibility,22,24.0,"[[(0.0, 24.0)], [(4, 1), (7, 2), (11, 13.0)], [(10, 14.0)], [(6, 1), (9, 3), (14, 3), (19, 5.0)], [(0.0, 2.0), (23, 1.0)], [(0.0, 2.0)], [(0.0, 2.0)], [(0.0, 24.0)]]","[[24.0], [1, 2, 13.0], [14.0], [1, 3, 3, 5.0], [2.0, 1.0], [2.0], [2.0], [24.0]]","[(0, 0.0, 0.0), (1, 8, 0.3333333333333333), (2, 10, 0.4166666666666667), (3, 12, 0.5), (4, 21, 0.875), (5, 22, 0.9166666666666666), (6, 22, 0.9166666666666666), (7, 0.0, 0.0)]","[(1, 8.0, 11.0, 0.7272727272727273, 0, 11), (2, 10.0, 10.0, 1.0, 0, 10), (3, 12.0, 19.0, 0.631578947368421, 0, 19), (4, 21.0, 21.0, 1.0, 2, 23), (5, 22.0, 22.0, 1.0, 2, 24), (6, 22.0, 22.0, 1.0, 2, 24)]",95,2,8.294999837875366,0.0
69,Experiment 1,No Flexibility,23,35.0,"[[(0.0, 35.0)], [(3, 32.0)], [(12, 23.0)], [(14, 1), (21, 6), (29, 6.0)], [(0.0, 3.0), (6, 29.0)], [(0.0, 4.0), (6, 6), (16, 19.0)], [(0.0, 2.0)], [(0.0, 35.0)]]","[[35.0], [32.0], [23.0], [1, 6, 6.0], [3.0, 29.0], [4.0, 6, 19.0], [2.0], [35.0]]","[(0, 0.0, 0.0), (1, 3, 0.08571428571428572), (2, 12, 0.34285714285714286), (3, 22, 0.6285714285714286), (4, 3, 0.08571428571428572), (5, 6, 0.17142857142857143), (6, 33, 0.9428571428571428), (7, 0.0, 0.0)]","[(1, 3.0, 3.0, 1.0, 0, 3), (2, 12.0, 12.0, 1.0, 0, 12), (3, 22.0, 29.0, 0.7586206896551724, 0, 29), (4, 3.0, 3.0, 1.0, 3, 6), (5, 6.0, 12.0, 0.5, 4, 16), (6, 33.0, 33.0, 1.0, 2, 35)]",79,2,0.24200010299682617,0.0
70,Experiment 1,Low Flexibility,23,20.0,"[[(0.0, 20.0)], [(12, 8.0)], [(7, 2), (13, 7.0)], [(8, 1), (15, 5.0)], [(0.0, 2.0)], [(0.0, 5.0), (10, 4), (16, 4.0)], [(0.0, 2.0), (10, 1)], [(0.0, 20.0)]]","[[20.0], [8.0], [2, 7.0], [1, 5.0], [2.0], [5.0, 4, 4.0], [2.0, 1], [20.0]]","[(0, 0.0, 0.0), (1, 12, 0.6), (2, 11, 0.55), (3, 14, 0.7), (4, 18, 0.9), (5, 7, 0.35), (6, 17, 0.85), (7, 0.0, 0.0)]","[(1, 12.0, 12.0, 1.0, 0, 12), (2, 11.0, 13.0, 0.8461538461538461, 0, 13), (3, 14.0, 15.0, 0.9333333333333333, 0, 15), (4, 18.0, 18.0, 1.0, 2, 20), (5, 7.0, 11.0, 0.6363636363636364, 5, 16), (6, 17.0, 18.0, 0.9444444444444444, 2, 20)]",79,2,0.8570001125335693,0.0
71,Experiment 1,High Flexibility,23,16.0,"[[(0.0, 16.0)], [(13, 3.0)], [(8, 2), (14, 2.0)], [(6, 1), (13, 3.0)], [(0.0, 2.0)], [(0.0, 2.0)], [(0.0, 2.0)], [(0.0, 16.0)]]","[[16.0], [3.0], [2, 2.0], [1, 3.0], [2.0], [2.0], [2.0], [16.0]]","[(0, 0.0, 0.0), (1, 13, 0.8125), (2, 12, 0.75), (3, 12, 0.75), (4, 14, 0.875), (5, 14, 0.875), (6, 14, 0.875), (7, 0.0, 0.0)]","[(1, 13.0, 13.0, 1.0, 0, 13), (2, 12.0, 14.0, 0.8571428571428571, 0, 14), (3, 12.0, 13.0, 0.9230769230769231, 0, 13), (4, 14.0, 14.0, 1.0, 2, 16), (5, 14.0, 14.0, 1.0, 2, 16), (6, 14.0, 14.0, 1.0, 2, 16)]",79,2,6.171000003814697,0.0
72,Experiment 1,No Flexibility,24,41.0,"[[(0.0, 41.0)], [(26, 15.0)], [(3, 38.0)], [(4, 37.0)], [(0.0, 2.0)], [(0.0, 3.0), (6, 35.0)], [(0.0, 4.0), (6, 35.0)], [(0.0, 41.0)]]","[[41.0], [15.0], [38.0], [37.0], [2.0], [3.0, 35.0], [4.0, 35.0], [41.0]]","[(0, 0.0, 0.0), (1, 26, 0.6341463414634146), (2, 3, 0.07317073170731707), (3, 4, 0.0975609756097561), (4, 39, 0.9512195121951219), (5, 3, 0.07317073170731707), (6, 2, 0.04878048780487805), (7, 0.0, 0.0)]","[(1, 26.0, 26.0, 1.0, 0, 26), (2, 3.0, 3.0, 1.0, 0, 3), (3, 4.0, 4.0, 1.0, 0, 4), (4, 39.0, 39.0, 1.0, 2, 41), (5, 3.0, 3.0, 1.0, 3, 6), (6, 2.0, 2.0, 1.0, 4, 6)]",77,2,0.21300005912780762,0.0
73,Experiment 1,Low Flexibility,24,23.0,"[[(0.0, 23.0)], [(12, 1), (15, 8.0)], [(4, 1), (11, 1), (14, 9.0)], [(3, 1), (8, 15.0)], [(0.0, 2.0), (14, 1), (21, 2.0)], [(0.0, 2.0)], [(0.0, 3.0), (6, 3), (11, 12.0)], [(0.0, 23.0)]]","[[23.0], [1, 8.0], [1, 1, 9.0], [1, 15.0], [2.0, 1, 2.0], [2.0], [3.0, 3, 12.0], [23.0]]","[(0, 0.0, 0.0), (1, 14, 0.6086956521739131), (2, 12, 0.5217391304347826), (3, 7, 0.30434782608695654), (4, 18, 0.782608695652174), (5, 21, 0.9130434782608695), (6, 5, 0.21739130434782608), (7, 0.0, 0.0)]","[(1, 14.0, 15.0, 0.9333333333333333, 0, 15), (2, 12.0, 14.0, 0.8571428571428571, 0, 14), (3, 7.0, 8.0, 0.875, 0, 8), (4, 18.0, 19.0, 0.9473684210526315, 2, 21), (5, 21.0, 21.0, 1.0, 2, 23), (6, 5.0, 8.0, 0.625, 3, 11)]",77,2,0.6659998893737793,0.0
74,Experiment 1,High Flexibility,24,17.0,"[[(0.0, 17.0)], [(4, 1), (7, 1), (10, 7.0)], [(11, 6.0)], [(10, 1), (15, 2.0)], [(0.0, 2.0)], [(0.0, 2.0)], [(0.0, 2.0), (5, 1)], [(0.0, 17.0)]]","[[17.0], [1, 1, 7.0], [6.0], [1, 2.0], [2.0], [2.0], [2.0, 1], [17.0]]","[(0, 0.0, 0.0), (1, 8, 0.47058823529411764), (2, 11, 0.6470588235294118), (3, 14, 0.8235294117647058), (4, 15, 0.8823529411764706), (5, 15, 0.8823529411764706), (6, 14, 0.8235294117647058), (7, 0.0, 0.0)]","[(1, 8.0, 10.0, 0.8, 0, 10), (2, 11.0, 11.0, 1.0, 0, 11), (3, 14.0, 15.0, 0.9333333333333333, 0, 15), (4, 15.0, 15.0, 1.0, 2, 17), (5, 15.0, 15.0, 1.0, 2, 17), (6, 14.0, 15.0, 0.9333333333333333, 2, 17)]",77,2,6.651000022888184,0.0
75,Experiment 1,No Flexibility,25,21.0,"[[(0.0, 21.0)], [(18, 3.0)], [(8, 2), (14, 7.0)], [(9, 12.0)], [(0.0, 3.0)], [(0.0, 2.0), (4, 2), (14, 4), (20, 1.0)], [(0.0, 5.0), (7, 1), (10, 1), (13, 8.0)], [(0.0, 21.0)]]","[[21.0], [3.0], [2, 7.0], [12.0], [3.0], [2.0, 2, 4, 1.0], [5.0, 1, 1, 8.0], [21.0]]","[(0, 0.0, 0.0), (1, 18, 0.8571428571428571), (2, 12, 0.5714285714285714), (3, 9, 0.42857142857142855), (4, 18, 0.8571428571428571), (5, 12, 0.5714285714285714), (6, 6, 0.2857142857142857), (7, 0.0, 0.0)]","[(1, 18.0, 18.0, 1.0, 0, 18), (2, 12.0, 14.0, 0.8571428571428571, 0, 14), (3, 9.0, 9.0, 1.0, 0, 9), (4, 18.0, 18.0, 1.0, 3, 21), (5, 12.0, 18.0, 0.6666666666666666, 2, 20), (6, 6.0, 8.0, 0.75, 5, 13)]",75,2,0.17100000381469727,0.0
76,Experiment 1,Low Flexibility,25,16.0,"[[(0.0, 16.0)], [(6, 1), (13, 3.0)], [(13, 3.0)], [(14, 2.0)], [(0.0, 3.0), (6, 1), (10, 1)], [(0.0, 3.0)], [(0.0, 4.0)], [(0.0, 16.0)]]","[[16.0], [1, 3.0], [3.0], [2.0], [3.0, 1, 1], [3.0], [4.0], [16.0]]","[(0, 0.0, 0.0), (1, 12, 0.75), (2, 13, 0.8125), (3, 14, 0.875), (4, 11, 0.6875), (5, 13, 0.8125), (6, 12, 0.75), (7, 0.0, 0.0)]","[(1, 12.0, 13.0, 0.9230769230769231, 0, 13), (2, 13.0, 13.0, 1.0, 0, 13), (3, 14.0, 14.0, 1.0, 0, 14), (4, 11.0, 13.0, 0.8461538461538461, 3, 16), (5, 13.0, 13.0, 1.0, 3, 16), (6, 12.0, 12.0, 1.0, 4, 16)]",75,2,4.114000082015991,0.0
77,Experiment 1,High Flexibility,25,15.0,"[[(0.0, 15.0)], [(13, 2.0)], [(13, 2.0)], [(13, 2.0)], [(0.0, 3.0)], [(0.0, 2.0), (4, 1)], [(0.0, 3.0)], [(0.0, 15.0)]]","[[15.0], [2.0], [2.0], [2.0], [3.0], [2.0, 1], [3.0], [15.0]]","[(0, 0.0, 0.0), (1, 13, 0.8666666666666667), (2, 13, 0.8666666666666667), (3, 13, 0.8666666666666667), (4, 12, 0.8), (5, 12, 0.8), (6, 12, 0.8), (7, 0.0, 0.0)]","[(1, 13.0, 13.0, 1.0, 0, 13), (2, 13.0, 13.0, 1.0, 0, 13), (3, 13.0, 13.0, 1.0, 0, 13), (4, 12.0, 12.0, 1.0, 3, 15), (5, 12.0, 13.0, 0.9230769230769231, 2, 15), (6, 12.0, 12.0, 1.0, 3, 15)]",75,2,26.687999963760376,0.0
78,Experiment 1,No Flexibility,26,30.0,"[[(0.0, 30.0)], [(28, 2.0)], [(4, 26.0)], [(9, 1), (22, 8.0)], [(0.0, 7.0), (11, 1), (14, 2), (18, 4), (24, 2)], [(0.0, 4.0), (7, 23.0)], [(0.0, 4.0), (6, 8), (20, 1), (27, 3.0)], [(0.0, 30.0)]]","[[30.0], [2.0], [26.0], [1, 8.0], [7.0, 1, 2, 4, 2], [4.0, 23.0], [4.0, 8, 1, 3.0], [30.0]]","[(0, 0.0, 0.0), (1, 28, 0.9333333333333333), (2, 4, 0.13333333333333333), (3, 21, 0.7), (4, 14, 0.4666666666666667), (5, 3, 0.1), (6, 14, 0.4666666666666667), (7, 0.0, 0.0)]","[(1, 28.0, 28.0, 1.0, 0, 28), (2, 4.0, 4.0, 1.0, 0, 4), (3, 21.0, 22.0, 0.9545454545454546, 0, 22), (4, 14.0, 23.0, 0.6086956521739131, 7, 30), (5, 3.0, 3.0, 1.0, 4, 7), (6, 14.0, 23.0, 0.6086956521739131, 4, 27)]",84,2,0.2349998950958252,0.0
79,Experiment 1,Low Flexibility,26,21.0,"[[(0.0, 21.0)], [(19, 2.0)], [(16, 5.0)], [(18, 3.0)], [(0.0, 7.0), (9, 1), (16, 1)], [(0.0, 5.0), (8, 2), (12, 1), (17, 1), (20, 1.0)], [(0.0, 11.0), (13, 1), (18, 1)], [(0.0, 21.0)]]","[[21.0], [2.0], [5.0], [3.0], [7.0, 1, 1], [5.0, 2, 1, 1, 1.0], [11.0, 1, 1], [21.0]]","[(0, 0.0, 0.0), (1, 19, 0.9047619047619048), (2, 16, 0.7619047619047619), (3, 18, 0.8571428571428571), (4, 12, 0.5714285714285714), (5, 11, 0.5238095238095238), (6, 8, 0.38095238095238093), (7, 0.0, 0.0)]","[(1, 19.0, 19.0, 1.0, 0, 19), (2, 16.0, 16.0, 1.0, 0, 16), (3, 18.0, 18.0, 1.0, 0, 18), (4, 12.0, 14.0, 0.8571428571428571, 7, 21), (5, 11.0, 15.0, 0.7333333333333333, 5, 20), (6, 8.0, 10.0, 0.8, 11, 21)]",84,2,1.4020001888275146,0.0
80,Experiment 1,High Flexibility,26,20.0,"[[(0.0, 20.0)], [(17, 3.0)], [(18, 2.0)], [(18, 2.0)], [(0.0, 11.0), (19, 1.0)], [(0.0, 3.0), (5, 2), (9, 1), (14, 2)], [(0.0, 6.0), (15, 3)], [(0.0, 20.0)]]","[[20.0], [3.0], [2.0], [2.0], [11.0, 1.0], [3.0, 2, 1, 2], [6.0, 3], [20.0]]","[(0, 0.0, 0.0), (1, 17, 0.85), (2, 18, 0.9), (3, 18, 0.9), (4, 8, 0.4), (5, 12, 0.6), (6, 11, 0.55), (7, 0.0, 0.0)]","[(1, 17.0, 17.0, 1.0, 0, 17), (2, 18.0, 18.0, 1.0, 0, 18), (3, 18.0, 18.0, 1.0, 0, 18), (4, 8.0, 8.0, 1.0, 11, 19), (5, 12.0, 17.0, 0.7058823529411765, 3, 20), (6, 11.0, 14.0, 0.7857142857142857, 6, 20)]",84,2,39.349000215530396,0.0
81,Experiment 1,No Flexibility,27,34.0,"[[(0.0, 34.0)], [(4, 30.0)], [(32, 2.0)], [(18, 16.0)], [(0.0, 4.0), (6, 28.0)], [(0.0, 8.0), (14, 2), (18, 6), (30, 2)], [(0.0, 3.0), (23, 5), (32, 2.0)], [(0.0, 34.0)]]","[[34.0], [30.0], [2.0], [16.0], [4.0, 28.0], [8.0, 2, 6, 2], [3.0, 5, 2.0], [34.0]]","[(0, 0.0, 0.0), (1, 4, 0.11764705882352941), (2, 32, 0.9411764705882353), (3, 18, 0.5294117647058824), (4, 2, 0.058823529411764705), (5, 16, 0.47058823529411764), (6, 24, 0.7058823529411765), (7, 0.0, 0.0)]","[(1, 4.0, 4.0, 1.0, 0, 4), (2, 32.0, 32.0, 1.0, 0, 32), (3, 18.0, 18.0, 1.0, 0, 18), (4, 2.0, 2.0, 1.0, 4, 6), (5, 16.0, 26.0, 0.6153846153846154, 8, 34), (6, 24.0, 29.0, 0.8275862068965517, 3, 32)]",96,2,0.23099994659423828,0.0
82,Experiment 1,Low Flexibility,27,21.0,"[[(0.0, 21.0)], [(19, 2.0)], [(12, 2), (18, 3.0)], [(19, 2.0)], [(0.0, 3.0)], [(0.0, 4.0), (6, 3), (13, 2)], [(0.0, 8.0), (10, 1)], [(0.0, 21.0)]]","[[21.0], [2.0], [2, 3.0], [2.0], [3.0], [4.0, 3, 2], [8.0, 1], [21.0]]","[(0, 0.0, 0.0), (1, 19, 0.9047619047619048), (2, 16, 0.7619047619047619), (3, 19, 0.9047619047619048), (4, 18, 0.8571428571428571), (5, 12, 0.5714285714285714), (6, 12, 0.5714285714285714), (7, 0.0, 0.0)]","[(1, 19.0, 19.0, 1.0, 0, 19), (2, 16.0, 18.0, 0.8888888888888888, 0, 18), (3, 19.0, 19.0, 1.0, 0, 19), (4, 18.0, 18.0, 1.0, 3, 21), (5, 12.0, 17.0, 0.7058823529411765, 4, 21), (6, 12.0, 13.0, 0.9230769230769231, 8, 21)]",96,2,2.993000030517578,0.0
83,Experiment 1,High Flexibility,27,20.0,"[[(0.0, 20.0)], [(18, 2.0)], [(18, 2.0)], [(18, 2.0)], [(0.0, 4.0)], [(0.0, 7.0), (13, 1)], [(0.0, 3.0), (9, 3)], [(0.0, 20.0)]]","[[20.0], [2.0], [2.0], [2.0], [4.0], [7.0, 1], [3.0, 3], [20.0]]","[(0, 0.0, 0.0), (1, 18, 0.9), (2, 18, 0.9), (3, 18, 0.9), (4, 16, 0.8), (5, 12, 0.6), (6, 14, 0.7), (7, 0.0, 0.0)]","[(1, 18.0, 18.0, 1.0, 0, 18), (2, 18.0, 18.0, 1.0, 0, 18), (3, 18.0, 18.0, 1.0, 0, 18), (4, 16.0, 16.0, 1.0, 4, 20), (5, 12.0, 13.0, 0.9230769230769231, 7, 20), (6, 14.0, 17.0, 0.8235294117647058, 3, 20)]",96,2,9.651999950408936,0.0
84,Experiment 1,No Flexibility,28,22.0,"[[(0.0, 22.0)], [(10, 12.0)], [(20, 2.0)], [(15, 7.0)], [(0.0, 2.0), (14, 2), (19, 3.0)], [(0.0, 8.0), (10, 2), (14, 1), (19, 1)], [(0.0, 4.0), (6, 4), (14, 1), (17, 2), (21, 1.0)], [(0.0, 22.0)]]","[[22.0], [12.0], [2.0], [7.0], [2.0, 2, 3.0], [8.0, 2, 1, 1], [4.0, 4, 1, 2, 1.0], [22.0]]","[(0, 0.0, 0.0), (1, 10, 0.45454545454545453), (2, 20, 0.9090909090909091), (3, 15, 0.6818181818181818), (4, 15, 0.6818181818181818), (5, 10, 0.45454545454545453), (6, 10, 0.45454545454545453), (7, 0.0, 0.0)]","[(1, 10.0, 10.0, 1.0, 0, 10), (2, 20.0, 20.0, 1.0, 0, 20), (3, 15.0, 15.0, 1.0, 0, 15), (4, 15.0, 17.0, 0.8823529411764706, 2, 19), (5, 10.0, 14.0, 0.7142857142857143, 8, 22), (6, 10.0, 17.0, 0.5882352941176471, 4, 21)]",80,2,0.1770000457763672,0.0
85,Experiment 1,Low Flexibility,28,18.0,"[[(0.0, 18.0)], [(15, 3.0)], [(16, 2.0)], [(6, 2), (16, 2.0)], [(0.0, 6.0)], [(0.0, 2.0), (11, 1)], [(0.0, 7.0), (9, 1), (12, 2)], [(0.0, 18.0)]]","[[18.0], [3.0], [2.0], [2, 2.0], [6.0], [2.0, 1], [7.0, 1, 2], [18.0]]","[(0, 0.0, 0.0), (1, 15, 0.8333333333333334), (2, 16, 0.8888888888888888), (3, 14, 0.7777777777777778), (4, 12, 0.6666666666666666), (5, 15, 0.8333333333333334), (6, 8, 0.4444444444444444), (7, 0.0, 0.0)]","[(1, 15.0, 15.0, 1.0, 0, 15), (2, 16.0, 16.0, 1.0, 0, 16), (3, 14.0, 16.0, 0.875, 0, 16), (4, 12.0, 12.0, 1.0, 6, 18), (5, 15.0, 16.0, 0.9375, 2, 18), (6, 8.0, 11.0, 0.7272727272727273, 7, 18)]",80,2,3.9709999561309814,0.0
86,Experiment 1,High Flexibility,28,17.0,"[[(0.0, 17.0)], [(15, 2.0)], [(15, 2.0)], [(15, 2.0)], [(0.0, 4.0), (6, 2)], [(0.0, 4.0), (14, 1)], [(0.0, 2.0), (5, 3)], [(0.0, 17.0)]]","[[17.0], [2.0], [2.0], [2.0], [4.0, 2], [4.0, 1], [2.0, 3], [17.0]]","[(0, 0.0, 0.0), (1, 15, 0.8823529411764706), (2, 15, 0.8823529411764706), (3, 15, 0.8823529411764706), (4, 11, 0.6470588235294118), (5, 12, 0.7058823529411765), (6, 12, 0.7058823529411765), (7, 0.0, 0.0)]","[(1, 15.0, 15.0, 1.0, 0, 15), (2, 15.0, 15.0, 1.0, 0, 15), (3, 15.0, 15.0, 1.0, 0, 15), (4, 11.0, 13.0, 0.8461538461538461, 4, 17), (5, 12.0, 13.0, 0.9230769230769231, 4, 17), (6, 12.0, 15.0, 0.8, 2, 17)]",80,2,9.547999858856201,0.0
87,Experiment 1,No Flexibility,29,33.0,"[[(0.0, 33.0)], [(12, 21.0)], [(30, 3.0)], [(2, 31.0)], [(0.0, 6.0), (14, 19.0)], [(0.0, 3.0)], [(0.0, 2.0), (6, 27.0)], [(0.0, 33.0)]]","[[33.0], [21.0], [3.0], [31.0], [6.0, 19.0], [3.0], [2.0, 27.0], [33.0]]","[(0, 0.0, 0.0), (1, 12, 0.36363636363636365), (2, 30, 0.9090909090909091), (3, 2, 0.06060606060606061), (4, 8, 0.24242424242424243), (5, 30, 0.9090909090909091), (6, 4, 0.12121212121212122), (7, 0.0, 0.0)]","[(1, 12.0, 12.0, 1.0, 0, 12), (2, 30.0, 30.0, 1.0, 0, 30), (3, 2.0, 2.0, 1.0, 0, 2), (4, 8.0, 8.0, 1.0, 6, 14), (5, 30.0, 30.0, 1.0, 3, 33), (6, 4.0, 4.0, 1.0, 2, 6)]",86,2,0.15000009536743164,0.0
88,Experiment 1,Low Flexibility,29,18.0,"[[(0.0, 18.0)], [(14, 4.0)], [(15, 3.0)], [(15, 3.0)], [(0.0, 3.0), (7, 1), (16, 2.0)], [(0.0, 3.0)], [(0.0, 3.0)], [(0.0, 18.0)]]","[[18.0], [4.0], [3.0], [3.0], [3.0, 1, 2.0], [3.0], [3.0], [18.0]]","[(0, 0.0, 0.0), (1, 14, 0.7777777777777778), (2, 15, 0.8333333333333334), (3, 15, 0.8333333333333334), (4, 12, 0.6666666666666666), (5, 15, 0.8333333333333334), (6, 15, 0.8333333333333334), (7, 0.0, 0.0)]","[(1, 14.0, 14.0, 1.0, 0, 14), (2, 15.0, 15.0, 1.0, 0, 15), (3, 15.0, 15.0, 1.0, 0, 15), (4, 12.0, 13.0, 0.9230769230769231, 3, 16), (5, 15.0, 15.0, 1.0, 3, 18), (6, 15.0, 15.0, 1.0, 3, 18)]",86,2,1.7099997997283936,0.0
89,Experiment 1,High Flexibility,29,17.0,"[[(0.0, 17.0)], [(15, 2.0)], [(14, 3.0)], [(15, 2.0)], [(0.0, 3.0)], [(0.0, 3.0), (9, 1)], [(0.0, 2.0)], [(0.0, 17.0)]]","[[17.0], [2.0], [3.0], [2.0], [3.0], [3.0, 1], [2.0], [17.0]]","[(0, 0.0, 0.0), (1, 15, 0.8823529411764706), (2, 14, 0.8235294117647058), (3, 15, 0.8823529411764706), (4, 14, 0.8235294117647058), (5, 13, 0.7647058823529411), (6, 15, 0.8823529411764706), (7, 0.0, 0.0)]","[(1, 15.0, 15.0, 1.0, 0, 15), (2, 14.0, 14.0, 1.0, 0, 14), (3, 15.0, 15.0, 1.0, 0, 15), (4, 14.0, 14.0, 1.0, 3, 17), (5, 13.0, 14.0, 0.9285714285714286, 3, 17), (6, 15.0, 15.0, 1.0, 2, 17)]",86,2,8.013000011444092,0.0
90,Experiment 2,4 Layers,0,10.0,"[[(0.0, 10.0)], [(7, 3.0)], [(8, 2.0)], [(8, 2.0)], [(6, 4.0)], [(7, 3.0)], [(8, 2.0)], [(0.0, 4.0)], [(0.0, 5.0), (7, 1)], [(0.0, 4.0), (6, 1)], [(0.0, 6.0)], [(0.0, 3.0), (5, 1)], [(0.0, 2.0)], [(0.0, 10.0)]]","[[10.0], [3.0], [2.0], [2.0], [4.0], [3.0], [2.0], [4.0], [5.0, 1], [4.0, 1], [6.0], [3.0, 1], [2.0], [10.0]]","[(0, 0.0, 0.0), (1, 7, 0.7), (2, 8, 0.8), (3, 8, 0.8), (4, 6, 0.6), (5, 7, 0.7), (6, 8, 0.8), (7, 6, 0.6), (8, 4, 0.4), (9, 5, 0.5), (10, 4, 0.4), (11, 6, 0.6), (12, 8, 0.8), (13, 0.0, 0.0)]","[(1, 7.0, 7.0, 1.0, 0, 7), (2, 8.0, 8.0, 1.0, 0, 8), (3, 8.0, 8.0, 1.0, 0, 8), (4, 6.0, 6.0, 1.0, 0, 6), (5, 7.0, 7.0, 1.0, 0, 7), (6, 8.0, 8.0, 1.0, 0, 8), (7, 6.0, 6.0, 1.0, 4, 10), (8, 4.0, 5.0, 0.8, 5, 10), (9, 5.0, 6.0, 0.8333333333333334, 4, 10), (10, 4.0, 4.0, 1.0, 6, 10), (11, 6.0, 7.0, 0.8571428571428571, 3, 10), (12, 8.0, 8.0, 1.0, 2, 10)]",77,2,5.119000196456909,0.0
91,Experiment 2,5 Layers,0,13.0,"[[(0.0, 13.0)], [(11, 2.0)], [(11, 2.0)], [(11, 2.0)], [(11, 2.0)], [(0.0, 4.0), (5, 1), (9, 2), (12, 1.0)], [(0.0, 7.0), (9, 2), (12, 1.0)], [(0.0, 2.0), (4, 3), (9, 2), (12, 1.0)], [(0.0, 5.0), (7, 1), (9, 1), (12, 1.0)], [(0.0, 8.0)], [(0.0, 9.0), (11, 1)], [(0.0, 8.0), (10, 2)], [(0.0, 7.0), (8, 1), (10, 1)], [(0.0, 13.0)]]","[[13.0], [2.0], [2.0], [2.0], [2.0], [4.0, 1, 2, 1.0], [7.0, 2, 1.0], [2.0, 3, 2, 1.0], [5.0, 1, 1, 1.0], [8.0], [9.0, 1], [8.0, 2], [7.0, 1, 1], [13.0]]","[(0, 0.0, 0.0), (1, 11, 0.8461538461538461), (2, 11, 0.8461538461538461), (3, 11, 0.8461538461538461), (4, 11, 0.8461538461538461), (5, 5, 0.38461538461538464), (6, 3, 0.23076923076923078), (7, 5, 0.38461538461538464), (8, 5, 0.38461538461538464), (9, 5, 0.38461538461538464), (10, 3, 0.23076923076923078), (11, 3, 0.23076923076923078), (12, 4, 0.3076923076923077), (13, 0.0, 0.0)]","[(1, 11.0, 11.0, 1.0, 0, 11), (2, 11.0, 11.0, 1.0, 0, 11), (3, 11.0, 11.0, 1.0, 0, 11), (4, 11.0, 11.0, 1.0, 0, 11), (5, 5.0, 8.0, 0.625, 4, 12), (6, 3.0, 5.0, 0.6, 7, 12), (7, 5.0, 10.0, 0.5, 2, 12), (8, 5.0, 7.0, 0.7142857142857143, 5, 12), (9, 5.0, 5.0, 1.0, 8, 13), (10, 3.0, 4.0, 0.75, 9, 13), (11, 3.0, 5.0, 0.6, 8, 13), (12, 4.0, 6.0, 0.6666666666666666, 7, 13)]",77,2,16.973999977111816,0.0
92,Experiment 2,6 Layers,0,13.0,"[[(0.0, 13.0)], [(3, 1), (5, 3), (9, 4.0)], [(2, 1), (5, 1), (7, 6.0)], [(3, 2), (6, 1), (8, 5.0)], [(0.0, 1.0), (11, 2.0)], [(0.0, 1.0), (11, 2.0)], [(0.0, 1.0), (3, 1), (11, 2.0)], [(0.0, 3.0), (5, 1), (7, 2), (12, 1.0)], [(0.0, 3.0), (6, 1), (10, 1), (12, 1.0)], [(0.0, 2.0), (4, 3), (8, 1), (10, 1), (12, 1.0)], [(0.0, 7.0)], [(0.0, 5.0), (7, 2), (10, 2)], [(0.0, 4.0), (5, 2), (8, 2)], [(0.0, 13.0)]]","[[13.0], [1, 3, 4.0], [1, 1, 6.0], [2, 1, 5.0], [1.0, 2.0], [1.0, 2.0], [1.0, 1, 2.0], [3.0, 1, 2, 1.0], [3.0, 1, 1, 1.0], [2.0, 3, 1, 1, 1.0], [7.0], [5.0, 2, 2], [4.0, 2, 2], [13.0]]","[(0, 0.0, 0.0), (1, 5, 0.38461538461538464), (2, 5, 0.38461538461538464), (3, 5, 0.38461538461538464), (4, 10, 0.7692307692307693), (5, 10, 0.7692307692307693), (6, 9, 0.6923076923076923), (7, 6, 0.46153846153846156), (8, 7, 0.5384615384615384), (9, 5, 0.38461538461538464), (10, 6, 0.46153846153846156), (11, 4, 0.3076923076923077), (12, 5, 0.38461538461538464), (13, 0.0, 0.0)]","[(1, 5.0, 9.0, 0.5555555555555556, 0, 9), (2, 5.0, 7.0, 0.7142857142857143, 0, 7), (3, 5.0, 8.0, 0.625, 0, 8), (4, 10.0, 10.0, 1.0, 1, 11), (5, 10.0, 10.0, 1.0, 1, 11), (6, 9.0, 10.0, 0.9, 1, 11), (7, 6.0, 9.0, 0.6666666666666666, 3, 12), (8, 7.0, 9.0, 0.7777777777777778, 3, 12), (9, 5.0, 10.0, 0.5, 2, 12), (10, 6.0, 6.0, 1.0, 7, 13), (11, 4.0, 8.0, 0.5, 5, 13), (12, 5.0, 9.0, 0.5555555555555556, 4, 13)]",77,2,7.823999881744385,0.0
93,Experiment 2,4 Layers,1,10.0,"[[(0.0, 10.0)], [(6, 4.0)], [(6, 4.0)], [(8, 2.0)], [(8, 2.0)], [(6, 4.0)], [(6, 4.0)], [(0.0, 2.0), (9, 1.0)], [(0.0, 4.0)], [(0.0, 2.0), (5, 1), (9, 1.0)], [(0.0, 5.0)], [(0.0, 4.0)], [(0.0, 2.0), (9, 1.0)], [(0.0, 10.0)]]","[[10.0], [4.0], [4.0], [2.0], [2.0], [4.0], [4.0], [2.0, 1.0], [4.0], [2.0, 1, 1.0], [5.0], [4.0], [2.0, 1.0], [10.0]]","[(0, 0.0, 0.0), (1, 6, 0.6), (2, 6, 0.6), (3, 8, 0.8), (4, 8, 0.8), (5, 6, 0.6), (6, 6, 0.6), (7, 7, 0.7), (8, 6, 0.6), (9, 6, 0.6), (10, 5, 0.5), (11, 6, 0.6), (12, 7, 0.7), (13, 0.0, 0.0)]","[(1, 6.0, 6.0, 1.0, 0, 6), (2, 6.0, 6.0, 1.0, 0, 6), (3, 8.0, 8.0, 1.0, 0, 8), (4, 8.0, 8.0, 1.0, 0, 8), (5, 6.0, 6.0, 1.0, 0, 6), (6, 6.0, 6.0, 1.0, 0, 6), (7, 7.0, 7.0, 1.0, 2, 9), (8, 6.0, 6.0, 1.0, 4, 10), (9, 6.0, 7.0, 0.8571428571428571, 2, 9), (10, 5.0, 5.0, 1.0, 5, 10), (11, 6.0, 6.0, 1.0, 4, 10), (12, 7.0, 7.0, 1.0, 2, 9)]",77,2,2.8389999866485596,0.0
94,Experiment 2,5 Layers,1,12.0,"[[(0.0, 12.0)], [(10, 2.0)], [(10, 2.0)], [(10, 2.0)], [(10, 2.0)], [(0.0, 3.0), (5, 3), (9, 1), (11, 1.0)], [(0.0, 4.0), (5, 1), (7, 3), (11, 1.0)], [(0.0, 5.0), (8, 2), (11, 1.0)], [(0.0, 2.0), (3, 1), (5, 1), (7, 3), (11, 1.0)], [(0.0, 5.0)], [(0.0, 7.0), (10, 1)], [(0.0, 6.0), (9, 1)], [(0.0, 3.0), (4, 3)], [(0.0, 12.0)]]","[[12.0], [2.0], [2.0], [2.0], [2.0], [3.0, 3, 1, 1.0], [4.0, 1, 3, 1.0], [5.0, 2, 1.0], [2.0, 1, 1, 3, 1.0], [5.0], [7.0, 1], [6.0, 1], [3.0, 3], [12.0]]","[(0, 0.0, 0.0), (1, 10, 0.8333333333333334), (2, 10, 0.8333333333333334), (3, 10, 0.8333333333333334), (4, 10, 0.8333333333333334), (5, 4, 0.3333333333333333), (6, 3, 0.25), (7, 4, 0.3333333333333333), (8, 4, 0.3333333333333333), (9, 7, 0.5833333333333334), (10, 4, 0.3333333333333333), (11, 5, 0.4166666666666667), (12, 6, 0.5), (13, 0.0, 0.0)]","[(1, 10.0, 10.0, 1.0, 0, 10), (2, 10.0, 10.0, 1.0, 0, 10), (3, 10.0, 10.0, 1.0, 0, 10), (4, 10.0, 10.0, 1.0, 0, 10), (5, 4.0, 8.0, 0.5, 3, 11), (6, 3.0, 7.0, 0.42857142857142855, 4, 11), (7, 4.0, 6.0, 0.6666666666666666, 5, 11), (8, 4.0, 9.0, 0.4444444444444444, 2, 11), (9, 7.0, 7.0, 1.0, 5, 12), (10, 4.0, 5.0, 0.8, 7, 12), (11, 5.0, 6.0, 0.8333333333333334, 6, 12), (12, 6.0, 9.0, 0.6666666666666666, 3, 12)]",77,2,9.693000078201294,0.0
95,Experiment 2,6 Layers,1,11.0,"[[(0.0, 11.0)], [(7, 4.0)], [(6, 1), (8, 3.0)], [(6, 5.0)], [(0.0, 3.0), (9, 2.0)], [(0.0, 1.0), (2, 1), (7, 1), (9, 2.0)], [(0.0, 1.0), (9, 2.0)], [(0.0, 6.0), (10, 1.0)], [(0.0, 2.0), (4, 1), (7, 1), (10, 1.0)], [(0.0, 2.0), (3, 1), (6, 2), (10, 1.0)], [(0.0, 3.0)], [(0.0, 4.0)], [(0.0, 4.0)], [(0.0, 11.0)]]","[[11.0], [4.0], [1, 3.0], [5.0], [3.0, 2.0], [1.0, 1, 1, 2.0], [1.0, 2.0], [6.0, 1.0], [2.0, 1, 1, 1.0], [2.0, 1, 2, 1.0], [3.0], [4.0], [4.0], [11.0]]","[(0, 0.0, 0.0), (1, 7, 0.6363636363636364), (2, 7, 0.6363636363636364), (3, 6, 0.5454545454545454), (4, 6, 0.5454545454545454), (5, 6, 0.5454545454545454), (6, 8, 0.7272727272727273), (7, 4, 0.36363636363636365), (8, 6, 0.5454545454545454), (9, 5, 0.45454545454545453), (10, 8, 0.7272727272727273), (11, 7, 0.6363636363636364), (12, 7, 0.6363636363636364), (13, 0.0, 0.0)]","[(1, 7.0, 7.0, 1.0, 0, 7), (2, 7.0, 8.0, 0.875, 0, 8), (3, 6.0, 6.0, 1.0, 0, 6), (4, 6.0, 6.0, 1.0, 3, 9), (5, 6.0, 8.0, 0.75, 1, 9), (6, 8.0, 8.0, 1.0, 1, 9), (7, 4.0, 4.0, 1.0, 6, 10), (8, 6.0, 8.0, 0.75, 2, 10), (9, 5.0, 8.0, 0.625, 2, 10), (10, 8.0, 8.0, 1.0, 3, 11), (11, 7.0, 7.0, 1.0, 4, 11), (12, 7.0, 7.0, 1.0, 4, 11)]",77,2,41.86899995803833,0.0
96,Experiment 2,4 Layers,2,11.0,"[[(0.0, 11.0)], [(9, 2.0)], [(8, 3.0)], [(8, 3.0)], [(7, 4.0)], [(9, 2.0)], [(9, 2.0)], [(0.0, 3.0)], [(0.0, 4.0), (8, 1)], [(0.0, 4.0), (8, 1)], [(0.0, 3.0), (7, 2)], [(0.0, 4.0), (6, 3)], [(0.0, 4.0), (6, 2), (10, 1.0)], [(0.0, 11.0)]]","[[11.0], [2.0], [3.0], [3.0], [4.0], [2.0], [2.0], [3.0], [4.0, 1], [4.0, 1], [3.0, 2], [4.0, 3], [4.0, 2, 1.0], [11.0]]","[(0, 0.0, 0.0), (1, 9, 0.8181818181818182), (2, 8, 0.7272727272727273), (3, 8, 0.7272727272727273), (4, 7, 0.6363636363636364), (5, 9, 0.8181818181818182), (6, 9, 0.8181818181818182), (7, 8, 0.7272727272727273), (8, 6, 0.5454545454545454), (9, 6, 0.5454545454545454), (10, 6, 0.5454545454545454), (11, 4, 0.36363636363636365), (12, 4, 0.36363636363636365), (13, 0.0, 0.0)]","[(1, 9.0, 9.0, 1.0, 0, 9), (2, 8.0, 8.0, 1.0, 0, 8), (3, 8.0, 8.0, 1.0, 0, 8), (4, 7.0, 7.0, 1.0, 0, 7), (5, 9.0, 9.0, 1.0, 0, 9), (6, 9.0, 9.0, 1.0, 0, 9), (7, 8.0, 8.0, 1.0, 3, 11), (8, 6.0, 7.0, 0.8571428571428571, 4, 11), (9, 6.0, 7.0, 0.8571428571428571, 4, 11), (10, 6.0, 8.0, 0.75, 3, 11), (11, 4.0, 7.0, 0.5714285714285714, 4, 11), (12, 4.0, 6.0, 0.6666666666666666, 4, 10)]",84,2,5.364000082015991,0.0
97,Experiment 2,5 Layers,2,15.0,"[[(0.0, 15.0)], [(13, 2.0)], [(11, 4.0)], [(13, 2.0)], [(13, 2.0)], [(0.0, 3.0), (4, 4), (9, 1), (12, 1), (14, 1.0)], [(0.0, 9.0), (10, 5.0)], [(0.0, 3.0), (4, 3), (8, 1), (11, 1), (14, 1.0)], [(0.0, 4.0), (5, 3), (9, 4), (14, 1.0)], [(0.0, 9.0), (10, 1)], [(0.0, 9.0), (11, 2)], [(0.0, 5.0), (6, 4), (11, 3)], [(0.0, 5.0), (9, 1), (11, 2)], [(0.0, 15.0)]]","[[15.0], [2.0], [4.0], [2.0], [2.0], [3.0, 4, 1, 1, 1.0], [9.0, 5.0], [3.0, 3, 1, 1, 1.0], [4.0, 3, 4, 1.0], [9.0, 1], [9.0, 2], [5.0, 4, 3], [5.0, 1, 2], [15.0]]","[(0, 0.0, 0.0), (1, 13, 0.8666666666666667), (2, 11, 0.7333333333333333), (3, 13, 0.8666666666666667), (4, 13, 0.8666666666666667), (5, 5, 0.3333333333333333), (6, 1, 0.06666666666666667), (7, 6, 0.4), (8, 3, 0.2), (9, 5, 0.3333333333333333), (10, 4, 0.26666666666666666), (11, 3, 0.2), (12, 7, 0.4666666666666667), (13, 0.0, 0.0)]","[(1, 13.0, 13.0, 1.0, 0, 13), (2, 11.0, 11.0, 1.0, 0, 11), (3, 13.0, 13.0, 1.0, 0, 13), (4, 13.0, 13.0, 1.0, 0, 13), (5, 5.0, 11.0, 0.45454545454545453, 3, 14), (6, 1.0, 1.0, 1.0, 9, 10), (7, 6.0, 11.0, 0.5454545454545454, 3, 14), (8, 3.0, 10.0, 0.3, 4, 14), (9, 5.0, 6.0, 0.8333333333333334, 9, 15), (10, 4.0, 6.0, 0.6666666666666666, 9, 15), (11, 3.0, 10.0, 0.3, 5, 15), (12, 7.0, 10.0, 0.7, 5, 15)]",84,2,11.46500015258789,0.0
98,Experiment 2,6 Layers,2,12.0,"[[(0.0, 12.0)], [(9, 3.0)], [(9, 3.0)], [(9, 3.0)], [(0.0, 1.0), (8, 1), (10, 2.0)], [(0.0, 3.0), (10, 2.0)], [(0.0, 1.0), (8, 1), (10, 2.0)], [(0.0, 4.0), (9, 1), (11, 1.0)], [(0.0, 4.0), (5, 1), (8, 1), (11, 1.0)], [(0.0, 3.0), (4, 4), (11, 1.0)], [(0.0, 4.0)], [(0.0, 5.0)], [(0.0, 7.0), (10, 1)], [(0.0, 12.0)]]","[[12.0], [3.0], [3.0], [3.0], [1.0, 1, 2.0], [3.0, 2.0], [1.0, 1, 2.0], [4.0, 1, 1.0], [4.0, 1, 1, 1.0], [3.0, 4, 1.0], [4.0], [5.0], [7.0, 1], [12.0]]","[(0, 0.0, 0.0), (1, 9, 0.75), (2, 9, 0.75), (3, 9, 0.75), (4, 8, 0.6666666666666666), (5, 7, 0.5833333333333334), (6, 8, 0.6666666666666666), (7, 6, 0.5), (8, 5, 0.4166666666666667), (9, 4, 0.3333333333333333), (10, 8, 0.6666666666666666), (11, 7, 0.5833333333333334), (12, 4, 0.3333333333333333), (13, 0.0, 0.0)]","[(1, 9.0, 9.0, 1.0, 0, 9), (2, 9.0, 9.0, 1.0, 0, 9), (3, 9.0, 9.0, 1.0, 0, 9), (4, 8.0, 9.0, 0.8888888888888888, 1, 10), (5, 7.0, 7.0, 1.0, 3, 10), (6, 8.0, 9.0, 0.8888888888888888, 1, 10), (7, 6.0, 7.0, 0.8571428571428571, 4, 11), (8, 5.0, 7.0, 0.7142857142857143, 4, 11), (9, 4.0, 8.0, 0.5, 3, 11), (10, 8.0, 8.0, 1.0, 4, 12), (11, 7.0, 7.0, 1.0, 5, 12), (12, 4.0, 5.0, 0.8, 7, 12)]",84,2,10.967000007629395,0.0
99,Experiment 2,4 Layers,3,14.0,"[[(0.0, 14.0)], [(12, 2.0)], [(3, 1), (12, 2.0)], [(8, 6.0)], [(4, 1), (9, 5.0)], [(12, 2.0)], [(8, 6.0)], [(0.0, 8.0), (10, 2)], [(0.0, 4.0), (6, 6)], [(0.0, 4.0), (6, 2)], [(0.0, 3.0), (6, 2), (10, 2)], [(0.0, 4.0), (6, 5), (13, 1.0)], [(0.0, 8.0), (12, 2.0)], [(0.0, 14.0)]]","[[14.0], [2.0], [1, 2.0], [6.0], [1, 5.0], [2.0], [6.0], [8.0, 2], [4.0, 6], [4.0, 2], [3.0, 2, 2], [4.0, 5, 1.0], [8.0, 2.0], [14.0]]","[(0, 0.0, 0.0), (1, 12, 0.8571428571428571), (2, 11, 0.7857142857142857), (3, 8, 0.5714285714285714), (4, 8, 0.5714285714285714), (5, 12, 0.8571428571428571), (6, 8, 0.5714285714285714), (7, 4, 0.2857142857142857), (8, 4, 0.2857142857142857), (9, 8, 0.5714285714285714), (10, 7, 0.5), (11, 4, 0.2857142857142857), (12, 4, 0.2857142857142857), (13, 0.0, 0.0)]","[(1, 12.0, 12.0, 1.0, 0, 12), (2, 11.0, 12.0, 0.9166666666666666, 0, 12), (3, 8.0, 8.0, 1.0, 0, 8), (4, 8.0, 9.0, 0.8888888888888888, 0, 9), (5, 12.0, 12.0, 1.0, 0, 12), (6, 8.0, 8.0, 1.0, 0, 8), (7, 4.0, 6.0, 0.6666666666666666, 8, 14), (8, 4.0, 10.0, 0.4, 4, 14), (9, 8.0, 10.0, 0.8, 4, 14), (10, 7.0, 11.0, 0.6363636363636364, 3, 14), (11, 4.0, 9.0, 0.4444444444444444, 4, 13), (12, 4.0, 4.0, 1.0, 8, 12)]",90,2,3.826000213623047,0.0
100,Experiment 2,5 Layers,3,18.0,"[[(0.0, 18.0)], [(16, 2.0)], [(16, 2.0)], [(16, 2.0)], [(0.0, 1.0), (12, 6.0)], [(0.0, 12.0), (13, 3), (17, 1.0)], [(0.0, 5.0), (6, 2), (11, 1), (13, 3), (17, 1.0)], [(0.0, 4.0), (5, 3), (9, 4), (14, 2), (17, 1.0)], [(0.0, 8.0), (10, 3), (14, 4.0)], [(0.0, 9.0), (11, 2), (14, 2)], [(0.0, 9.0), (10, 3), (14, 3)], [(0.0, 9.0), (12, 4)], [(0.0, 6.0), (7, 2), (10, 7)], [(0.0, 18.0)]]","[[18.0], [2.0], [2.0], [2.0], [1.0, 6.0], [12.0, 3, 1.0], [5.0, 2, 1, 3, 1.0], [4.0, 3, 4, 2, 1.0], [8.0, 3, 4.0], [9.0, 2, 2], [9.0, 3, 3], [9.0, 4], [6.0, 2, 7], [18.0]]","[(0, 0.0, 0.0), (1, 16, 0.8888888888888888), (2, 16, 0.8888888888888888), (3, 16, 0.8888888888888888), (4, 11, 0.6111111111111112), (5, 2, 0.1111111111111111), (6, 6, 0.3333333333333333), (7, 4, 0.2222222222222222), (8, 3, 0.16666666666666666), (9, 5, 0.2777777777777778), (10, 3, 0.16666666666666666), (11, 5, 0.2777777777777778), (12, 3, 0.16666666666666666), (13, 0.0, 0.0)]","[(1, 16.0, 16.0, 1.0, 0, 16), (2, 16.0, 16.0, 1.0, 0, 16), (3, 16.0, 16.0, 1.0, 0, 16), (4, 11.0, 11.0, 1.0, 1, 12), (5, 2.0, 5.0, 0.4, 12, 17), (6, 6.0, 12.0, 0.5, 5, 17), (7, 4.0, 13.0, 0.3076923076923077, 4, 17), (8, 3.0, 6.0, 0.5, 8, 14), (9, 5.0, 9.0, 0.5555555555555556, 9, 18), (10, 3.0, 9.0, 0.3333333333333333, 9, 18), (11, 5.0, 9.0, 0.5555555555555556, 9, 18), (12, 3.0, 12.0, 0.25, 6, 18)]",90,2,11.569999933242798,0.0
101,Experiment 2,6 Layers,3,16.0,"[[(0.0, 16.0)], [(13, 3.0)], [(13, 3.0)], [(12, 4.0)], [(0.0, 2.0), (4, 1), (8, 2), (11, 1), (14, 2.0)], [(0.0, 3.0), (8, 1), (10, 1), (12, 1), (14, 2.0)], [(0.0, 5.0), (6, 1), (11, 5.0)], [(0.0, 6.0), (8, 2), (12, 1), (15, 1.0)], [(0.0, 4.0), (6, 1), (8, 1), (10, 1), (12, 2), (15, 1.0)], [(0.0, 11.0), (14, 2.0)], [(0.0, 8.0), (9, 3)], [(0.0, 6.0), (7, 3), (13, 2)], [(0.0, 7.0), (9, 3)], [(0.0, 16.0)]]","[[16.0], [3.0], [3.0], [4.0], [2.0, 1, 2, 1, 2.0], [3.0, 1, 1, 1, 2.0], [5.0, 1, 5.0], [6.0, 2, 1, 1.0], [4.0, 1, 1, 1, 2, 1.0], [11.0, 2.0], [8.0, 3], [6.0, 3, 2], [7.0, 3], [16.0]]","[(0, 0.0, 0.0), (1, 13, 0.8125), (2, 13, 0.8125), (3, 12, 0.75), (4, 8, 0.5), (5, 8, 0.5), (6, 5, 0.3125), (7, 6, 0.375), (8, 6, 0.375), (9, 3, 0.1875), (10, 5, 0.3125), (11, 5, 0.3125), (12, 6, 0.375), (13, 0.0, 0.0)]","[(1, 13.0, 13.0, 1.0, 0, 13), (2, 13.0, 13.0, 1.0, 0, 13), (3, 12.0, 12.0, 1.0, 0, 12), (4, 8.0, 12.0, 0.6666666666666666, 2, 14), (5, 8.0, 11.0, 0.7272727272727273, 3, 14), (6, 5.0, 6.0, 0.8333333333333334, 5, 11), (7, 6.0, 9.0, 0.6666666666666666, 6, 15), (8, 6.0, 11.0, 0.5454545454545454, 4, 15), (9, 3.0, 3.0, 1.0, 11, 14), (10, 5.0, 8.0, 0.625, 8, 16), (11, 5.0, 10.0, 0.5, 6, 16), (12, 6.0, 9.0, 0.6666666666666666, 7, 16)]",90,2,12.544999837875366,0.0
102,Experiment 2,4 Layers,4,8.0,"[[(0.0, 8.0)], [(2, 1), (5, 3.0)], [(4, 4.0)], [(6, 2.0)], [(6, 2.0)], [(6, 2.0)], [(4, 4.0)], [(0.0, 2.0)], [(0.0, 2.0)], [(0.0, 2.0)], [(0.0, 2.0)], [(0.0, 2.0)], [(0.0, 4.0)], [(0.0, 8.0)]]","[[8.0], [1, 3.0], [4.0], [2.0], [2.0], [2.0], [4.0], [2.0], [2.0], [2.0], [2.0], [2.0], [4.0], [8.0]]","[(0, 0.0, 0.0), (1, 4, 0.5), (2, 4, 0.5), (3, 6, 0.75), (4, 6, 0.75), (5, 6, 0.75), (6, 4, 0.5), (7, 6, 0.75), (8, 6, 0.75), (9, 6, 0.75), (10, 6, 0.75), (11, 6, 0.75), (12, 4, 0.5), (13, 0.0, 0.0)]","[(1, 4.0, 5.0, 0.8, 0, 5), (2, 4.0, 4.0, 1.0, 0, 4), (3, 6.0, 6.0, 1.0, 0, 6), (4, 6.0, 6.0, 1.0, 0, 6), (5, 6.0, 6.0, 1.0, 0, 6), (6, 4.0, 4.0, 1.0, 0, 4), (7, 6.0, 6.0, 1.0, 2, 8), (8, 6.0, 6.0, 1.0, 2, 8), (9, 6.0, 6.0, 1.0, 2, 8), (10, 6.0, 6.0, 1.0, 2, 8), (11, 6.0, 6.0, 1.0, 2, 8), (12, 4.0, 4.0, 1.0, 4, 8)]",64,2,1.9089999198913574,0.0
103,Experiment 2,5 Layers,4,10.0,"[[(0.0, 10.0)], [(6, 4.0)], [(8, 2.0)], [(8, 2.0)], [(8, 2.0)], [(0.0, 4.0), (5, 1), (9, 1.0)], [(0.0, 2.0), (3, 1), (5, 5.0)], [(0.0, 2.0), (3, 1), (7, 1), (9, 1.0)], [(0.0, 2.0), (3, 2), (7, 1), (9, 1.0)], [(0.0, 3.0)], [(0.0, 3.0), (7, 2)], [(0.0, 5.0), (6, 2)], [(0.0, 5.0), (8, 1)], [(0.0, 10.0)]]","[[10.0], [4.0], [2.0], [2.0], [2.0], [4.0, 1, 1.0], [2.0, 1, 5.0], [2.0, 1, 1, 1.0], [2.0, 2, 1, 1.0], [3.0], [3.0, 2], [5.0, 2], [5.0, 1], [10.0]]","[(0, 0.0, 0.0), (1, 6, 0.6), (2, 8, 0.8), (3, 8, 0.8), (4, 8, 0.8), (5, 4, 0.4), (6, 2, 0.2), (7, 5, 0.5), (8, 4, 0.4), (9, 7, 0.7), (10, 5, 0.5), (11, 3, 0.3), (12, 4, 0.4), (13, 0.0, 0.0)]","[(1, 6.0, 6.0, 1.0, 0, 6), (2, 8.0, 8.0, 1.0, 0, 8), (3, 8.0, 8.0, 1.0, 0, 8), (4, 8.0, 8.0, 1.0, 0, 8), (5, 4.0, 5.0, 0.8, 4, 9), (6, 2.0, 3.0, 0.6666666666666666, 2, 5), (7, 5.0, 7.0, 0.7142857142857143, 2, 9), (8, 4.0, 7.0, 0.5714285714285714, 2, 9), (9, 7.0, 7.0, 1.0, 3, 10), (10, 5.0, 7.0, 0.7142857142857143, 3, 10), (11, 3.0, 5.0, 0.6, 5, 10), (12, 4.0, 5.0, 0.8, 5, 10)]",64,2,3.5850000381469727,0.0
104,Experiment 2,6 Layers,4,10.0,"[[(0.0, 10.0)], [(4, 1), (6, 4.0)], [(5, 5.0)], [(5, 5.0)], [(0.0, 1.0), (7, 3.0)], [(0.0, 1.0), (2, 1), (7, 3.0)], [(0.0, 1.0), (4, 2), (7, 3.0)], [(0.0, 2.0), (6, 1), (8, 2.0)], [(0.0, 4.0), (9, 1.0)], [(0.0, 2.0), (6, 1), (8, 2.0)], [(0.0, 3.0), (6, 1)], [(0.0, 3.0)], [(0.0, 4.0)], [(0.0, 10.0)]]","[[10.0], [1, 4.0], [5.0], [5.0], [1.0, 3.0], [1.0, 1, 3.0], [1.0, 2, 3.0], [2.0, 1, 2.0], [4.0, 1.0], [2.0, 1, 2.0], [3.0, 1], [3.0], [4.0], [10.0]]","[(0, 0.0, 0.0), (1, 5, 0.5), (2, 5, 0.5), (3, 5, 0.5), (4, 6, 0.6), (5, 5, 0.5), (6, 4, 0.4), (7, 5, 0.5), (8, 5, 0.5), (9, 5, 0.5), (10, 6, 0.6), (11, 7, 0.7), (12, 6, 0.6), (13, 0.0, 0.0)]","[(1, 5.0, 6.0, 0.8333333333333334, 0, 6), (2, 5.0, 5.0, 1.0, 0, 5), (3, 5.0, 5.0, 1.0, 0, 5), (4, 6.0, 6.0, 1.0, 1, 7), (5, 5.0, 6.0, 0.8333333333333334, 1, 7), (6, 4.0, 6.0, 0.6666666666666666, 1, 7), (7, 5.0, 6.0, 0.8333333333333334, 2, 8), (8, 5.0, 5.0, 1.0, 4, 9), (9, 5.0, 6.0, 0.8333333333333334, 2, 8), (10, 6.0, 7.0, 0.8571428571428571, 3, 10), (11, 7.0, 7.0, 1.0, 3, 10), (12, 6.0, 6.0, 1.0, 4, 10)]",64,2,3.7990000247955322,0.0
105,Experiment 2,4 Layers,5,13.0,"[[(0.0, 13.0)], [(5, 8.0)], [(4, 1), (7, 6.0)], [(7, 6.0)], [(4, 1), (7, 6.0)], [(0.0, 1.0), (5, 8.0)], [(4, 9.0)], [(0.0, 2.0)], [(0.0, 2.0), (12, 1.0)], [(0.0, 2.0)], [(0.0, 3.0)], [(0.0, 2.0)], [(0.0, 2.0), (7, 1)], [(0.0, 13.0)]]","[[13.0], [8.0], [1, 6.0], [6.0], [1, 6.0], [1.0, 8.0], [9.0], [2.0], [2.0, 1.0], [2.0], [3.0], [2.0], [2.0, 1], [13.0]]","[(0, 0.0, 0.0), (1, 5, 0.38461538461538464), (2, 6, 0.46153846153846156), (3, 7, 0.5384615384615384), (4, 6, 0.46153846153846156), (5, 4, 0.3076923076923077), (6, 4, 0.3076923076923077), (7, 11, 0.8461538461538461), (8, 10, 0.7692307692307693), (9, 11, 0.8461538461538461), (10, 10, 0.7692307692307693), (11, 11, 0.8461538461538461), (12, 10, 0.7692307692307693), (13, 0.0, 0.0)]","[(1, 5.0, 5.0, 1.0, 0, 5), (2, 6.0, 7.0, 0.8571428571428571, 0, 7), (3, 7.0, 7.0, 1.0, 0, 7), (4, 6.0, 7.0, 0.8571428571428571, 0, 7), (5, 4.0, 4.0, 1.0, 1, 5), (6, 4.0, 4.0, 1.0, 0, 4), (7, 11.0, 11.0, 1.0, 2, 13), (8, 10.0, 10.0, 1.0, 2, 12), (9, 11.0, 11.0, 1.0, 2, 13), (10, 10.0, 10.0, 1.0, 3, 13), (11, 11.0, 11.0, 1.0, 2, 13), (12, 10.0, 11.0, 0.9090909090909091, 2, 13)]",95,2,3.875999927520752,0.0
106,Experiment 2,5 Layers,5,15.0,"[[(0.0, 15.0)], [(3, 3), (8, 7.0)], [(10, 5.0)], [(6, 1), (10, 5.0)], [(6, 1), (9, 6.0)], [(0.0, 3.0), (13, 2.0)], [(0.0, 4.0), (13, 2.0)], [(0.0, 2.0), (13, 2.0)], [(0.0, 2.0), (14, 1.0)], [(0.0, 8.0)], [(0.0, 11.0), (14, 1.0)], [(0.0, 6.0), (7, 1), (11, 2)], [(0.0, 10.0)], [(0.0, 15.0)]]","[[15.0], [3, 7.0], [5.0], [1, 5.0], [1, 6.0], [3.0, 2.0], [4.0, 2.0], [2.0, 2.0], [2.0, 1.0], [8.0], [11.0, 1.0], [6.0, 1, 2], [10.0], [15.0]]","[(0, 0.0, 0.0), (1, 5, 0.3333333333333333), (2, 10, 0.6666666666666666), (3, 9, 0.6), (4, 8, 0.5333333333333333), (5, 10, 0.6666666666666666), (6, 9, 0.6), (7, 11, 0.7333333333333333), (8, 12, 0.8), (9, 7, 0.4666666666666667), (10, 3, 0.2), (11, 6, 0.4), (12, 5, 0.3333333333333333), (13, 0.0, 0.0)]","[(1, 5.0, 8.0, 0.625, 0, 8), (2, 10.0, 10.0, 1.0, 0, 10), (3, 9.0, 10.0, 0.9, 0, 10), (4, 8.0, 9.0, 0.8888888888888888, 0, 9), (5, 10.0, 10.0, 1.0, 3, 13), (6, 9.0, 9.0, 1.0, 4, 13), (7, 11.0, 11.0, 1.0, 2, 13), (8, 12.0, 12.0, 1.0, 2, 14), (9, 7.0, 7.0, 1.0, 8, 15), (10, 3.0, 3.0, 1.0, 11, 14), (11, 6.0, 9.0, 0.6666666666666666, 6, 15), (12, 5.0, 5.0, 1.0, 10, 15)]",95,2,9.723999977111816,0.0
107,Experiment 2,6 Layers,5,17.0,"[[(0.0, 17.0)], [(2, 1), (6, 1), (8, 9.0)], [(4, 13.0)], [(5, 12.0)], [(0.0, 1.0), (2, 2), (6, 1), (8, 1), (10, 7.0)], [(0.0, 1.0), (3, 2), (8, 3), (12, 5.0)], [(0.0, 1.0), (2, 1), (8, 9.0)], [(0.0, 2.0), (16, 1.0)], [(0.0, 2.0), (16, 1.0)], [(0.0, 2.0), (16, 1.0)], [(0.0, 6.0), (8, 3)], [(0.0, 10.0), (15, 1)], [(0.0, 6.0), (7, 4)], [(0.0, 17.0)]]","[[17.0], [1, 1, 9.0], [13.0], [12.0], [1.0, 2, 1, 1, 7.0], [1.0, 2, 3, 5.0], [1.0, 1, 9.0], [2.0, 1.0], [2.0, 1.0], [2.0, 1.0], [6.0, 3], [10.0, 1], [6.0, 4], [17.0]]","[(0, 0.0, 0.0), (1, 6, 0.35294117647058826), (2, 4, 0.23529411764705882), (3, 5, 0.29411764705882354), (4, 5, 0.29411764705882354), (5, 6, 0.35294117647058826), (6, 6, 0.35294117647058826), (7, 14, 0.8235294117647058), (8, 14, 0.8235294117647058), (9, 14, 0.8235294117647058), (10, 8, 0.47058823529411764), (11, 6, 0.35294117647058826), (12, 7, 0.4117647058823529), (13, 0.0, 0.0)]","[(1, 6.0, 8.0, 0.75, 0, 8), (2, 4.0, 4.0, 1.0, 0, 4), (3, 5.0, 5.0, 1.0, 0, 5), (4, 5.0, 9.0, 0.5555555555555556, 1, 10), (5, 6.0, 11.0, 0.5454545454545454, 1, 12), (6, 6.0, 7.0, 0.8571428571428571, 1, 8), (7, 14.0, 14.0, 1.0, 2, 16), (8, 14.0, 14.0, 1.0, 2, 16), (9, 14.0, 14.0, 1.0, 2, 16), (10, 8.0, 11.0, 0.7272727272727273, 6, 17), (11, 6.0, 7.0, 0.8571428571428571, 10, 17), (12, 7.0, 11.0, 0.6363636363636364, 6, 17)]",95,2,9.25,0.0
108,Experiment 2,4 Layers,6,12.0,"[[(0.0, 12.0)], [(9, 3.0)], [(10, 2.0)], [(10, 2.0)], [(7, 5.0)], [(3, 1), (7, 5.0)], [(0.0, 1.0), (9, 3.0)], [(0.0, 3.0), (8, 4.0)], [(0.0, 3.0), (11, 1.0)], [(0.0, 3.0), (5, 1)], [(0.0, 7.0)], [(0.0, 5.0)], [(0.0, 5.0), (7, 1), (11, 1.0)], [(0.0, 12.0)]]","[[12.0], [3.0], [2.0], [2.0], [5.0], [1, 5.0], [1.0, 3.0], [3.0, 4.0], [3.0, 1.0], [3.0, 1], [7.0], [5.0], [5.0, 1, 1.0], [12.0]]","[(0, 0.0, 0.0), (1, 9, 0.75), (2, 10, 0.8333333333333334), (3, 10, 0.8333333333333334), (4, 7, 0.5833333333333334), (5, 6, 0.5), (6, 8, 0.6666666666666666), (7, 5, 0.4166666666666667), (8, 8, 0.6666666666666666), (9, 8, 0.6666666666666666), (10, 5, 0.4166666666666667), (11, 7, 0.5833333333333334), (12, 5, 0.4166666666666667), (13, 0.0, 0.0)]","[(1, 9.0, 9.0, 1.0, 0, 9), (2, 10.0, 10.0, 1.0, 0, 10), (3, 10.0, 10.0, 1.0, 0, 10), (4, 7.0, 7.0, 1.0, 0, 7), (5, 6.0, 7.0, 0.8571428571428571, 0, 7), (6, 8.0, 8.0, 1.0, 1, 9), (7, 5.0, 5.0, 1.0, 3, 8), (8, 8.0, 8.0, 1.0, 3, 11), (9, 8.0, 9.0, 0.8888888888888888, 3, 12), (10, 5.0, 5.0, 1.0, 7, 12), (11, 7.0, 7.0, 1.0, 5, 12), (12, 5.0, 6.0, 0.8333333333333334, 5, 11)]",88,2,8.682999849319458,0.0
109,Experiment 2,5 Layers,6,15.0,"[[(0.0, 15.0)], [(9, 1), (13, 2.0)], [(13, 2.0)], [(12, 3.0)], [(13, 2.0)], [(0.0, 7.0), (9, 1), (11, 2), (14, 1.0)], [(0.0, 5.0), (9, 1), (13, 2.0)], [(0.0, 3.0), (5, 3), (10, 1), (14, 1.0)], [(0.0, 4.0), (6, 1), (8, 2), (11, 2), (14, 1.0)], [(0.0, 9.0), (10, 1), (12, 1)], [(0.0, 9.0), (10, 2), (13, 1)], [(0.0, 11.0), (13, 1)], [(0.0, 8.0), (9, 1), (12, 1)], [(0.0, 15.0)]]","[[15.0], [1, 2.0], [2.0], [3.0], [2.0], [7.0, 1, 2, 1.0], [5.0, 1, 2.0], [3.0, 3, 1, 1.0], [4.0, 1, 2, 2, 1.0], [9.0, 1, 1], [9.0, 2, 1], [11.0, 1], [8.0, 1, 1], [15.0]]","[(0, 0.0, 0.0), (1, 12, 0.8), (2, 13, 0.8666666666666667), (3, 12, 0.8), (4, 13, 0.8666666666666667), (5, 4, 0.26666666666666666), (6, 7, 0.4666666666666667), (7, 7, 0.4666666666666667), (8, 5, 0.3333333333333333), (9, 4, 0.26666666666666666), (10, 3, 0.2), (11, 3, 0.2), (12, 5, 0.3333333333333333), (13, 0.0, 0.0)]","[(1, 12.0, 13.0, 0.9230769230769231, 0, 13), (2, 13.0, 13.0, 1.0, 0, 13), (3, 12.0, 12.0, 1.0, 0, 12), (4, 13.0, 13.0, 1.0, 0, 13), (5, 4.0, 7.0, 0.5714285714285714, 7, 14), (6, 7.0, 8.0, 0.875, 5, 13), (7, 7.0, 11.0, 0.6363636363636364, 3, 14), (8, 5.0, 10.0, 0.5, 4, 14), (9, 4.0, 6.0, 0.6666666666666666, 9, 15), (10, 3.0, 6.0, 0.5, 9, 15), (11, 3.0, 4.0, 0.75, 11, 15), (12, 5.0, 7.0, 0.7142857142857143, 8, 15)]",88,2,9.423999786376953,0.0
110,Experiment 2,6 Layers,6,14.0,"[[(0.0, 14.0)], [(11, 3.0)], [(11, 3.0)], [(11, 3.0)], [(0.0, 4.0), (8, 1), (10, 1), (12, 2.0)], [(0.0, 2.0), (4, 1), (8, 1), (12, 2.0)], [(0.0, 5.0), (6, 2), (9, 2), (12, 2.0)], [(0.0, 6.0), (13, 1.0)], [(0.0, 4.0), (13, 1.0)], [(0.0, 3.0), (7, 1), (9, 2), (13, 1.0)], [(0.0, 10.0)], [(0.0, 8.0), (10, 1)], [(0.0, 8.0)], [(0.0, 14.0)]]","[[14.0], [3.0], [3.0], [3.0], [4.0, 1, 1, 2.0], [2.0, 1, 1, 2.0], [5.0, 2, 2, 2.0], [6.0, 1.0], [4.0, 1.0], [3.0, 1, 2, 1.0], [10.0], [8.0, 1], [8.0], [14.0]]","[(0, 0.0, 0.0), (1, 11, 0.7857142857142857), (2, 11, 0.7857142857142857), (3, 11, 0.7857142857142857), (4, 6, 0.42857142857142855), (5, 8, 0.5714285714285714), (6, 3, 0.21428571428571427), (7, 7, 0.5), (8, 9, 0.6428571428571429), (9, 7, 0.5), (10, 4, 0.2857142857142857), (11, 5, 0.35714285714285715), (12, 6, 0.42857142857142855), (13, 0.0, 0.0)]","[(1, 11.0, 11.0, 1.0, 0, 11), (2, 11.0, 11.0, 1.0, 0, 11), (3, 11.0, 11.0, 1.0, 0, 11), (4, 6.0, 8.0, 0.75, 4, 12), (5, 8.0, 10.0, 0.8, 2, 12), (6, 3.0, 7.0, 0.42857142857142855, 5, 12), (7, 7.0, 7.0, 1.0, 6, 13), (8, 9.0, 9.0, 1.0, 4, 13), (9, 7.0, 10.0, 0.7, 3, 13), (10, 4.0, 4.0, 1.0, 10, 14), (11, 5.0, 6.0, 0.8333333333333334, 8, 14), (12, 6.0, 6.0, 1.0, 8, 14)]",88,2,12.182999849319458,0.0
111,Experiment 2,4 Layers,7,10.0,"[[(0.0, 10.0)], [(2, 1), (6, 4.0)], [(6, 4.0)], [(8, 2.0)], [(6, 4.0)], [(8, 2.0)], [(8, 2.0)], [(0.0, 3.0), (5, 1)], [(0.0, 4.0), (6, 2)], [(0.0, 6.0)], [(0.0, 2.0), (8, 2.0)], [(0.0, 4.0)], [(0.0, 3.0), (5, 1)], [(0.0, 10.0)]]","[[10.0], [1, 4.0], [4.0], [2.0], [4.0], [2.0], [2.0], [3.0, 1], [4.0, 2], [6.0], [2.0, 2.0], [4.0], [3.0, 1], [10.0]]","[(0, 0.0, 0.0), (1, 5, 0.5), (2, 6, 0.6), (3, 8, 0.8), (4, 6, 0.6), (5, 8, 0.8), (6, 8, 0.8), (7, 6, 0.6), (8, 4, 0.4), (9, 4, 0.4), (10, 6, 0.6), (11, 6, 0.6), (12, 6, 0.6), (13, 0.0, 0.0)]","[(1, 5.0, 6.0, 0.8333333333333334, 0, 6), (2, 6.0, 6.0, 1.0, 0, 6), (3, 8.0, 8.0, 1.0, 0, 8), (4, 6.0, 6.0, 1.0, 0, 6), (5, 8.0, 8.0, 1.0, 0, 8), (6, 8.0, 8.0, 1.0, 0, 8), (7, 6.0, 7.0, 0.8571428571428571, 3, 10), (8, 4.0, 6.0, 0.6666666666666666, 4, 10), (9, 4.0, 4.0, 1.0, 6, 10), (10, 6.0, 6.0, 1.0, 2, 8), (11, 6.0, 6.0, 1.0, 4, 10), (12, 6.0, 7.0, 0.8571428571428571, 3, 10)]",73,2,2.921999931335449,0.0
112,Experiment 2,5 Layers,7,13.0,"[[(0.0, 13.0)], [(11, 2.0)], [(10, 3.0)], [(4, 1), (11, 2.0)], [(10, 3.0)], [(0.0, 7.0), (9, 1), (12, 1.0)], [(0.0, 2.0), (3, 3), (8, 2), (11, 2.0)], [(0.0, 2.0), (3, 1), (5, 3), (9, 1), (12, 1.0)], [(0.0, 4.0), (5, 1), (7, 1), (9, 4.0)], [(0.0, 5.0), (6, 2), (11, 1)], [(0.0, 11.0), (12, 1.0)], [(0.0, 4.0), (5, 1), (7, 2), (12, 1.0)], [(0.0, 7.0), (9, 1)], [(0.0, 13.0)]]","[[13.0], [2.0], [3.0], [1, 2.0], [3.0], [7.0, 1, 1.0], [2.0, 3, 2, 2.0], [2.0, 1, 3, 1, 1.0], [4.0, 1, 1, 4.0], [5.0, 2, 1], [11.0, 1.0], [4.0, 1, 2, 1.0], [7.0, 1], [13.0]]","[(0, 0.0, 0.0), (1, 11, 0.8461538461538461), (2, 10, 0.7692307692307693), (3, 10, 0.7692307692307693), (4, 10, 0.7692307692307693), (5, 4, 0.3076923076923077), (6, 4, 0.3076923076923077), (7, 5, 0.38461538461538464), (8, 3, 0.23076923076923078), (9, 5, 0.38461538461538464), (10, 1, 0.07692307692307693), (11, 5, 0.38461538461538464), (12, 5, 0.38461538461538464), (13, 0.0, 0.0)]","[(1, 11.0, 11.0, 1.0, 0, 11), (2, 10.0, 10.0, 1.0, 0, 10), (3, 10.0, 11.0, 0.9090909090909091, 0, 11), (4, 10.0, 10.0, 1.0, 0, 10), (5, 4.0, 5.0, 0.8, 7, 12), (6, 4.0, 9.0, 0.4444444444444444, 2, 11), (7, 5.0, 10.0, 0.5, 2, 12), (8, 3.0, 5.0, 0.6, 4, 9), (9, 5.0, 8.0, 0.625, 5, 13), (10, 1.0, 1.0, 1.0, 11, 12), (11, 5.0, 8.0, 0.625, 4, 12), (12, 5.0, 6.0, 0.8333333333333334, 7, 13)]",73,2,17.828999996185303,0.0
113,Experiment 2,6 Layers,7,11.0,"[[(0.0, 11.0)], [(6, 5.0)], [(6, 1), (8, 3.0)], [(8, 3.0)], [(0.0, 1.0), (2, 1), (9, 2.0)], [(0.0, 1.0), (2, 1), (9, 2.0)], [(0.0, 3.0), (9, 2.0)], [(0.0, 3.0), (10, 1.0)], [(0.0, 3.0), (4, 2), (10, 1.0)], [(0.0, 5.0), (6, 1), (10, 1.0)], [(0.0, 4.0), (5, 1)], [(0.0, 6.0)], [(0.0, 5.0), (6, 1)], [(0.0, 11.0)]]","[[11.0], [5.0], [1, 3.0], [3.0], [1.0, 1, 2.0], [1.0, 1, 2.0], [3.0, 2.0], [3.0, 1.0], [3.0, 2, 1.0], [5.0, 1, 1.0], [4.0, 1], [6.0], [5.0, 1], [11.0]]","[(0, 0.0, 0.0), (1, 6, 0.5454545454545454), (2, 7, 0.6363636363636364), (3, 8, 0.7272727272727273), (4, 7, 0.6363636363636364), (5, 7, 0.6363636363636364), (6, 6, 0.5454545454545454), (7, 7, 0.6363636363636364), (8, 5, 0.45454545454545453), (9, 4, 0.36363636363636365), (10, 6, 0.5454545454545454), (11, 5, 0.45454545454545453), (12, 5, 0.45454545454545453), (13, 0.0, 0.0)]","[(1, 6.0, 6.0, 1.0, 0, 6), (2, 7.0, 8.0, 0.875, 0, 8), (3, 8.0, 8.0, 1.0, 0, 8), (4, 7.0, 8.0, 0.875, 1, 9), (5, 7.0, 8.0, 0.875, 1, 9), (6, 6.0, 6.0, 1.0, 3, 9), (7, 7.0, 7.0, 1.0, 3, 10), (8, 5.0, 7.0, 0.7142857142857143, 3, 10), (9, 4.0, 5.0, 0.8, 5, 10), (10, 6.0, 7.0, 0.8571428571428571, 4, 11), (11, 5.0, 5.0, 1.0, 6, 11), (12, 5.0, 6.0, 0.8333333333333334, 5, 11)]",73,2,13.037999868392944,0.0
114,Experiment 2,4 Layers,8,12.0,"[[(0.0, 12.0)], [(9, 3.0)], [(9, 3.0)], [(9, 3.0)], [(8, 4.0)], [(6, 6.0)], [(3, 1), (7, 5.0)], [(0.0, 3.0)], [(0.0, 3.0), (7, 1), (11, 1.0)], [(0.0, 6.0)], [(0.0, 3.0), (11, 1.0)], [(0.0, 3.0)], [(0.0, 3.0), (11, 1.0)], [(0.0, 12.0)]]","[[12.0], [3.0], [3.0], [3.0], [4.0], [6.0], [1, 5.0], [3.0], [3.0, 1, 1.0], [6.0], [3.0, 1.0], [3.0], [3.0, 1.0], [12.0]]","[(0, 0.0, 0.0), (1, 9, 0.75), (2, 9, 0.75), (3, 9, 0.75), (4, 8, 0.6666666666666666), (5, 6, 0.5), (6, 6, 0.5), (7, 9, 0.75), (8, 7, 0.5833333333333334), (9, 6, 0.5), (10, 8, 0.6666666666666666), (11, 9, 0.75), (12, 8, 0.6666666666666666), (13, 0.0, 0.0)]","[(1, 9.0, 9.0, 1.0, 0, 9), (2, 9.0, 9.0, 1.0, 0, 9), (3, 9.0, 9.0, 1.0, 0, 9), (4, 8.0, 8.0, 1.0, 0, 8), (5, 6.0, 6.0, 1.0, 0, 6), (6, 6.0, 7.0, 0.8571428571428571, 0, 7), (7, 9.0, 9.0, 1.0, 3, 12), (8, 7.0, 8.0, 0.875, 3, 11), (9, 6.0, 6.0, 1.0, 6, 12), (10, 8.0, 8.0, 1.0, 3, 11), (11, 9.0, 9.0, 1.0, 3, 12), (12, 8.0, 8.0, 1.0, 3, 11)]",94,2,3.2719998359680176,0.0
115,Experiment 2,5 Layers,8,15.0,"[[(0.0, 15.0)], [(12, 3.0)], [(12, 3.0)], [(11, 4.0)], [(12, 3.0)], [(0.0, 6.0), (7, 2), (13, 2.0)], [(0.0, 3.0), (4, 5), (10, 2), (13, 2.0)], [(0.0, 3.0), (4, 2), (8, 1), (11, 4.0)], [(0.0, 3.0), (5, 1), (8, 4), (13, 2.0)], [(0.0, 8.0)], [(0.0, 4.0), (6, 1), (9, 2)], [(0.0, 5.0), (7, 1), (12, 1)], [(0.0, 6.0), (8, 1), (13, 2.0)], [(0.0, 15.0)]]","[[15.0], [3.0], [3.0], [4.0], [3.0], [6.0, 2, 2.0], [3.0, 5, 2, 2.0], [3.0, 2, 1, 4.0], [3.0, 1, 4, 2.0], [8.0], [4.0, 1, 2], [5.0, 1, 1], [6.0, 1, 2.0], [15.0]]","[(0, 0.0, 0.0), (1, 12, 0.8), (2, 12, 0.8), (3, 11, 0.7333333333333333), (4, 12, 0.8), (5, 5, 0.3333333333333333), (6, 3, 0.2), (7, 5, 0.3333333333333333), (8, 5, 0.3333333333333333), (9, 7, 0.4666666666666667), (10, 8, 0.5333333333333333), (11, 8, 0.5333333333333333), (12, 6, 0.4), (13, 0.0, 0.0)]","[(1, 12.0, 12.0, 1.0, 0, 12), (2, 12.0, 12.0, 1.0, 0, 12), (3, 11.0, 11.0, 1.0, 0, 11), (4, 12.0, 12.0, 1.0, 0, 12), (5, 5.0, 7.0, 0.7142857142857143, 6, 13), (6, 3.0, 10.0, 0.3, 3, 13), (7, 5.0, 8.0, 0.625, 3, 11), (8, 5.0, 10.0, 0.5, 3, 13), (9, 7.0, 7.0, 1.0, 8, 15), (10, 8.0, 11.0, 0.7272727272727273, 4, 15), (11, 8.0, 10.0, 0.8, 5, 15), (12, 6.0, 7.0, 0.8571428571428571, 6, 13)]",94,2,63.1470000743866,0.0
116,Experiment 2,6 Layers,8,14.0,"[[(0.0, 14.0)], [(9, 5.0)], [(10, 4.0)], [(10, 4.0)], [(0.0, 2.0), (3, 1), (7, 1), (10, 4.0)], [(0.0, 2.0), (7, 1), (9, 1), (11, 3.0)], [(0.0, 2.0), (3, 1), (5, 1), (8, 2), (11, 3.0)], [(0.0, 3.0), (4, 3), (10, 1), (12, 2.0)], [(0.0, 3.0), (4, 1), (7, 2), (12, 2.0)], [(0.0, 3.0), (6, 1), (10, 1), (12, 2.0)], [(0.0, 4.0)], [(0.0, 4.0)], [(0.0, 5.0)], [(0.0, 14.0)]]","[[14.0], [5.0], [4.0], [4.0], [2.0, 1, 1, 4.0], [2.0, 1, 1, 3.0], [2.0, 1, 1, 2, 3.0], [3.0, 3, 1, 2.0], [3.0, 1, 2, 2.0], [3.0, 1, 1, 2.0], [4.0], [4.0], [5.0], [14.0]]","[(0, 0.0, 0.0), (1, 9, 0.6428571428571429), (2, 10, 0.7142857142857143), (3, 10, 0.7142857142857143), (4, 6, 0.42857142857142855), (5, 7, 0.5), (6, 5, 0.35714285714285715), (7, 5, 0.35714285714285715), (8, 6, 0.42857142857142855), (9, 7, 0.5), (10, 10, 0.7142857142857143), (11, 10, 0.7142857142857143), (12, 9, 0.6428571428571429), (13, 0.0, 0.0)]","[(1, 9.0, 9.0, 1.0, 0, 9), (2, 10.0, 10.0, 1.0, 0, 10), (3, 10.0, 10.0, 1.0, 0, 10), (4, 6.0, 8.0, 0.75, 2, 10), (5, 7.0, 9.0, 0.7777777777777778, 2, 11), (6, 5.0, 9.0, 0.5555555555555556, 2, 11), (7, 5.0, 9.0, 0.5555555555555556, 3, 12), (8, 6.0, 9.0, 0.6666666666666666, 3, 12), (9, 7.0, 9.0, 0.7777777777777778, 3, 12), (10, 10.0, 10.0, 1.0, 4, 14), (11, 10.0, 10.0, 1.0, 4, 14), (12, 9.0, 9.0, 1.0, 5, 14)]",94,2,85.0550000667572,0.0
117,Experiment 2,4 Layers,9,11.0,"[[(0.0, 11.0)], [(6, 5.0)], [(6, 5.0)], [(9, 2.0)], [(9, 2.0)], [(9, 2.0)], [(6, 5.0)], [(0.0, 4.0), (10, 1.0)], [(0.0, 3.0)], [(0.0, 3.0), (9, 2.0)], [(0.0, 3.0), (5, 2)], [(0.0, 3.0), (9, 2.0)], [(0.0, 3.0)], [(0.0, 11.0)]]","[[11.0], [5.0], [5.0], [2.0], [2.0], [2.0], [5.0], [4.0, 1.0], [3.0], [3.0, 2.0], [3.0, 2], [3.0, 2.0], [3.0], [11.0]]","[(0, 0.0, 0.0), (1, 6, 0.5454545454545454), (2, 6, 0.5454545454545454), (3, 9, 0.8181818181818182), (4, 9, 0.8181818181818182), (5, 9, 0.8181818181818182), (6, 6, 0.5454545454545454), (7, 6, 0.5454545454545454), (8, 8, 0.7272727272727273), (9, 6, 0.5454545454545454), (10, 6, 0.5454545454545454), (11, 6, 0.5454545454545454), (12, 8, 0.7272727272727273), (13, 0.0, 0.0)]","[(1, 6.0, 6.0, 1.0, 0, 6), (2, 6.0, 6.0, 1.0, 0, 6), (3, 9.0, 9.0, 1.0, 0, 9), (4, 9.0, 9.0, 1.0, 0, 9), (5, 9.0, 9.0, 1.0, 0, 9), (6, 6.0, 6.0, 1.0, 0, 6), (7, 6.0, 6.0, 1.0, 4, 10), (8, 8.0, 8.0, 1.0, 3, 11), (9, 6.0, 6.0, 1.0, 3, 9), (10, 6.0, 8.0, 0.75, 3, 11), (11, 6.0, 6.0, 1.0, 3, 9), (12, 8.0, 8.0, 1.0, 3, 11)]",85,2,3.3550000190734863,0.0
118,Experiment 2,5 Layers,9,14.0,"[[(0.0, 14.0)], [(12, 2.0)], [(12, 2.0)], [(12, 2.0)], [(3, 1), (7, 1), (11, 3.0)], [(0.0, 3.0), (4, 1), (6, 5), (13, 1.0)], [(0.0, 6.0), (7, 3), (11, 1), (13, 1.0)], [(0.0, 4.0), (5, 2), (8, 4), (13, 1.0)], [(0.0, 3.0), (4, 3), (10, 2), (13, 1.0)], [(0.0, 5.0), (8, 2), (11, 1)], [(0.0, 7.0), (12, 1)], [(0.0, 6.0), (10, 3)], [(0.0, 6.0)], [(0.0, 14.0)]]","[[14.0], [2.0], [2.0], [2.0], [1, 1, 3.0], [3.0, 1, 5, 1.0], [6.0, 3, 1, 1.0], [4.0, 2, 4, 1.0], [3.0, 3, 2, 1.0], [5.0, 2, 1], [7.0, 1], [6.0, 3], [6.0], [14.0]]","[(0, 0.0, 0.0), (1, 12, 0.8571428571428571), (2, 12, 0.8571428571428571), (3, 12, 0.8571428571428571), (4, 9, 0.6428571428571429), (5, 4, 0.2857142857142857), (6, 3, 0.21428571428571427), (7, 3, 0.21428571428571427), (8, 5, 0.35714285714285715), (9, 6, 0.42857142857142855), (10, 6, 0.42857142857142855), (11, 5, 0.35714285714285715), (12, 8, 0.5714285714285714), (13, 0.0, 0.0)]","[(1, 12.0, 12.0, 1.0, 0, 12), (2, 12.0, 12.0, 1.0, 0, 12), (3, 12.0, 12.0, 1.0, 0, 12), (4, 9.0, 11.0, 0.8181818181818182, 0, 11), (5, 4.0, 10.0, 0.4, 3, 13), (6, 3.0, 7.0, 0.42857142857142855, 6, 13), (7, 3.0, 9.0, 0.3333333333333333, 4, 13), (8, 5.0, 10.0, 0.5, 3, 13), (9, 6.0, 9.0, 0.6666666666666666, 5, 14), (10, 6.0, 7.0, 0.8571428571428571, 7, 14), (11, 5.0, 8.0, 0.625, 6, 14), (12, 8.0, 8.0, 1.0, 6, 14)]",85,2,7.976000070571899,0.0
119,Experiment 2,6 Layers,9,13.0,"[[(0.0, 13.0)], [(4, 1), (9, 4.0)], [(2, 1), (7, 1), (10, 3.0)], [(6, 1), (9, 4.0)], [(0.0, 1.0), (5, 1), (7, 3), (11, 2.0)], [(0.0, 2.0), (7, 1), (10, 3.0)], [(0.0, 1.0), (7, 1), (10, 3.0)], [(0.0, 3.0), (5, 2), (8, 2), (12, 1.0)], [(0.0, 4.0), (6, 1), (8, 1), (11, 2.0)], [(0.0, 6.0), (11, 2.0)], [(0.0, 4.0)], [(0.0, 5.0)], [(0.0, 5.0)], [(0.0, 13.0)]]","[[13.0], [1, 4.0], [1, 1, 3.0], [1, 4.0], [1.0, 1, 3, 2.0], [2.0, 1, 3.0], [1.0, 1, 3.0], [3.0, 2, 2, 1.0], [4.0, 1, 1, 2.0], [6.0, 2.0], [4.0], [5.0], [5.0], [13.0]]","[(0, 0.0, 0.0), (1, 8, 0.6153846153846154), (2, 8, 0.6153846153846154), (3, 8, 0.6153846153846154), (4, 6, 0.46153846153846156), (5, 7, 0.5384615384615384), (6, 8, 0.6153846153846154), (7, 5, 0.38461538461538464), (8, 5, 0.38461538461538464), (9, 5, 0.38461538461538464), (10, 9, 0.6923076923076923), (11, 8, 0.6153846153846154), (12, 8, 0.6153846153846154), (13, 0.0, 0.0)]","[(1, 8.0, 9.0, 0.8888888888888888, 0, 9), (2, 8.0, 10.0, 0.8, 0, 10), (3, 8.0, 9.0, 0.8888888888888888, 0, 9), (4, 6.0, 10.0, 0.6, 1, 11), (5, 7.0, 8.0, 0.875, 2, 10), (6, 8.0, 9.0, 0.8888888888888888, 1, 10), (7, 5.0, 9.0, 0.5555555555555556, 3, 12), (8, 5.0, 7.0, 0.7142857142857143, 4, 11), (9, 5.0, 5.0, 1.0, 6, 11), (10, 9.0, 9.0, 1.0, 4, 13), (11, 8.0, 8.0, 1.0, 5, 13), (12, 8.0, 8.0, 1.0, 5, 13)]",85,2,28.22099995613098,0.0
120,Experiment 2,4 Layers,10,10.0,"[[(0.0, 10.0)], [(6, 4.0)], [(8, 2.0)], [(8, 2.0)], [(6, 4.0)], [(2, 1), (6, 4.0)], [(4, 1), (8, 2.0)], [(0.0, 3.0), (7, 1)], [(0.0, 2.0)], [(0.0, 2.0)], [(0.0, 2.0), (6, 2)], [(0.0, 5.0), (9, 1.0)], [(0.0, 2.0)], [(0.0, 10.0)]]","[[10.0], [4.0], [2.0], [2.0], [4.0], [1, 4.0], [1, 2.0], [3.0, 1], [2.0], [2.0], [2.0, 2], [5.0, 1.0], [2.0], [10.0]]","[(0, 0.0, 0.0), (1, 6, 0.6), (2, 8, 0.8), (3, 8, 0.8), (4, 6, 0.6), (5, 5, 0.5), (6, 7, 0.7), (7, 6, 0.6), (8, 8, 0.8), (9, 8, 0.8), (10, 6, 0.6), (11, 4, 0.4), (12, 8, 0.8), (13, 0.0, 0.0)]","[(1, 6.0, 6.0, 1.0, 0, 6), (2, 8.0, 8.0, 1.0, 0, 8), (3, 8.0, 8.0, 1.0, 0, 8), (4, 6.0, 6.0, 1.0, 0, 6), (5, 5.0, 6.0, 0.8333333333333334, 0, 6), (6, 7.0, 8.0, 0.875, 0, 8), (7, 6.0, 7.0, 0.8571428571428571, 3, 10), (8, 8.0, 8.0, 1.0, 2, 10), (9, 8.0, 8.0, 1.0, 2, 10), (10, 6.0, 8.0, 0.75, 2, 10), (11, 4.0, 4.0, 1.0, 5, 9), (12, 8.0, 8.0, 1.0, 2, 10)]",80,2,3.0460000038146973,0.0
121,Experiment 2,5 Layers,10,13.0,"[[(0.0, 13.0)], [(11, 2.0)], [(10, 3.0)], [(9, 4.0)], [(10, 3.0)], [(0.0, 2.0), (4, 1), (6, 2), (10, 1), (12, 1.0)], [(0.0, 2.0), (7, 6.0)], [(0.0, 2.0), (7, 2), (10, 3.0)], [(0.0, 7.0), (8, 2), (12, 1.0)], [(0.0, 6.0), (7, 1), (10, 1)], [(0.0, 9.0)], [(0.0, 7.0), (10, 1)], [(0.0, 4.0), (6, 2), (10, 1)], [(0.0, 13.0)]]","[[13.0], [2.0], [3.0], [4.0], [3.0], [2.0, 1, 2, 1, 1.0], [2.0, 6.0], [2.0, 2, 3.0], [7.0, 2, 1.0], [6.0, 1, 1], [9.0], [7.0, 1], [4.0, 2, 1], [13.0]]","[(0, 0.0, 0.0), (1, 11, 0.8461538461538461), (2, 10, 0.7692307692307693), (3, 9, 0.6923076923076923), (4, 10, 0.7692307692307693), (5, 6, 0.46153846153846156), (6, 5, 0.38461538461538464), (7, 6, 0.46153846153846156), (8, 3, 0.23076923076923078), (9, 5, 0.38461538461538464), (10, 4, 0.3076923076923077), (11, 5, 0.38461538461538464), (12, 6, 0.46153846153846156), (13, 0.0, 0.0)]","[(1, 11.0, 11.0, 1.0, 0, 11), (2, 10.0, 10.0, 1.0, 0, 10), (3, 9.0, 9.0, 1.0, 0, 9), (4, 10.0, 10.0, 1.0, 0, 10), (5, 6.0, 10.0, 0.6, 2, 12), (6, 5.0, 5.0, 1.0, 2, 7), (7, 6.0, 8.0, 0.75, 2, 10), (8, 3.0, 5.0, 0.6, 7, 12), (9, 5.0, 7.0, 0.7142857142857143, 6, 13), (10, 4.0, 4.0, 1.0, 9, 13), (11, 5.0, 6.0, 0.8333333333333334, 7, 13), (12, 6.0, 9.0, 0.6666666666666666, 4, 13)]",80,2,5.453999996185303,0.0
122,Experiment 2,6 Layers,10,11.0,"[[(0.0, 11.0)], [(8, 3.0)], [(8, 3.0)], [(8, 3.0)], [(0.0, 3.0), (6, 1), (9, 2.0)], [(0.0, 1.0), (3, 3), (9, 2.0)], [(0.0, 1.0), (3, 1), (7, 1), (9, 2.0)], [(0.0, 3.0), (6, 2), (10, 1.0)], [(0.0, 2.0), (8, 1), (10, 1.0)], [(0.0, 2.0), (10, 1.0)], [(0.0, 4.0)], [(0.0, 4.0)], [(0.0, 5.0)], [(0.0, 11.0)]]","[[11.0], [3.0], [3.0], [3.0], [3.0, 1, 2.0], [1.0, 3, 2.0], [1.0, 1, 1, 2.0], [3.0, 2, 1.0], [2.0, 1, 1.0], [2.0, 1.0], [4.0], [4.0], [5.0], [11.0]]","[(0, 0.0, 0.0), (1, 8, 0.7272727272727273), (2, 8, 0.7272727272727273), (3, 8, 0.7272727272727273), (4, 5, 0.45454545454545453), (5, 5, 0.45454545454545453), (6, 6, 0.5454545454545454), (7, 5, 0.45454545454545453), (8, 7, 0.6363636363636364), (9, 8, 0.7272727272727273), (10, 7, 0.6363636363636364), (11, 7, 0.6363636363636364), (12, 6, 0.5454545454545454), (13, 0.0, 0.0)]","[(1, 8.0, 8.0, 1.0, 0, 8), (2, 8.0, 8.0, 1.0, 0, 8), (3, 8.0, 8.0, 1.0, 0, 8), (4, 5.0, 6.0, 0.8333333333333334, 3, 9), (5, 5.0, 8.0, 0.625, 1, 9), (6, 6.0, 8.0, 0.75, 1, 9), (7, 5.0, 7.0, 0.7142857142857143, 3, 10), (8, 7.0, 8.0, 0.875, 2, 10), (9, 8.0, 8.0, 1.0, 2, 10), (10, 7.0, 7.0, 1.0, 4, 11), (11, 7.0, 7.0, 1.0, 4, 11), (12, 6.0, 6.0, 1.0, 5, 11)]",80,2,12.078999996185303,0.0
123,Experiment 2,4 Layers,11,12.0,"[[(0.0, 12.0)], [(4, 1), (7, 5.0)], [(8, 4.0)], [(10, 2.0)], [(8, 4.0)], [(8, 4.0)], [(10, 2.0)], [(0.0, 3.0)], [(0.0, 4.0), (8, 1), (11, 1.0)], [(0.0, 5.0)], [(0.0, 4.0)], [(0.0, 2.0), (7, 2), (11, 1.0)], [(0.0, 4.0), (11, 1.0)], [(0.0, 12.0)]]","[[12.0], [1, 5.0], [4.0], [2.0], [4.0], [4.0], [2.0], [3.0], [4.0, 1, 1.0], [5.0], [4.0], [2.0, 2, 1.0], [4.0, 1.0], [12.0]]","[(0, 0.0, 0.0), (1, 6, 0.5), (2, 8, 0.6666666666666666), (3, 10, 0.8333333333333334), (4, 8, 0.6666666666666666), (5, 8, 0.6666666666666666), (6, 10, 0.8333333333333334), (7, 9, 0.75), (8, 6, 0.5), (9, 7, 0.5833333333333334), (10, 8, 0.6666666666666666), (11, 7, 0.5833333333333334), (12, 7, 0.5833333333333334), (13, 0.0, 0.0)]","[(1, 6.0, 7.0, 0.8571428571428571, 0, 7), (2, 8.0, 8.0, 1.0, 0, 8), (3, 10.0, 10.0, 1.0, 0, 10), (4, 8.0, 8.0, 1.0, 0, 8), (5, 8.0, 8.0, 1.0, 0, 8), (6, 10.0, 10.0, 1.0, 0, 10), (7, 9.0, 9.0, 1.0, 3, 12), (8, 6.0, 7.0, 0.8571428571428571, 4, 11), (9, 7.0, 7.0, 1.0, 5, 12), (10, 8.0, 8.0, 1.0, 4, 12), (11, 7.0, 9.0, 0.7777777777777778, 2, 11), (12, 7.0, 7.0, 1.0, 4, 11)]",94,2,5.755000114440918,0.0
124,Experiment 2,5 Layers,11,16.0,"[[(0.0, 16.0)], [(14, 2.0)], [(8, 1), (13, 3.0)], [(4, 1), (13, 3.0)], [(12, 4.0)], [(0.0, 7.0), (11, 1), (13, 3.0)], [(0.0, 2.0), (3, 1), (5, 5), (11, 3), (15, 1.0)], [(0.0, 3.0), (4, 2), (7, 2), (11, 5.0)], [(0.0, 8.0), (9, 4), (15, 1.0)], [(0.0, 5.0), (6, 6), (14, 1)], [(0.0, 8.0), (10, 2)], [(0.0, 5.0), (11, 3)], [(0.0, 3.0), (11, 2), (15, 1.0)], [(0.0, 16.0)]]","[[16.0], [2.0], [1, 3.0], [1, 3.0], [4.0], [7.0, 1, 3.0], [2.0, 1, 5, 3, 1.0], [3.0, 2, 2, 5.0], [8.0, 4, 1.0], [5.0, 6, 1], [8.0, 2], [5.0, 3], [3.0, 2, 1.0], [16.0]]","[(0, 0.0, 0.0), (1, 14, 0.875), (2, 12, 0.75), (3, 12, 0.75), (4, 12, 0.75), (5, 5, 0.3125), (6, 4, 0.25), (7, 4, 0.25), (8, 3, 0.1875), (9, 4, 0.25), (10, 6, 0.375), (11, 8, 0.5), (12, 10, 0.625), (13, 0.0, 0.0)]","[(1, 14.0, 14.0, 1.0, 0, 14), (2, 12.0, 13.0, 0.9230769230769231, 0, 13), (3, 12.0, 13.0, 0.9230769230769231, 0, 13), (4, 12.0, 12.0, 1.0, 0, 12), (5, 5.0, 6.0, 0.8333333333333334, 7, 13), (6, 4.0, 13.0, 0.3076923076923077, 2, 15), (7, 4.0, 8.0, 0.5, 3, 11), (8, 3.0, 7.0, 0.42857142857142855, 8, 15), (9, 4.0, 11.0, 0.36363636363636365, 5, 16), (10, 6.0, 8.0, 0.75, 8, 16), (11, 8.0, 11.0, 0.7272727272727273, 5, 16), (12, 10.0, 12.0, 0.8333333333333334, 3, 15)]",94,2,7.884000062942505,0.0
125,Experiment 2,6 Layers,11,13.0,"[[(0.0, 13.0)], [(8, 5.0)], [(8, 5.0)], [(9, 4.0)], [(0.0, 1.0), (10, 3.0)], [(0.0, 3.0), (11, 2.0)], [(0.0, 1.0), (3, 1), (10, 3.0)], [(0.0, 2.0), (3, 3), (9, 1), (11, 2.0)], [(0.0, 6.0), (10, 1), (12, 1.0)], [(0.0, 2.0), (4, 2), (7, 1), (11, 2.0)], [(0.0, 4.0), (8, 1)], [(0.0, 3.0)], [(0.0, 3.0)], [(0.0, 13.0)]]","[[13.0], [5.0], [5.0], [4.0], [1.0, 3.0], [3.0, 2.0], [1.0, 1, 3.0], [2.0, 3, 1, 2.0], [6.0, 1, 1.0], [2.0, 2, 1, 2.0], [4.0, 1], [3.0], [3.0], [13.0]]","[(0, 0.0, 0.0), (1, 8, 0.6153846153846154), (2, 8, 0.6153846153846154), (3, 9, 0.6923076923076923), (4, 9, 0.6923076923076923), (5, 8, 0.6153846153846154), (6, 8, 0.6153846153846154), (7, 5, 0.38461538461538464), (8, 5, 0.38461538461538464), (9, 6, 0.46153846153846156), (10, 8, 0.6153846153846154), (11, 10, 0.7692307692307693), (12, 10, 0.7692307692307693), (13, 0.0, 0.0)]","[(1, 8.0, 8.0, 1.0, 0, 8), (2, 8.0, 8.0, 1.0, 0, 8), (3, 9.0, 9.0, 1.0, 0, 9), (4, 9.0, 9.0, 1.0, 1, 10), (5, 8.0, 8.0, 1.0, 3, 11), (6, 8.0, 9.0, 0.8888888888888888, 1, 10), (7, 5.0, 9.0, 0.5555555555555556, 2, 11), (8, 5.0, 6.0, 0.8333333333333334, 6, 12), (9, 6.0, 9.0, 0.6666666666666666, 2, 11), (10, 8.0, 9.0, 0.8888888888888888, 4, 13), (11, 10.0, 10.0, 1.0, 3, 13), (12, 10.0, 10.0, 1.0, 3, 13)]",94,2,17.258000135421753,0.0
126,Experiment 2,4 Layers,12,11.0,"[[(0.0, 11.0)], [(8, 3.0)], [(6, 5.0)], [(3, 1), (7, 4.0)], [(3, 1), (7, 4.0)], [(8, 3.0)], [(8, 3.0)], [(0.0, 2.0)], [(0.0, 4.0), (10, 1.0)], [(0.0, 2.0)], [(0.0, 3.0), (6, 2)], [(0.0, 3.0), (9, 2.0)], [(0.0, 2.0)], [(0.0, 11.0)]]","[[11.0], [3.0], [5.0], [1, 4.0], [1, 4.0], [3.0], [3.0], [2.0], [4.0, 1.0], [2.0], [3.0, 2], [3.0, 2.0], [2.0], [11.0]]","[(0, 0.0, 0.0), (1, 8, 0.7272727272727273), (2, 6, 0.5454545454545454), (3, 6, 0.5454545454545454), (4, 6, 0.5454545454545454), (5, 8, 0.7272727272727273), (6, 8, 0.7272727272727273), (7, 9, 0.8181818181818182), (8, 6, 0.5454545454545454), (9, 9, 0.8181818181818182), (10, 6, 0.5454545454545454), (11, 6, 0.5454545454545454), (12, 9, 0.8181818181818182), (13, 0.0, 0.0)]","[(1, 8.0, 8.0, 1.0, 0, 8), (2, 6.0, 6.0, 1.0, 0, 6), (3, 6.0, 7.0, 0.8571428571428571, 0, 7), (4, 6.0, 7.0, 0.8571428571428571, 0, 7), (5, 8.0, 8.0, 1.0, 0, 8), (6, 8.0, 8.0, 1.0, 0, 8), (7, 9.0, 9.0, 1.0, 2, 11), (8, 6.0, 6.0, 1.0, 4, 10), (9, 9.0, 9.0, 1.0, 2, 11), (10, 6.0, 8.0, 0.75, 3, 11), (11, 6.0, 6.0, 1.0, 3, 9), (12, 9.0, 9.0, 1.0, 2, 11)]",87,2,3.4690001010894775,0.0
127,Experiment 2,5 Layers,12,14.0,"[[(0.0, 14.0)], [(11, 3.0)], [(9, 5.0)], [(11, 3.0)], [(11, 3.0)], [(0.0, 2.0), (4, 1), (7, 1), (12, 2.0)], [(0.0, 3.0), (6, 3), (10, 1), (13, 1.0)], [(0.0, 3.0), (4, 2), (7, 2), (10, 1), (12, 2.0)], [(0.0, 6.0), (8, 3), (12, 2.0)], [(0.0, 4.0), (5, 2), (9, 3)], [(0.0, 4.0), (6, 4)], [(0.0, 6.0), (9, 1)], [(0.0, 4.0), (6, 2), (10, 2)], [(0.0, 14.0)]]","[[14.0], [3.0], [5.0], [3.0], [3.0], [2.0, 1, 1, 2.0], [3.0, 3, 1, 1.0], [3.0, 2, 2, 1, 2.0], [6.0, 3, 2.0], [4.0, 2, 3], [4.0, 4], [6.0, 1], [4.0, 2, 2], [14.0]]","[(0, 0.0, 0.0), (1, 11, 0.7857142857142857), (2, 9, 0.6428571428571429), (3, 11, 0.7857142857142857), (4, 11, 0.7857142857142857), (5, 8, 0.5714285714285714), (6, 6, 0.42857142857142855), (7, 4, 0.2857142857142857), (8, 3, 0.21428571428571427), (9, 5, 0.35714285714285715), (10, 6, 0.42857142857142855), (11, 7, 0.5), (12, 6, 0.42857142857142855), (13, 0.0, 0.0)]","[(1, 11.0, 11.0, 1.0, 0, 11), (2, 9.0, 9.0, 1.0, 0, 9), (3, 11.0, 11.0, 1.0, 0, 11), (4, 11.0, 11.0, 1.0, 0, 11), (5, 8.0, 10.0, 0.8, 2, 12), (6, 6.0, 10.0, 0.6, 3, 13), (7, 4.0, 9.0, 0.4444444444444444, 3, 12), (8, 3.0, 6.0, 0.5, 6, 12), (9, 5.0, 10.0, 0.5, 4, 14), (10, 6.0, 10.0, 0.6, 4, 14), (11, 7.0, 8.0, 0.875, 6, 14), (12, 6.0, 10.0, 0.6, 4, 14)]",87,2,9.756999969482422,0.0
128,Experiment 2,6 Layers,12,13.0,"[[(0.0, 13.0)], [(6, 7.0)], [(3, 2), (6, 7.0)], [(5, 8.0)], [(0.0, 1.0), (10, 3.0)], [(0.0, 1.0), (10, 3.0)], [(0.0, 1.0), (10, 3.0)], [(0.0, 5.0), (12, 1.0)], [(0.0, 3.0), (4, 1), (11, 2.0)], [(0.0, 3.0), (6, 1), (11, 2.0)], [(0.0, 5.0)], [(0.0, 4.0)], [(0.0, 6.0)], [(0.0, 13.0)]]","[[13.0], [7.0], [2, 7.0], [8.0], [1.0, 3.0], [1.0, 3.0], [1.0, 3.0], [5.0, 1.0], [3.0, 1, 2.0], [3.0, 1, 2.0], [5.0], [4.0], [6.0], [13.0]]","[(0, 0.0, 0.0), (1, 6, 0.46153846153846156), (2, 4, 0.3076923076923077), (3, 5, 0.38461538461538464), (4, 9, 0.6923076923076923), (5, 9, 0.6923076923076923), (6, 9, 0.6923076923076923), (7, 7, 0.5384615384615384), (8, 7, 0.5384615384615384), (9, 7, 0.5384615384615384), (10, 8, 0.6153846153846154), (11, 9, 0.6923076923076923), (12, 7, 0.5384615384615384), (13, 0.0, 0.0)]","[(1, 6.0, 6.0, 1.0, 0, 6), (2, 4.0, 6.0, 0.6666666666666666, 0, 6), (3, 5.0, 5.0, 1.0, 0, 5), (4, 9.0, 9.0, 1.0, 1, 10), (5, 9.0, 9.0, 1.0, 1, 10), (6, 9.0, 9.0, 1.0, 1, 10), (7, 7.0, 7.0, 1.0, 5, 12), (8, 7.0, 8.0, 0.875, 3, 11), (9, 7.0, 8.0, 0.875, 3, 11), (10, 8.0, 8.0, 1.0, 5, 13), (11, 9.0, 9.0, 1.0, 4, 13), (12, 7.0, 7.0, 1.0, 6, 13)]",87,2,14.637999773025513,0.0
129,Experiment 2,4 Layers,13,14.0,"[[(0.0, 14.0)], [(2, 1), (7, 7.0)], [(4, 10.0)], [(4, 2), (8, 6.0)], [(6, 8.0)], [(4, 10.0)], [(4, 10.0)], [(0.0, 2.0)], [(0.0, 2.0)], [(0.0, 2.0), (6, 1), (11, 3.0)], [(0.0, 2.0), (6, 1)], [(0.0, 3.0), (12, 2.0)], [(0.0, 5.0)], [(0.0, 14.0)]]","[[14.0], [1, 7.0], [10.0], [2, 6.0], [8.0], [10.0], [10.0], [2.0], [2.0], [2.0, 1, 3.0], [2.0, 1], [3.0, 2.0], [5.0], [14.0]]","[(0, 0.0, 0.0), (1, 6, 0.42857142857142855), (2, 4, 0.2857142857142857), (3, 6, 0.42857142857142855), (4, 6, 0.42857142857142855), (5, 4, 0.2857142857142857), (6, 4, 0.2857142857142857), (7, 12, 0.8571428571428571), (8, 12, 0.8571428571428571), (9, 8, 0.5714285714285714), (10, 11, 0.7857142857142857), (11, 9, 0.6428571428571429), (12, 9, 0.6428571428571429), (13, 0.0, 0.0)]","[(1, 6.0, 7.0, 0.8571428571428571, 0, 7), (2, 4.0, 4.0, 1.0, 0, 4), (3, 6.0, 8.0, 0.75, 0, 8), (4, 6.0, 6.0, 1.0, 0, 6), (5, 4.0, 4.0, 1.0, 0, 4), (6, 4.0, 4.0, 1.0, 0, 4), (7, 12.0, 12.0, 1.0, 2, 14), (8, 12.0, 12.0, 1.0, 2, 14), (9, 8.0, 9.0, 0.8888888888888888, 2, 11), (10, 11.0, 12.0, 0.9166666666666666, 2, 14), (11, 9.0, 9.0, 1.0, 3, 12), (12, 9.0, 9.0, 1.0, 5, 14)]",91,2,3.9019999504089355,0.0
130,Experiment 2,5 Layers,13,15.0,"[[(0.0, 15.0)], [(4, 3), (11, 4.0)], [(4, 1), (7, 8.0)], [(8, 7.0)], [(8, 7.0)], [(0.0, 2.0), (14, 1.0)], [(0.0, 2.0), (14, 1.0)], [(0.0, 4.0), (13, 2.0)], [(0.0, 2.0), (12, 3.0)], [(0.0, 9.0), (12, 1)], [(0.0, 6.0), (7, 6)], [(0.0, 5.0), (6, 2), (13, 1)], [(0.0, 8.0), (10, 2), (13, 2.0)], [(0.0, 15.0)]]","[[15.0], [3, 4.0], [1, 8.0], [7.0], [7.0], [2.0, 1.0], [2.0, 1.0], [4.0, 2.0], [2.0, 3.0], [9.0, 1], [6.0, 6], [5.0, 2, 1], [8.0, 2, 2.0], [15.0]]","[(0, 0.0, 0.0), (1, 8, 0.5333333333333333), (2, 6, 0.4), (3, 8, 0.5333333333333333), (4, 8, 0.5333333333333333), (5, 12, 0.8), (6, 12, 0.8), (7, 9, 0.6), (8, 10, 0.6666666666666666), (9, 5, 0.3333333333333333), (10, 3, 0.2), (11, 7, 0.4666666666666667), (12, 3, 0.2), (13, 0.0, 0.0)]","[(1, 8.0, 11.0, 0.7272727272727273, 0, 11), (2, 6.0, 7.0, 0.8571428571428571, 0, 7), (3, 8.0, 8.0, 1.0, 0, 8), (4, 8.0, 8.0, 1.0, 0, 8), (5, 12.0, 12.0, 1.0, 2, 14), (6, 12.0, 12.0, 1.0, 2, 14), (7, 9.0, 9.0, 1.0, 4, 13), (8, 10.0, 10.0, 1.0, 2, 12), (9, 5.0, 6.0, 0.8333333333333334, 9, 15), (10, 3.0, 9.0, 0.3333333333333333, 6, 15), (11, 7.0, 10.0, 0.7, 5, 15), (12, 3.0, 5.0, 0.6, 8, 13)]",91,2,9.056999921798706,0.0
131,Experiment 2,6 Layers,13,18.0,"[[(0.0, 18.0)], [(4, 5), (10, 8.0)], [(5, 13.0)], [(4, 1), (6, 12.0)], [(0.0, 1.0), (2, 2), (7, 11.0)], [(0.0, 1.0), (5, 1), (8, 10.0)], [(0.0, 1.0), (2, 1), (5, 3), (9, 3), (13, 5.0)], [(0.0, 2.0), (17, 1.0)], [(0.0, 2.0), (17, 1.0)], [(0.0, 2.0), (12, 1), (16, 2.0)], [(0.0, 6.0), (7, 1), (10, 1), (12, 1), (14, 2)], [(0.0, 14.0), (16, 1)], [(0.0, 6.0), (7, 3), (17, 1.0)], [(0.0, 18.0)]]","[[18.0], [5, 8.0], [13.0], [1, 12.0], [1.0, 2, 11.0], [1.0, 1, 10.0], [1.0, 1, 3, 3, 5.0], [2.0, 1.0], [2.0, 1.0], [2.0, 1, 2.0], [6.0, 1, 1, 1, 2], [14.0, 1], [6.0, 3, 1.0], [18.0]]","[(0, 0.0, 0.0), (1, 5, 0.2777777777777778), (2, 5, 0.2777777777777778), (3, 5, 0.2777777777777778), (4, 4, 0.2222222222222222), (5, 6, 0.3333333333333333), (6, 5, 0.2777777777777778), (7, 15, 0.8333333333333334), (8, 15, 0.8333333333333334), (9, 13, 0.7222222222222222), (10, 7, 0.3888888888888889), (11, 3, 0.16666666666666666), (12, 8, 0.4444444444444444), (13, 0.0, 0.0)]","[(1, 5.0, 10.0, 0.5, 0, 10), (2, 5.0, 5.0, 1.0, 0, 5), (3, 5.0, 6.0, 0.8333333333333334, 0, 6), (4, 4.0, 6.0, 0.6666666666666666, 1, 7), (5, 6.0, 7.0, 0.8571428571428571, 1, 8), (6, 5.0, 12.0, 0.4166666666666667, 1, 13), (7, 15.0, 15.0, 1.0, 2, 17), (8, 15.0, 15.0, 1.0, 2, 17), (9, 13.0, 14.0, 0.9285714285714286, 2, 16), (10, 7.0, 12.0, 0.5833333333333334, 6, 18), (11, 3.0, 4.0, 0.75, 14, 18), (12, 8.0, 11.0, 0.7272727272727273, 6, 17)]",91,2,10.79800009727478,0.0
132,Experiment 2,4 Layers,14,10.0,"[[(0.0, 10.0)], [(6, 4.0)], [(7, 3.0)], [(7, 3.0)], [(7, 3.0)], [(8, 2.0)], [(8, 2.0)], [(0.0, 3.0), (9, 1.0)], [(0.0, 4.0)], [(0.0, 4.0), (9, 1.0)], [(0.0, 4.0)], [(0.0, 3.0), (5, 1)], [(0.0, 4.0), (7, 1)], [(0.0, 10.0)]]","[[10.0], [4.0], [3.0], [3.0], [3.0], [2.0], [2.0], [3.0, 1.0], [4.0], [4.0, 1.0], [4.0], [3.0, 1], [4.0, 1], [10.0]]","[(0, 0.0, 0.0), (1, 6, 0.6), (2, 7, 0.7), (3, 7, 0.7), (4, 7, 0.7), (5, 8, 0.8), (6, 8, 0.8), (7, 6, 0.6), (8, 6, 0.6), (9, 5, 0.5), (10, 6, 0.6), (11, 6, 0.6), (12, 5, 0.5), (13, 0.0, 0.0)]","[(1, 6.0, 6.0, 1.0, 0, 6), (2, 7.0, 7.0, 1.0, 0, 7), (3, 7.0, 7.0, 1.0, 0, 7), (4, 7.0, 7.0, 1.0, 0, 7), (5, 8.0, 8.0, 1.0, 0, 8), (6, 8.0, 8.0, 1.0, 0, 8), (7, 6.0, 6.0, 1.0, 3, 9), (8, 6.0, 6.0, 1.0, 4, 10), (9, 5.0, 5.0, 1.0, 4, 9), (10, 6.0, 6.0, 1.0, 4, 10), (11, 6.0, 7.0, 0.8571428571428571, 3, 10), (12, 5.0, 6.0, 0.8333333333333334, 4, 10)]",77,2,5.068000078201294,0.0
133,Experiment 2,5 Layers,14,13.0,"[[(0.0, 13.0)], [(11, 2.0)], [(11, 2.0)], [(10, 3.0)], [(11, 2.0)], [(0.0, 6.0), (7, 2), (12, 1.0)], [(0.0, 4.0), (5, 2), (8, 1), (11, 2.0)], [(0.0, 5.0), (8, 3), (12, 1.0)], [(0.0, 5.0), (6, 2), (9, 2), (12, 1.0)], [(0.0, 8.0), (9, 1)], [(0.0, 5.0), (9, 1), (11, 1)], [(0.0, 7.0)], [(0.0, 8.0), (9, 2)], [(0.0, 13.0)]]","[[13.0], [2.0], [2.0], [3.0], [2.0], [6.0, 2, 1.0], [4.0, 2, 1, 2.0], [5.0, 3, 1.0], [5.0, 2, 2, 1.0], [8.0, 1], [5.0, 1, 1], [7.0], [8.0, 2], [13.0]]","[(0, 0.0, 0.0), (1, 11, 0.8461538461538461), (2, 11, 0.8461538461538461), (3, 10, 0.7692307692307693), (4, 11, 0.8461538461538461), (5, 4, 0.3076923076923077), (6, 4, 0.3076923076923077), (7, 4, 0.3076923076923077), (8, 3, 0.23076923076923078), (9, 4, 0.3076923076923077), (10, 6, 0.46153846153846156), (11, 6, 0.46153846153846156), (12, 3, 0.23076923076923078), (13, 0.0, 0.0)]","[(1, 11.0, 11.0, 1.0, 0, 11), (2, 11.0, 11.0, 1.0, 0, 11), (3, 10.0, 10.0, 1.0, 0, 10), (4, 11.0, 11.0, 1.0, 0, 11), (5, 4.0, 6.0, 0.6666666666666666, 6, 12), (6, 4.0, 7.0, 0.5714285714285714, 4, 11), (7, 4.0, 7.0, 0.5714285714285714, 5, 12), (8, 3.0, 7.0, 0.42857142857142855, 5, 12), (9, 4.0, 5.0, 0.8, 8, 13), (10, 6.0, 8.0, 0.75, 5, 13), (11, 6.0, 6.0, 1.0, 7, 13), (12, 3.0, 5.0, 0.6, 8, 13)]",77,2,9.847999811172485,0.0
134,Experiment 2,6 Layers,14,11.0,"[[(0.0, 11.0)], [(8, 3.0)], [(8, 3.0)], [(8, 3.0)], [(0.0, 2.0), (9, 2.0)], [(0.0, 2.0), (4, 1), (7, 1), (9, 2.0)], [(0.0, 1.0), (6, 1), (9, 2.0)], [(0.0, 4.0), (5, 1), (10, 1.0)], [(0.0, 2.0), (3, 1), (5, 1), (7, 1), (10, 1.0)], [(0.0, 3.0), (5, 1), (8, 1), (10, 1.0)], [(0.0, 5.0)], [(0.0, 3.0), (4, 1)], [(0.0, 5.0)], [(0.0, 11.0)]]","[[11.0], [3.0], [3.0], [3.0], [2.0, 2.0], [2.0, 1, 1, 2.0], [1.0, 1, 2.0], [4.0, 1, 1.0], [2.0, 1, 1, 1, 1.0], [3.0, 1, 1, 1.0], [5.0], [3.0, 1], [5.0], [11.0]]","[(0, 0.0, 0.0), (1, 8, 0.7272727272727273), (2, 8, 0.7272727272727273), (3, 8, 0.7272727272727273), (4, 7, 0.6363636363636364), (5, 5, 0.45454545454545453), (6, 7, 0.6363636363636364), (7, 5, 0.45454545454545453), (8, 5, 0.45454545454545453), (9, 5, 0.45454545454545453), (10, 6, 0.5454545454545454), (11, 7, 0.6363636363636364), (12, 6, 0.5454545454545454), (13, 0.0, 0.0)]","[(1, 8.0, 8.0, 1.0, 0, 8), (2, 8.0, 8.0, 1.0, 0, 8), (3, 8.0, 8.0, 1.0, 0, 8), (4, 7.0, 7.0, 1.0, 2, 9), (5, 5.0, 7.0, 0.7142857142857143, 2, 9), (6, 7.0, 8.0, 0.875, 1, 9), (7, 5.0, 6.0, 0.8333333333333334, 4, 10), (8, 5.0, 8.0, 0.625, 2, 10), (9, 5.0, 7.0, 0.7142857142857143, 3, 10), (10, 6.0, 6.0, 1.0, 5, 11), (11, 7.0, 8.0, 0.875, 3, 11), (12, 6.0, 6.0, 1.0, 5, 11)]",77,2,5.2179999351501465,0.0
135,Experiment 2,4 Layers,15,11.0,"[[(0.0, 11.0)], [(7, 4.0)], [(7, 4.0)], [(5, 1), (8, 3.0)], [(5, 6.0)], [(5, 6.0)], [(7, 4.0)], [(0.0, 2.0)], [(0.0, 2.0)], [(0.0, 3.0)], [(0.0, 2.0)], [(0.0, 2.0), (5, 1), (10, 1.0)], [(0.0, 2.0), (9, 2.0)], [(0.0, 11.0)]]","[[11.0], [4.0], [4.0], [1, 3.0], [6.0], [6.0], [4.0], [2.0], [2.0], [3.0], [2.0], [2.0, 1, 1.0], [2.0, 2.0], [11.0]]","[(0, 0.0, 0.0), (1, 7, 0.6363636363636364), (2, 7, 0.6363636363636364), (3, 7, 0.6363636363636364), (4, 5, 0.45454545454545453), (5, 5, 0.45454545454545453), (6, 7, 0.6363636363636364), (7, 9, 0.8181818181818182), (8, 9, 0.8181818181818182), (9, 8, 0.7272727272727273), (10, 9, 0.8181818181818182), (11, 7, 0.6363636363636364), (12, 7, 0.6363636363636364), (13, 0.0, 0.0)]","[(1, 7.0, 7.0, 1.0, 0, 7), (2, 7.0, 7.0, 1.0, 0, 7), (3, 7.0, 8.0, 0.875, 0, 8), (4, 5.0, 5.0, 1.0, 0, 5), (5, 5.0, 5.0, 1.0, 0, 5), (6, 7.0, 7.0, 1.0, 0, 7), (7, 9.0, 9.0, 1.0, 2, 11), (8, 9.0, 9.0, 1.0, 2, 11), (9, 8.0, 8.0, 1.0, 3, 11), (10, 9.0, 9.0, 1.0, 2, 11), (11, 7.0, 8.0, 0.875, 2, 10), (12, 7.0, 7.0, 1.0, 2, 9)]",87,2,3.8450000286102295,0.0
136,Experiment 2,5 Layers,15,13.0,"[[(0.0, 13.0)], [(10, 3.0)], [(9, 4.0)], [(10, 3.0)], [(9, 4.0)], [(0.0, 2.0), (3, 3), (7, 2), (11, 2.0)], [(0.0, 5.0), (8, 5.0)], [(0.0, 2.0), (4, 1), (10, 3.0)], [(0.0, 4.0), (7, 2), (12, 1.0)], [(0.0, 5.0), (9, 1)], [(0.0, 5.0)], [(0.0, 4.0), (10, 1)], [(0.0, 3.0), (5, 3), (10, 1)], [(0.0, 13.0)]]","[[13.0], [3.0], [4.0], [3.0], [4.0], [2.0, 3, 2, 2.0], [5.0, 5.0], [2.0, 1, 3.0], [4.0, 2, 1.0], [5.0, 1], [5.0], [4.0, 1], [3.0, 3, 1], [13.0]]","[(0, 0.0, 0.0), (1, 10, 0.7692307692307693), (2, 9, 0.6923076923076923), (3, 10, 0.7692307692307693), (4, 9, 0.6923076923076923), (5, 4, 0.3076923076923077), (6, 3, 0.23076923076923078), (7, 7, 0.5384615384615384), (8, 6, 0.46153846153846156), (9, 7, 0.5384615384615384), (10, 8, 0.6153846153846154), (11, 8, 0.6153846153846154), (12, 6, 0.46153846153846156), (13, 0.0, 0.0)]","[(1, 10.0, 10.0, 1.0, 0, 10), (2, 9.0, 9.0, 1.0, 0, 9), (3, 10.0, 10.0, 1.0, 0, 10), (4, 9.0, 9.0, 1.0, 0, 9), (5, 4.0, 9.0, 0.4444444444444444, 2, 11), (6, 3.0, 3.0, 1.0, 5, 8), (7, 7.0, 8.0, 0.875, 2, 10), (8, 6.0, 8.0, 0.75, 4, 12), (9, 7.0, 8.0, 0.875, 5, 13), (10, 8.0, 8.0, 1.0, 5, 13), (11, 8.0, 9.0, 0.8888888888888888, 4, 13), (12, 6.0, 10.0, 0.6, 3, 13)]",87,2,36.81600022315979,0.0
137,Experiment 2,6 Layers,15,13.0,"[[(0.0, 13.0)], [(7, 6.0)], [(6, 7.0)], [(5, 8.0)], [(0.0, 1.0), (2, 1), (9, 4.0)], [(0.0, 1.0), (8, 5.0)], [(0.0, 1.0), (7, 6.0)], [(0.0, 3.0), (10, 3.0)], [(0.0, 2.0), (4, 2), (11, 2.0)], [(0.0, 2.0), (3, 1), (9, 4.0)], [(0.0, 4.0)], [(0.0, 3.0)], [(0.0, 3.0)], [(0.0, 13.0)]]","[[13.0], [6.0], [7.0], [8.0], [1.0, 1, 4.0], [1.0, 5.0], [1.0, 6.0], [3.0, 3.0], [2.0, 2, 2.0], [2.0, 1, 4.0], [4.0], [3.0], [3.0], [13.0]]","[(0, 0.0, 0.0), (1, 7, 0.5384615384615384), (2, 6, 0.46153846153846156), (3, 5, 0.38461538461538464), (4, 7, 0.5384615384615384), (5, 7, 0.5384615384615384), (6, 6, 0.46153846153846156), (7, 7, 0.5384615384615384), (8, 7, 0.5384615384615384), (9, 6, 0.46153846153846156), (10, 9, 0.6923076923076923), (11, 10, 0.7692307692307693), (12, 10, 0.7692307692307693), (13, 0.0, 0.0)]","[(1, 7.0, 7.0, 1.0, 0, 7), (2, 6.0, 6.0, 1.0, 0, 6), (3, 5.0, 5.0, 1.0, 0, 5), (4, 7.0, 8.0, 0.875, 1, 9), (5, 7.0, 7.0, 1.0, 1, 8), (6, 6.0, 6.0, 1.0, 1, 7), (7, 7.0, 7.0, 1.0, 3, 10), (8, 7.0, 9.0, 0.7777777777777778, 2, 11), (9, 6.0, 7.0, 0.8571428571428571, 2, 9), (10, 9.0, 9.0, 1.0, 4, 13), (11, 10.0, 10.0, 1.0, 3, 13), (12, 10.0, 10.0, 1.0, 3, 13)]",87,2,16.02400016784668,0.0
138,Experiment 2,4 Layers,16,12.0,"[[(0.0, 12.0)], [(8, 4.0)], [(0.0, 1.0), (3, 1), (9, 3.0)], [(7, 5.0)], [(10, 2.0)], [(9, 3.0)], [(10, 2.0)], [(0.0, 2.0)], [(0.0, 4.0), (9, 1)], [(0.0, 2.0)], [(0.0, 4.0), (11, 1.0)], [(0.0, 2.0), (11, 1.0)], [(0.0, 4.0), (8, 1), (11, 1.0)], [(0.0, 12.0)]]","[[12.0], [4.0], [1.0, 1, 3.0], [5.0], [2.0], [3.0], [2.0], [2.0], [4.0, 1], [2.0], [4.0, 1.0], [2.0, 1.0], [4.0, 1, 1.0], [12.0]]","[(0, 0.0, 0.0), (1, 8, 0.6666666666666666), (2, 7, 0.5833333333333334), (3, 7, 0.5833333333333334), (4, 10, 0.8333333333333334), (5, 9, 0.75), (6, 10, 0.8333333333333334), (7, 10, 0.8333333333333334), (8, 7, 0.5833333333333334), (9, 10, 0.8333333333333334), (10, 7, 0.5833333333333334), (11, 9, 0.75), (12, 6, 0.5), (13, 0.0, 0.0)]","[(1, 8.0, 8.0, 1.0, 0, 8), (2, 7.0, 8.0, 0.875, 1, 9), (3, 7.0, 7.0, 1.0, 0, 7), (4, 10.0, 10.0, 1.0, 0, 10), (5, 9.0, 9.0, 1.0, 0, 9), (6, 10.0, 10.0, 1.0, 0, 10), (7, 10.0, 10.0, 1.0, 2, 12), (8, 7.0, 8.0, 0.875, 4, 12), (9, 10.0, 10.0, 1.0, 2, 12), (10, 7.0, 7.0, 1.0, 4, 11), (11, 9.0, 9.0, 1.0, 2, 11), (12, 6.0, 7.0, 0.8571428571428571, 4, 11)]",100,2,3.252000093460083,0.0
139,Experiment 2,5 Layers,16,16.0,"[[(0.0, 16.0)], [(0.0, 1.0), (12, 4.0)], [(7, 1), (13, 3.0)], [(14, 2.0)], [(14, 2.0)], [(0.0, 5.0), (7, 2), (10, 2), (14, 2.0)], [(0.0, 2.0), (4, 1), (9, 1), (13, 3.0)], [(0.0, 4.0), (9, 1), (11, 3), (15, 1.0)], [(0.0, 2.0), (4, 5), (10, 3), (15, 1.0)], [(0.0, 5.0), (7, 3), (11, 3)], [(0.0, 4.0), (6, 4), (12, 1)], [(0.0, 7.0), (9, 1), (12, 2)], [(0.0, 9.0), (12, 2)], [(0.0, 16.0)]]","[[16.0], [1.0, 4.0], [1, 3.0], [2.0], [2.0], [5.0, 2, 2, 2.0], [2.0, 1, 1, 3.0], [4.0, 1, 3, 1.0], [2.0, 5, 3, 1.0], [5.0, 3, 3], [4.0, 4, 1], [7.0, 1, 2], [9.0, 2], [16.0]]","[(0, 0.0, 0.0), (1, 11, 0.6875), (2, 12, 0.75), (3, 14, 0.875), (4, 14, 0.875), (5, 5, 0.3125), (6, 9, 0.5625), (7, 7, 0.4375), (8, 5, 0.3125), (9, 5, 0.3125), (10, 7, 0.4375), (11, 6, 0.375), (12, 5, 0.3125), (13, 0.0, 0.0)]","[(1, 11.0, 11.0, 1.0, 1, 12), (2, 12.0, 13.0, 0.9230769230769231, 0, 13), (3, 14.0, 14.0, 1.0, 0, 14), (4, 14.0, 14.0, 1.0, 0, 14), (5, 5.0, 9.0, 0.5555555555555556, 5, 14), (6, 9.0, 11.0, 0.8181818181818182, 2, 13), (7, 7.0, 11.0, 0.6363636363636364, 4, 15), (8, 5.0, 13.0, 0.38461538461538464, 2, 15), (9, 5.0, 11.0, 0.45454545454545453, 5, 16), (10, 7.0, 12.0, 0.5833333333333334, 4, 16), (11, 6.0, 9.0, 0.6666666666666666, 7, 16), (12, 5.0, 7.0, 0.7142857142857143, 9, 16)]",100,2,7.521999835968018,0.0
140,Experiment 2,6 Layers,16,15.0,"[[(0.0, 15.0)], [(12, 3.0)], [(12, 3.0)], [(12, 3.0)], [(0.0, 4.0), (6, 1), (8, 4), (13, 2.0)], [(0.0, 1.0), (2, 2), (5, 3), (9, 3), (13, 2.0)], [(0.0, 1.0), (3, 1), (5, 4), (13, 2.0)], [(0.0, 3.0), (7, 1), (10, 1), (14, 1.0)], [(0.0, 3.0), (6, 1), (14, 1.0)], [(0.0, 3.0), (8, 3), (12, 1), (14, 1.0)], [(0.0, 7.0), (9, 1)], [(0.0, 7.0), (11, 1)], [(0.0, 5.0), (11, 1)], [(0.0, 15.0)]]","[[15.0], [3.0], [3.0], [3.0], [4.0, 1, 4, 2.0], [1.0, 2, 3, 3, 2.0], [1.0, 1, 4, 2.0], [3.0, 1, 1, 1.0], [3.0, 1, 1.0], [3.0, 3, 1, 1.0], [7.0, 1], [7.0, 1], [5.0, 1], [15.0]]","[(0, 0.0, 0.0), (1, 12, 0.8), (2, 12, 0.8), (3, 12, 0.8), (4, 4, 0.26666666666666666), (5, 4, 0.26666666666666666), (6, 7, 0.4666666666666667), (7, 9, 0.6), (8, 10, 0.6666666666666666), (9, 7, 0.4666666666666667), (10, 7, 0.4666666666666667), (11, 7, 0.4666666666666667), (12, 9, 0.6), (13, 0.0, 0.0)]","[(1, 12.0, 12.0, 1.0, 0, 12), (2, 12.0, 12.0, 1.0, 0, 12), (3, 12.0, 12.0, 1.0, 0, 12), (4, 4.0, 9.0, 0.4444444444444444, 4, 13), (5, 4.0, 12.0, 0.3333333333333333, 1, 13), (6, 7.0, 12.0, 0.5833333333333334, 1, 13), (7, 9.0, 11.0, 0.8181818181818182, 3, 14), (8, 10.0, 11.0, 0.9090909090909091, 3, 14), (9, 7.0, 11.0, 0.6363636363636364, 3, 14), (10, 7.0, 8.0, 0.875, 7, 15), (11, 7.0, 8.0, 0.875, 7, 15), (12, 9.0, 10.0, 0.9, 5, 15)]",100,2,11.265000104904175,0.0
141,Experiment 2,4 Layers,17,14.0,"[[(0.0, 14.0)], [(4, 10.0)], [(5, 1), (8, 6.0)], [(5, 1), (8, 6.0)], [(2, 1), (6, 8.0)], [(4, 10.0)], [(5, 2), (9, 5.0)], [(0.0, 2.0)], [(0.0, 2.0)], [(0.0, 3.0), (11, 3.0)], [(0.0, 2.0)], [(0.0, 4.0), (8, 2)], [(0.0, 2.0), (10, 4.0)], [(0.0, 14.0)]]","[[14.0], [10.0], [1, 6.0], [1, 6.0], [1, 8.0], [10.0], [2, 5.0], [2.0], [2.0], [3.0, 3.0], [2.0], [4.0, 2], [2.0, 4.0], [14.0]]","[(0, 0.0, 0.0), (1, 4, 0.2857142857142857), (2, 7, 0.5), (3, 7, 0.5), (4, 5, 0.35714285714285715), (5, 4, 0.2857142857142857), (6, 7, 0.5), (7, 12, 0.8571428571428571), (8, 12, 0.8571428571428571), (9, 8, 0.5714285714285714), (10, 12, 0.8571428571428571), (11, 8, 0.5714285714285714), (12, 8, 0.5714285714285714), (13, 0.0, 0.0)]","[(1, 4.0, 4.0, 1.0, 0, 4), (2, 7.0, 8.0, 0.875, 0, 8), (3, 7.0, 8.0, 0.875, 0, 8), (4, 5.0, 6.0, 0.8333333333333334, 0, 6), (5, 4.0, 4.0, 1.0, 0, 4), (6, 7.0, 9.0, 0.7777777777777778, 0, 9), (7, 12.0, 12.0, 1.0, 2, 14), (8, 12.0, 12.0, 1.0, 2, 14), (9, 8.0, 8.0, 1.0, 3, 11), (10, 12.0, 12.0, 1.0, 2, 14), (11, 8.0, 10.0, 0.8, 4, 14), (12, 8.0, 8.0, 1.0, 2, 10)]",94,2,7.261000156402588,0.0
142,Experiment 2,5 Layers,17,13.0,"[[(0.0, 13.0)], [(9, 4.0)], [(8, 5.0)], [(9, 4.0)], [(8, 5.0)], [(0.0, 2.0), (11, 2.0)], [(0.0, 2.0), (11, 2.0)], [(0.0, 2.0), (11, 2.0)], [(0.0, 2.0), (3, 2), (12, 1.0)], [(0.0, 5.0), (6, 1), (8, 2)], [(0.0, 8.0)], [(0.0, 5.0), (6, 1)], [(0.0, 3.0), (6, 2)], [(0.0, 13.0)]]","[[13.0], [4.0], [5.0], [4.0], [5.0], [2.0, 2.0], [2.0, 2.0], [2.0, 2.0], [2.0, 2, 1.0], [5.0, 1, 2], [8.0], [5.0, 1], [3.0, 2], [13.0]]","[(0, 0.0, 0.0), (1, 9, 0.6923076923076923), (2, 8, 0.6153846153846154), (3, 9, 0.6923076923076923), (4, 8, 0.6153846153846154), (5, 9, 0.6923076923076923), (6, 9, 0.6923076923076923), (7, 9, 0.6923076923076923), (8, 8, 0.6153846153846154), (9, 5, 0.38461538461538464), (10, 5, 0.38461538461538464), (11, 7, 0.5384615384615384), (12, 8, 0.6153846153846154), (13, 0.0, 0.0)]","[(1, 9.0, 9.0, 1.0, 0, 9), (2, 8.0, 8.0, 1.0, 0, 8), (3, 9.0, 9.0, 1.0, 0, 9), (4, 8.0, 8.0, 1.0, 0, 8), (5, 9.0, 9.0, 1.0, 2, 11), (6, 9.0, 9.0, 1.0, 2, 11), (7, 9.0, 9.0, 1.0, 2, 11), (8, 8.0, 10.0, 0.8, 2, 12), (9, 5.0, 8.0, 0.625, 5, 13), (10, 5.0, 5.0, 1.0, 8, 13), (11, 7.0, 8.0, 0.875, 5, 13), (12, 8.0, 10.0, 0.8, 3, 13)]",94,2,9.689000129699707,0.0
143,Experiment 2,6 Layers,17,15.0,"[[(0.0, 15.0)], [(6, 1), (8, 7.0)], [(5, 10.0)], [(3, 12.0)], [(0.0, 1.0), (6, 3), (10, 5.0)], [(0.0, 1.0), (8, 1), (10, 5.0)], [(0.0, 1.0), (2, 1), (7, 8.0)], [(0.0, 2.0), (14, 1.0)], [(0.0, 2.0), (13, 2.0)], [(0.0, 2.0), (14, 1.0)], [(0.0, 3.0), (6, 2), (12, 1)], [(0.0, 5.0)], [(0.0, 8.0), (10, 1)], [(0.0, 15.0)]]","[[15.0], [1, 7.0], [10.0], [12.0], [1.0, 3, 5.0], [1.0, 1, 5.0], [1.0, 1, 8.0], [2.0, 1.0], [2.0, 2.0], [2.0, 1.0], [3.0, 2, 1], [5.0], [8.0, 1], [15.0]]","[(0, 0.0, 0.0), (1, 7, 0.4666666666666667), (2, 5, 0.3333333333333333), (3, 3, 0.2), (4, 6, 0.4), (5, 8, 0.5333333333333333), (6, 5, 0.3333333333333333), (7, 12, 0.8), (8, 11, 0.7333333333333333), (9, 12, 0.8), (10, 9, 0.6), (11, 10, 0.6666666666666666), (12, 6, 0.4), (13, 0.0, 0.0)]","[(1, 7.0, 8.0, 0.875, 0, 8), (2, 5.0, 5.0, 1.0, 0, 5), (3, 3.0, 3.0, 1.0, 0, 3), (4, 6.0, 9.0, 0.6666666666666666, 1, 10), (5, 8.0, 9.0, 0.8888888888888888, 1, 10), (6, 5.0, 6.0, 0.8333333333333334, 1, 7), (7, 12.0, 12.0, 1.0, 2, 14), (8, 11.0, 11.0, 1.0, 2, 13), (9, 12.0, 12.0, 1.0, 2, 14), (10, 9.0, 12.0, 0.75, 3, 15), (11, 10.0, 10.0, 1.0, 5, 15), (12, 6.0, 7.0, 0.8571428571428571, 8, 15)]",94,2,18.182999849319458,0.0
144,Experiment 2,4 Layers,18,12.0,"[[(0.0, 12.0)], [(9, 3.0)], [(6, 2), (10, 2.0)], [(10, 2.0)], [(10, 2.0)], [(10, 2.0)], [(10, 2.0)], [(0.0, 4.0), (7, 1)], [(0.0, 3.0), (5, 1)], [(0.0, 7.0)], [(0.0, 5.0)], [(0.0, 5.0), (7, 3)], [(0.0, 9.0), (11, 1.0)], [(0.0, 12.0)]]","[[12.0], [3.0], [2, 2.0], [2.0], [2.0], [2.0], [2.0], [4.0, 1], [3.0, 1], [7.0], [5.0], [5.0, 3], [9.0, 1.0], [12.0]]","[(0, 0.0, 0.0), (1, 9, 0.75), (2, 8, 0.6666666666666666), (3, 10, 0.8333333333333334), (4, 10, 0.8333333333333334), (5, 10, 0.8333333333333334), (6, 10, 0.8333333333333334), (7, 7, 0.5833333333333334), (8, 8, 0.6666666666666666), (9, 5, 0.4166666666666667), (10, 7, 0.5833333333333334), (11, 4, 0.3333333333333333), (12, 2, 0.16666666666666666), (13, 0.0, 0.0)]","[(1, 9.0, 9.0, 1.0, 0, 9), (2, 8.0, 10.0, 0.8, 0, 10), (3, 10.0, 10.0, 1.0, 0, 10), (4, 10.0, 10.0, 1.0, 0, 10), (5, 10.0, 10.0, 1.0, 0, 10), (6, 10.0, 10.0, 1.0, 0, 10), (7, 7.0, 8.0, 0.875, 4, 12), (8, 8.0, 9.0, 0.8888888888888888, 3, 12), (9, 5.0, 5.0, 1.0, 7, 12), (10, 7.0, 7.0, 1.0, 5, 12), (11, 4.0, 7.0, 0.5714285714285714, 5, 12), (12, 2.0, 2.0, 1.0, 9, 11)]",90,2,3.177999973297119,0.0
145,Experiment 2,5 Layers,18,17.0,"[[(0.0, 17.0)], [(7, 1), (15, 2.0)], [(14, 3.0)], [(15, 2.0)], [(14, 3.0)], [(0.0, 10.0), (12, 3), (16, 1.0)], [(0.0, 4.0), (6, 1), (8, 2), (11, 4), (16, 1.0)], [(0.0, 6.0), (7, 4), (12, 1), (16, 1.0)], [(0.0, 2.0), (3, 3), (8, 1), (11, 6.0)], [(0.0, 5.0), (6, 2), (9, 3), (13, 2)], [(0.0, 6.0), (8, 4), (13, 3)], [(0.0, 7.0), (8, 7)], [(0.0, 8.0), (9, 2), (12, 4)], [(0.0, 17.0)]]","[[17.0], [1, 2.0], [3.0], [2.0], [3.0], [10.0, 3, 1.0], [4.0, 1, 2, 4, 1.0], [6.0, 4, 1, 1.0], [2.0, 3, 1, 6.0], [5.0, 2, 3, 2], [6.0, 4, 3], [7.0, 7], [8.0, 2, 4], [17.0]]","[(0, 0.0, 0.0), (1, 14, 0.8235294117647058), (2, 14, 0.8235294117647058), (3, 15, 0.8823529411764706), (4, 14, 0.8235294117647058), (5, 3, 0.17647058823529413), (6, 5, 0.29411764705882354), (7, 5, 0.29411764705882354), (8, 5, 0.29411764705882354), (9, 5, 0.29411764705882354), (10, 4, 0.23529411764705882), (11, 3, 0.17647058823529413), (12, 3, 0.17647058823529413), (13, 0.0, 0.0)]","[(1, 14.0, 15.0, 0.9333333333333333, 0, 15), (2, 14.0, 14.0, 1.0, 0, 14), (3, 15.0, 15.0, 1.0, 0, 15), (4, 14.0, 14.0, 1.0, 0, 14), (5, 3.0, 6.0, 0.5, 10, 16), (6, 5.0, 12.0, 0.4166666666666667, 4, 16), (7, 5.0, 10.0, 0.5, 6, 16), (8, 5.0, 9.0, 0.5555555555555556, 2, 11), (9, 5.0, 12.0, 0.4166666666666667, 5, 17), (10, 4.0, 11.0, 0.36363636363636365, 6, 17), (11, 3.0, 10.0, 0.3, 7, 17), (12, 3.0, 9.0, 0.3333333333333333, 8, 17)]",90,2,5.851000070571899,0.0
146,Experiment 2,6 Layers,18,17.0,"[[(0.0, 17.0)], [(14, 3.0)], [(14, 3.0)], [(14, 3.0)], [(0.0, 4.0), (6, 2), (9, 1), (11, 3), (15, 2.0)], [(0.0, 1.0), (2, 6), (9, 1), (12, 2), (15, 2.0)], [(0.0, 3.0), (4, 3), (8, 1), (10, 1), (12, 2), (15, 2.0)], [(0.0, 2.0), (3, 4), (8, 1), (11, 3), (16, 1.0)], [(0.0, 4.0), (5, 3), (9, 1), (14, 1), (16, 1.0)], [(0.0, 7.0), (8, 2), (13, 2), (16, 1.0)], [(0.0, 6.0), (7, 4), (12, 2)], [(0.0, 8.0), (9, 3), (13, 1)], [(0.0, 11.0), (14, 1)], [(0.0, 17.0)]]","[[17.0], [3.0], [3.0], [3.0], [4.0, 2, 1, 3, 2.0], [1.0, 6, 1, 2, 2.0], [3.0, 3, 1, 1, 2, 2.0], [2.0, 4, 1, 3, 1.0], [4.0, 3, 1, 1, 1.0], [7.0, 2, 2, 1.0], [6.0, 4, 2], [8.0, 3, 1], [11.0, 1], [17.0]]","[(0, 0.0, 0.0), (1, 14, 0.8235294117647058), (2, 14, 0.8235294117647058), (3, 14, 0.8235294117647058), (4, 5, 0.29411764705882354), (5, 5, 0.29411764705882354), (6, 5, 0.29411764705882354), (7, 6, 0.35294117647058826), (8, 7, 0.4117647058823529), (9, 5, 0.29411764705882354), (10, 5, 0.29411764705882354), (11, 5, 0.29411764705882354), (12, 5, 0.29411764705882354), (13, 0.0, 0.0)]","[(1, 14.0, 14.0, 1.0, 0, 14), (2, 14.0, 14.0, 1.0, 0, 14), (3, 14.0, 14.0, 1.0, 0, 14), (4, 5.0, 11.0, 0.45454545454545453, 4, 15), (5, 5.0, 14.0, 0.35714285714285715, 1, 15), (6, 5.0, 12.0, 0.4166666666666667, 3, 15), (7, 6.0, 14.0, 0.42857142857142855, 2, 16), (8, 7.0, 12.0, 0.5833333333333334, 4, 16), (9, 5.0, 9.0, 0.5555555555555556, 7, 16), (10, 5.0, 11.0, 0.45454545454545453, 6, 17), (11, 5.0, 9.0, 0.5555555555555556, 8, 17), (12, 5.0, 6.0, 0.8333333333333334, 11, 17)]",90,2,14.282999992370605,0.0
147,Experiment 2,4 Layers,19,11.0,"[[(0.0, 11.0)], [(7, 4.0)], [(9, 2.0)], [(9, 2.0)], [(2, 1), (9, 2.0)], [(4, 2), (9, 2.0)], [(8, 3.0)], [(0.0, 4.0)], [(0.0, 2.0), (7, 1)], [(0.0, 3.0), (8, 1)], [(0.0, 6.0)], [(0.0, 2.0)], [(0.0, 6.0)], [(0.0, 11.0)]]","[[11.0], [4.0], [2.0], [2.0], [1, 2.0], [2, 2.0], [3.0], [4.0], [2.0, 1], [3.0, 1], [6.0], [2.0], [6.0], [11.0]]","[(0, 0.0, 0.0), (1, 7, 0.6363636363636364), (2, 9, 0.8181818181818182), (3, 9, 0.8181818181818182), (4, 8, 0.7272727272727273), (5, 7, 0.6363636363636364), (6, 8, 0.7272727272727273), (7, 7, 0.6363636363636364), (8, 8, 0.7272727272727273), (9, 7, 0.6363636363636364), (10, 5, 0.45454545454545453), (11, 9, 0.8181818181818182), (12, 5, 0.45454545454545453), (13, 0.0, 0.0)]","[(1, 7.0, 7.0, 1.0, 0, 7), (2, 9.0, 9.0, 1.0, 0, 9), (3, 9.0, 9.0, 1.0, 0, 9), (4, 8.0, 9.0, 0.8888888888888888, 0, 9), (5, 7.0, 9.0, 0.7777777777777778, 0, 9), (6, 8.0, 8.0, 1.0, 0, 8), (7, 7.0, 7.0, 1.0, 4, 11), (8, 8.0, 9.0, 0.8888888888888888, 2, 11), (9, 7.0, 8.0, 0.875, 3, 11), (10, 5.0, 5.0, 1.0, 6, 11), (11, 9.0, 9.0, 1.0, 2, 11), (12, 5.0, 5.0, 1.0, 6, 11)]",89,2,4.418999910354614,0.0
148,Experiment 2,5 Layers,19,15.0,"[[(0.0, 15.0)], [(13, 2.0)], [(13, 2.0)], [(12, 3.0)], [(6, 1), (11, 4.0)], [(0.0, 2.0), (4, 3), (9, 1), (14, 1.0)], [(0.0, 4.0), (7, 1), (10, 5.0)], [(0.0, 3.0), (4, 2), (7, 2), (14, 1.0)], [(0.0, 10.0), (11, 1), (13, 2.0)], [(0.0, 7.0), (12, 1)], [(0.0, 4.0), (7, 4), (12, 1)], [(0.0, 12.0)], [(0.0, 12.0)], [(0.0, 15.0)]]","[[15.0], [2.0], [2.0], [3.0], [1, 4.0], [2.0, 3, 1, 1.0], [4.0, 1, 5.0], [3.0, 2, 2, 1.0], [10.0, 1, 2.0], [7.0, 1], [4.0, 4, 1], [12.0], [12.0], [15.0]]","[(0, 0.0, 0.0), (1, 13, 0.8666666666666667), (2, 13, 0.8666666666666667), (3, 12, 0.8), (4, 10, 0.6666666666666666), (5, 8, 0.5333333333333333), (6, 5, 0.3333333333333333), (7, 7, 0.4666666666666667), (8, 2, 0.13333333333333333), (9, 7, 0.4666666666666667), (10, 6, 0.4), (11, 3, 0.2), (12, 3, 0.2), (13, 0.0, 0.0)]","[(1, 13.0, 13.0, 1.0, 0, 13), (2, 13.0, 13.0, 1.0, 0, 13), (3, 12.0, 12.0, 1.0, 0, 12), (4, 10.0, 11.0, 0.9090909090909091, 0, 11), (5, 8.0, 12.0, 0.6666666666666666, 2, 14), (6, 5.0, 6.0, 0.8333333333333334, 4, 10), (7, 7.0, 11.0, 0.6363636363636364, 3, 14), (8, 2.0, 3.0, 0.6666666666666666, 10, 13), (9, 7.0, 8.0, 0.875, 7, 15), (10, 6.0, 11.0, 0.5454545454545454, 4, 15), (11, 3.0, 3.0, 1.0, 12, 15), (12, 3.0, 3.0, 1.0, 12, 15)]",89,2,15.464999914169312,0.0
149,Experiment 2,6 Layers,19,14.0,"[[(0.0, 14.0)], [(11, 3.0)], [(11, 3.0)], [(11, 3.0)], [(0.0, 2.0), (5, 1), (7, 2), (10, 1), (12, 2.0)], [(0.0, 4.0), (6, 1), (8, 1), (10, 1), (12, 2.0)], [(0.0, 2.0), (3, 3), (7, 2), (10, 1), (12, 2.0)], [(0.0, 4.0), (7, 1), (13, 1.0)], [(0.0, 3.0), (5, 2), (9, 1), (13, 1.0)], [(0.0, 3.0), (5, 1), (7, 1), (9, 1), (13, 1.0)], [(0.0, 7.0), (8, 1)], [(0.0, 5.0), (9, 1)], [(0.0, 9.0)], [(0.0, 14.0)]]","[[14.0], [3.0], [3.0], [3.0], [2.0, 1, 2, 1, 2.0], [4.0, 1, 1, 1, 2.0], [2.0, 3, 2, 1, 2.0], [4.0, 1, 1.0], [3.0, 2, 1, 1.0], [3.0, 1, 1, 1, 1.0], [7.0, 1], [5.0, 1], [9.0], [14.0]]","[(0, 0.0, 0.0), (1, 11, 0.7857142857142857), (2, 11, 0.7857142857142857), (3, 11, 0.7857142857142857), (4, 6, 0.42857142857142855), (5, 5, 0.35714285714285715), (6, 4, 0.2857142857142857), (7, 8, 0.5714285714285714), (8, 7, 0.5), (9, 7, 0.5), (10, 6, 0.42857142857142855), (11, 8, 0.5714285714285714), (12, 5, 0.35714285714285715), (13, 0.0, 0.0)]","[(1, 11.0, 11.0, 1.0, 0, 11), (2, 11.0, 11.0, 1.0, 0, 11), (3, 11.0, 11.0, 1.0, 0, 11), (4, 6.0, 10.0, 0.6, 2, 12), (5, 5.0, 8.0, 0.625, 4, 12), (6, 4.0, 10.0, 0.4, 2, 12), (7, 8.0, 9.0, 0.8888888888888888, 4, 13), (8, 7.0, 10.0, 0.7, 3, 13), (9, 7.0, 10.0, 0.7, 3, 13), (10, 6.0, 7.0, 0.8571428571428571, 7, 14), (11, 8.0, 9.0, 0.8888888888888888, 5, 14), (12, 5.0, 5.0, 1.0, 9, 14)]",89,2,21.957000017166138,0.0
150,Experiment 2,4 Layers,20,12.0,"[[(0.0, 12.0)], [(10, 2.0)], [(10, 2.0)], [(0.0, 1.0), (9, 3.0)], [(8, 4.0)], [(10, 2.0)], [(8, 4.0)], [(0.0, 4.0)], [(0.0, 5.0), (11, 1.0)], [(0.0, 5.0), (8, 1), (11, 1.0)], [(0.0, 5.0)], [(0.0, 4.0)], [(0.0, 2.0), (10, 2.0)], [(0.0, 12.0)]]","[[12.0], [2.0], [2.0], [1.0, 3.0], [4.0], [2.0], [4.0], [4.0], [5.0, 1.0], [5.0, 1, 1.0], [5.0], [4.0], [2.0, 2.0], [12.0]]","[(0, 0.0, 0.0), (1, 10, 0.8333333333333334), (2, 10, 0.8333333333333334), (3, 8, 0.6666666666666666), (4, 8, 0.6666666666666666), (5, 10, 0.8333333333333334), (6, 8, 0.6666666666666666), (7, 8, 0.6666666666666666), (8, 6, 0.5), (9, 5, 0.4166666666666667), (10, 7, 0.5833333333333334), (11, 8, 0.6666666666666666), (12, 8, 0.6666666666666666), (13, 0.0, 0.0)]","[(1, 10.0, 10.0, 1.0, 0, 10), (2, 10.0, 10.0, 1.0, 0, 10), (3, 8.0, 8.0, 1.0, 1, 9), (4, 8.0, 8.0, 1.0, 0, 8), (5, 10.0, 10.0, 1.0, 0, 10), (6, 8.0, 8.0, 1.0, 0, 8), (7, 8.0, 8.0, 1.0, 4, 12), (8, 6.0, 6.0, 1.0, 5, 11), (9, 5.0, 6.0, 0.8333333333333334, 5, 11), (10, 7.0, 7.0, 1.0, 5, 12), (11, 8.0, 8.0, 1.0, 4, 12), (12, 8.0, 8.0, 1.0, 2, 10)]",96,2,5.935999870300293,0.0
151,Experiment 2,5 Layers,20,16.0,"[[(0.0, 16.0)], [(14, 2.0)], [(14, 2.0)], [(14, 2.0)], [(8, 2), (14, 2.0)], [(0.0, 3.0), (6, 2), (12, 2), (15, 1.0)], [(0.0, 8.0), (11, 3), (15, 1.0)], [(0.0, 4.0), (6, 4), (12, 2), (15, 1.0)], [(0.0, 7.0), (8, 2), (12, 2), (15, 1.0)], [(0.0, 11.0)], [(0.0, 4.0), (7, 5), (13, 2)], [(0.0, 6.0), (7, 2), (14, 1)], [(0.0, 6.0), (7, 3), (11, 1), (13, 2)], [(0.0, 16.0)]]","[[16.0], [2.0], [2.0], [2.0], [2, 2.0], [3.0, 2, 2, 1.0], [8.0, 3, 1.0], [4.0, 4, 2, 1.0], [7.0, 2, 2, 1.0], [11.0], [4.0, 5, 2], [6.0, 2, 1], [6.0, 3, 1, 2], [16.0]]","[(0, 0.0, 0.0), (1, 14, 0.875), (2, 14, 0.875), (3, 14, 0.875), (4, 12, 0.75), (5, 8, 0.5), (6, 4, 0.25), (7, 5, 0.3125), (8, 4, 0.25), (9, 5, 0.3125), (10, 5, 0.3125), (11, 7, 0.4375), (12, 4, 0.25), (13, 0.0, 0.0)]","[(1, 14.0, 14.0, 1.0, 0, 14), (2, 14.0, 14.0, 1.0, 0, 14), (3, 14.0, 14.0, 1.0, 0, 14), (4, 12.0, 14.0, 0.8571428571428571, 0, 14), (5, 8.0, 12.0, 0.6666666666666666, 3, 15), (6, 4.0, 7.0, 0.5714285714285714, 8, 15), (7, 5.0, 11.0, 0.45454545454545453, 4, 15), (8, 4.0, 8.0, 0.5, 7, 15), (9, 5.0, 5.0, 1.0, 11, 16), (10, 5.0, 12.0, 0.4166666666666667, 4, 16), (11, 7.0, 10.0, 0.7, 6, 16), (12, 4.0, 10.0, 0.4, 6, 16)]",96,2,11.76200008392334,0.0
152,Experiment 2,6 Layers,20,13.0,"[[(0.0, 13.0)], [(9, 4.0)], [(9, 4.0)], [(9, 4.0)], [(0.0, 1.0), (10, 3.0)], [(0.0, 1.0), (10, 3.0)], [(0.0, 1.0), (10, 3.0)], [(0.0, 5.0), (12, 1.0)], [(0.0, 2.0), (3, 1), (6, 1), (12, 1.0)], [(0.0, 2.0), (3, 2), (7, 2), (12, 1.0)], [(0.0, 3.0), (8, 2)], [(0.0, 3.0), (7, 3)], [(0.0, 7.0)], [(0.0, 13.0)]]","[[13.0], [4.0], [4.0], [4.0], [1.0, 3.0], [1.0, 3.0], [1.0, 3.0], [5.0, 1.0], [2.0, 1, 1, 1.0], [2.0, 2, 2, 1.0], [3.0, 2], [3.0, 3], [7.0], [13.0]]","[(0, 0.0, 0.0), (1, 9, 0.6923076923076923), (2, 9, 0.6923076923076923), (3, 9, 0.6923076923076923), (4, 9, 0.6923076923076923), (5, 9, 0.6923076923076923), (6, 9, 0.6923076923076923), (7, 7, 0.5384615384615384), (8, 8, 0.6153846153846154), (9, 6, 0.46153846153846156), (10, 8, 0.6153846153846154), (11, 7, 0.5384615384615384), (12, 6, 0.46153846153846156), (13, 0.0, 0.0)]","[(1, 9.0, 9.0, 1.0, 0, 9), (2, 9.0, 9.0, 1.0, 0, 9), (3, 9.0, 9.0, 1.0, 0, 9), (4, 9.0, 9.0, 1.0, 1, 10), (5, 9.0, 9.0, 1.0, 1, 10), (6, 9.0, 9.0, 1.0, 1, 10), (7, 7.0, 7.0, 1.0, 5, 12), (8, 8.0, 10.0, 0.8, 2, 12), (9, 6.0, 10.0, 0.6, 2, 12), (10, 8.0, 10.0, 0.8, 3, 13), (11, 7.0, 10.0, 0.7, 3, 13), (12, 6.0, 6.0, 1.0, 7, 13)]",96,2,13.150000095367432,0.0
153,Experiment 2,4 Layers,21,13.0,"[[(0.0, 13.0)], [(2, 1), (5, 1), (10, 3.0)], [(2, 2), (8, 5.0)], [(8, 5.0)], [(8, 5.0)], [(10, 3.0)], [(4, 1), (9, 4.0)], [(0.0, 5.0)], [(0.0, 2.0), (7, 1)], [(0.0, 4.0), (12, 1.0)], [(0.0, 2.0)], [(0.0, 2.0)], [(0.0, 4.0)], [(0.0, 13.0)]]","[[13.0], [1, 1, 3.0], [2, 5.0], [5.0], [5.0], [3.0], [1, 4.0], [5.0], [2.0, 1], [4.0, 1.0], [2.0], [2.0], [4.0], [13.0]]","[(0, 0.0, 0.0), (1, 8, 0.6153846153846154), (2, 6, 0.46153846153846156), (3, 8, 0.6153846153846154), (4, 8, 0.6153846153846154), (5, 10, 0.7692307692307693), (6, 8, 0.6153846153846154), (7, 8, 0.6153846153846154), (8, 10, 0.7692307692307693), (9, 8, 0.6153846153846154), (10, 11, 0.8461538461538461), (11, 11, 0.8461538461538461), (12, 9, 0.6923076923076923), (13, 0.0, 0.0)]","[(1, 8.0, 10.0, 0.8, 0, 10), (2, 6.0, 8.0, 0.75, 0, 8), (3, 8.0, 8.0, 1.0, 0, 8), (4, 8.0, 8.0, 1.0, 0, 8), (5, 10.0, 10.0, 1.0, 0, 10), (6, 8.0, 9.0, 0.8888888888888888, 0, 9), (7, 8.0, 8.0, 1.0, 5, 13), (8, 10.0, 11.0, 0.9090909090909091, 2, 13), (9, 8.0, 8.0, 1.0, 4, 12), (10, 11.0, 11.0, 1.0, 2, 13), (11, 11.0, 11.0, 1.0, 2, 13), (12, 9.0, 9.0, 1.0, 4, 13)]",105,2,5.953999996185303,0.0
154,Experiment 2,5 Layers,21,15.0,"[[(0.0, 15.0)], [(12, 3.0)], [(12, 3.0)], [(12, 3.0)], [(12, 3.0)], [(0.0, 2.0), (10, 2), (13, 2.0)], [(0.0, 8.0), (10, 2), (13, 2.0)], [(0.0, 2.0), (11, 1), (13, 2.0)], [(0.0, 4.0), (7, 3), (11, 1), (13, 2.0)], [(0.0, 6.0), (10, 1)], [(0.0, 5.0), (7, 2)], [(0.0, 7.0)], [(0.0, 8.0), (12, 1)], [(0.0, 15.0)]]","[[15.0], [3.0], [3.0], [3.0], [3.0], [2.0, 2, 2.0], [8.0, 2, 2.0], [2.0, 1, 2.0], [4.0, 3, 1, 2.0], [6.0, 1], [5.0, 2], [7.0], [8.0, 1], [15.0]]","[(0, 0.0, 0.0), (1, 12, 0.8), (2, 12, 0.8), (3, 12, 0.8), (4, 12, 0.8), (5, 9, 0.6), (6, 3, 0.2), (7, 10, 0.6666666666666666), (8, 5, 0.3333333333333333), (9, 8, 0.5333333333333333), (10, 8, 0.5333333333333333), (11, 8, 0.5333333333333333), (12, 6, 0.4), (13, 0.0, 0.0)]","[(1, 12.0, 12.0, 1.0, 0, 12), (2, 12.0, 12.0, 1.0, 0, 12), (3, 12.0, 12.0, 1.0, 0, 12), (4, 12.0, 12.0, 1.0, 0, 12), (5, 9.0, 11.0, 0.8181818181818182, 2, 13), (6, 3.0, 5.0, 0.6, 8, 13), (7, 10.0, 11.0, 0.9090909090909091, 2, 13), (8, 5.0, 9.0, 0.5555555555555556, 4, 13), (9, 8.0, 9.0, 0.8888888888888888, 6, 15), (10, 8.0, 10.0, 0.8, 5, 15), (11, 8.0, 8.0, 1.0, 7, 15), (12, 6.0, 7.0, 0.8571428571428571, 8, 15)]",105,2,19.365000009536743,0.0
155,Experiment 2,6 Layers,21,15.0,"[[(0.0, 15.0)], [(4, 3), (8, 7.0)], [(2, 1), (5, 10.0)], [(5, 1), (7, 8.0)], [(0.0, 1.0), (12, 3.0)], [(0.0, 1.0), (12, 3.0)], [(0.0, 1.0), (12, 3.0)], [(0.0, 2.0), (11, 1), (13, 2.0)], [(0.0, 2.0), (9, 3), (13, 2.0)], [(0.0, 2.0), (9, 1), (11, 1), (13, 2.0)], [(0.0, 5.0)], [(0.0, 5.0)], [(0.0, 5.0)], [(0.0, 15.0)]]","[[15.0], [3, 7.0], [1, 10.0], [1, 8.0], [1.0, 3.0], [1.0, 3.0], [1.0, 3.0], [2.0, 1, 2.0], [2.0, 3, 2.0], [2.0, 1, 1, 2.0], [5.0], [5.0], [5.0], [15.0]]","[(0, 0.0, 0.0), (1, 5, 0.3333333333333333), (2, 4, 0.26666666666666666), (3, 6, 0.4), (4, 11, 0.7333333333333333), (5, 11, 0.7333333333333333), (6, 11, 0.7333333333333333), (7, 10, 0.6666666666666666), (8, 8, 0.5333333333333333), (9, 9, 0.6), (10, 10, 0.6666666666666666), (11, 10, 0.6666666666666666), (12, 10, 0.6666666666666666), (13, 0.0, 0.0)]","[(1, 5.0, 8.0, 0.625, 0, 8), (2, 4.0, 5.0, 0.8, 0, 5), (3, 6.0, 7.0, 0.8571428571428571, 0, 7), (4, 11.0, 11.0, 1.0, 1, 12), (5, 11.0, 11.0, 1.0, 1, 12), (6, 11.0, 11.0, 1.0, 1, 12), (7, 10.0, 11.0, 0.9090909090909091, 2, 13), (8, 8.0, 11.0, 0.7272727272727273, 2, 13), (9, 9.0, 11.0, 0.8181818181818182, 2, 13), (10, 10.0, 10.0, 1.0, 5, 15), (11, 10.0, 10.0, 1.0, 5, 15), (12, 10.0, 10.0, 1.0, 5, 15)]",105,2,33.724000215530396,0.0
156,Experiment 2,4 Layers,22,14.0,"[[(0.0, 14.0)], [(8, 6.0)], [(4, 10.0)], [(2, 3), (7, 7.0)], [(6, 8.0)], [(4, 10.0)], [(2, 5), (9, 5.0)], [(0.0, 2.0), (6, 3)], [(0.0, 2.0)], [(0.0, 2.0), (7, 2)], [(0.0, 2.0), (7, 2)], [(0.0, 2.0)], [(0.0, 2.0)], [(0.0, 14.0)]]","[[14.0], [6.0], [10.0], [3, 7.0], [8.0], [10.0], [5, 5.0], [2.0, 3], [2.0], [2.0, 2], [2.0, 2], [2.0], [2.0], [14.0]]","[(0, 0.0, 0.0), (1, 8, 0.5714285714285714), (2, 4, 0.2857142857142857), (3, 4, 0.2857142857142857), (4, 6, 0.42857142857142855), (5, 4, 0.2857142857142857), (6, 4, 0.2857142857142857), (7, 9, 0.6428571428571429), (8, 12, 0.8571428571428571), (9, 10, 0.7142857142857143), (10, 10, 0.7142857142857143), (11, 12, 0.8571428571428571), (12, 12, 0.8571428571428571), (13, 0.0, 0.0)]","[(1, 8.0, 8.0, 1.0, 0, 8), (2, 4.0, 4.0, 1.0, 0, 4), (3, 4.0, 7.0, 0.5714285714285714, 0, 7), (4, 6.0, 6.0, 1.0, 0, 6), (5, 4.0, 4.0, 1.0, 0, 4), (6, 4.0, 9.0, 0.4444444444444444, 0, 9), (7, 9.0, 12.0, 0.75, 2, 14), (8, 12.0, 12.0, 1.0, 2, 14), (9, 10.0, 12.0, 0.8333333333333334, 2, 14), (10, 10.0, 12.0, 0.8333333333333334, 2, 14), (11, 12.0, 12.0, 1.0, 2, 14), (12, 12.0, 12.0, 1.0, 2, 14)]",95,2,5.764000177383423,0.0
157,Experiment 2,5 Layers,22,15.0,"[[(0.0, 15.0)], [(6, 9.0)], [(6, 1), (9, 6.0)], [(8, 7.0)], [(8, 7.0)], [(0.0, 2.0), (3, 3), (9, 6.0)], [(0.0, 2.0), (3, 3), (8, 1), (12, 3.0)], [(0.0, 2.0), (3, 3), (8, 1), (11, 4.0)], [(0.0, 2.0), (3, 2), (11, 4.0)], [(0.0, 3.0), (13, 2.0)], [(0.0, 3.0), (11, 1), (14, 1.0)], [(0.0, 4.0)], [(0.0, 3.0)], [(0.0, 15.0)]]","[[15.0], [9.0], [1, 6.0], [7.0], [7.0], [2.0, 3, 6.0], [2.0, 3, 1, 3.0], [2.0, 3, 1, 4.0], [2.0, 2, 4.0], [3.0, 2.0], [3.0, 1, 1.0], [4.0], [3.0], [15.0]]","[(0, 0.0, 0.0), (1, 6, 0.4), (2, 8, 0.5333333333333333), (3, 8, 0.5333333333333333), (4, 8, 0.5333333333333333), (5, 4, 0.26666666666666666), (6, 6, 0.4), (7, 5, 0.3333333333333333), (8, 7, 0.4666666666666667), (9, 10, 0.6666666666666666), (10, 10, 0.6666666666666666), (11, 11, 0.7333333333333333), (12, 12, 0.8), (13, 0.0, 0.0)]","[(1, 6.0, 6.0, 1.0, 0, 6), (2, 8.0, 9.0, 0.8888888888888888, 0, 9), (3, 8.0, 8.0, 1.0, 0, 8), (4, 8.0, 8.0, 1.0, 0, 8), (5, 4.0, 7.0, 0.5714285714285714, 2, 9), (6, 6.0, 10.0, 0.6, 2, 12), (7, 5.0, 9.0, 0.5555555555555556, 2, 11), (8, 7.0, 9.0, 0.7777777777777778, 2, 11), (9, 10.0, 10.0, 1.0, 3, 13), (10, 10.0, 11.0, 0.9090909090909091, 3, 14), (11, 11.0, 11.0, 1.0, 4, 15), (12, 12.0, 12.0, 1.0, 3, 15)]",95,2,12.888000011444092,0.0
158,Experiment 2,6 Layers,22,18.0,"[[(0.0, 18.0)], [(4, 2), (7, 11.0)], [(5, 13.0)], [(5, 13.0)], [(0.0, 1.0), (2, 1), (6, 1), (8, 10.0)], [(0.0, 1.0), (4, 14.0)], [(0.0, 1.0), (8, 10.0)], [(0.0, 2.0), (3, 2), (11, 3), (15, 3.0)], [(0.0, 2.0), (3, 1), (12, 6.0)], [(0.0, 2.0), (4, 1), (6, 1), (9, 9.0)], [(0.0, 3.0), (17, 1.0)], [(0.0, 3.0)], [(0.0, 4.0)], [(0.0, 18.0)]]","[[18.0], [2, 11.0], [13.0], [13.0], [1.0, 1, 1, 10.0], [1.0, 14.0], [1.0, 10.0], [2.0, 2, 3, 3.0], [2.0, 1, 6.0], [2.0, 1, 1, 9.0], [3.0, 1.0], [3.0], [4.0], [18.0]]","[(0, 0.0, 0.0), (1, 5, 0.2777777777777778), (2, 5, 0.2777777777777778), (3, 5, 0.2777777777777778), (4, 5, 0.2777777777777778), (5, 3, 0.16666666666666666), (6, 7, 0.3888888888888889), (7, 8, 0.4444444444444444), (8, 9, 0.5), (9, 5, 0.2777777777777778), (10, 14, 0.7777777777777778), (11, 15, 0.8333333333333334), (12, 14, 0.7777777777777778), (13, 0.0, 0.0)]","[(1, 5.0, 7.0, 0.7142857142857143, 0, 7), (2, 5.0, 5.0, 1.0, 0, 5), (3, 5.0, 5.0, 1.0, 0, 5), (4, 5.0, 7.0, 0.7142857142857143, 1, 8), (5, 3.0, 3.0, 1.0, 1, 4), (6, 7.0, 7.0, 1.0, 1, 8), (7, 8.0, 13.0, 0.6153846153846154, 2, 15), (8, 9.0, 10.0, 0.9, 2, 12), (9, 5.0, 7.0, 0.7142857142857143, 2, 9), (10, 14.0, 14.0, 1.0, 3, 17), (11, 15.0, 15.0, 1.0, 3, 18), (12, 14.0, 14.0, 1.0, 4, 18)]",95,2,26.562000036239624,0.0
159,Experiment 2,4 Layers,23,10.0,"[[(0.0, 10.0)], [(5, 5.0)], [(6, 4.0)], [(8, 2.0)], [(2, 1), (7, 3.0)], [(6, 4.0)], [(2, 1), (7, 3.0)], [(0.0, 3.0), (6, 1)], [(0.0, 2.0)], [(0.0, 2.0), (8, 2.0)], [(0.0, 2.0), (5, 1), (9, 1.0)], [(0.0, 2.0)], [(0.0, 2.0)], [(0.0, 10.0)]]","[[10.0], [5.0], [4.0], [2.0], [1, 3.0], [4.0], [1, 3.0], [3.0, 1], [2.0], [2.0, 2.0], [2.0, 1, 1.0], [2.0], [2.0], [10.0]]","[(0, 0.0, 0.0), (1, 5, 0.5), (2, 6, 0.6), (3, 8, 0.8), (4, 6, 0.6), (5, 6, 0.6), (6, 6, 0.6), (7, 6, 0.6), (8, 8, 0.8), (9, 6, 0.6), (10, 6, 0.6), (11, 8, 0.8), (12, 8, 0.8), (13, 0.0, 0.0)]","[(1, 5.0, 5.0, 1.0, 0, 5), (2, 6.0, 6.0, 1.0, 0, 6), (3, 8.0, 8.0, 1.0, 0, 8), (4, 6.0, 7.0, 0.8571428571428571, 0, 7), (5, 6.0, 6.0, 1.0, 0, 6), (6, 6.0, 7.0, 0.8571428571428571, 0, 7), (7, 6.0, 7.0, 0.8571428571428571, 3, 10), (8, 8.0, 8.0, 1.0, 2, 10), (9, 6.0, 6.0, 1.0, 2, 8), (10, 6.0, 7.0, 0.8571428571428571, 2, 9), (11, 8.0, 8.0, 1.0, 2, 10), (12, 8.0, 8.0, 1.0, 2, 10)]",79,2,2.9570000171661377,0.0
160,Experiment 2,5 Layers,23,12.0,"[[(0.0, 12.0)], [(9, 3.0)], [(4, 1), (9, 3.0)], [(10, 2.0)], [(10, 2.0)], [(0.0, 2.0), (6, 1), (9, 1), (11, 1.0)], [(0.0, 4.0), (8, 1), (10, 2.0)], [(0.0, 4.0), (6, 1), (11, 1.0)], [(0.0, 2.0), (11, 1.0)], [(0.0, 7.0), (8, 1)], [(0.0, 9.0)], [(0.0, 5.0), (6, 3)], [(0.0, 6.0), (7, 1), (9, 1)], [(0.0, 12.0)]]","[[12.0], [3.0], [1, 3.0], [2.0], [2.0], [2.0, 1, 1, 1.0], [4.0, 1, 2.0], [4.0, 1, 1.0], [2.0, 1.0], [7.0, 1], [9.0], [5.0, 3], [6.0, 1, 1], [12.0]]","[(0, 0.0, 0.0), (1, 9, 0.75), (2, 8, 0.6666666666666666), (3, 10, 0.8333333333333334), (4, 10, 0.8333333333333334), (5, 7, 0.5833333333333334), (6, 5, 0.4166666666666667), (7, 6, 0.5), (8, 9, 0.75), (9, 4, 0.3333333333333333), (10, 3, 0.25), (11, 4, 0.3333333333333333), (12, 4, 0.3333333333333333), (13, 0.0, 0.0)]","[(1, 9.0, 9.0, 1.0, 0, 9), (2, 8.0, 9.0, 0.8888888888888888, 0, 9), (3, 10.0, 10.0, 1.0, 0, 10), (4, 10.0, 10.0, 1.0, 0, 10), (5, 7.0, 9.0, 0.7777777777777778, 2, 11), (6, 5.0, 6.0, 0.8333333333333334, 4, 10), (7, 6.0, 7.0, 0.8571428571428571, 4, 11), (8, 9.0, 9.0, 1.0, 2, 11), (9, 4.0, 5.0, 0.8, 7, 12), (10, 3.0, 3.0, 1.0, 9, 12), (11, 4.0, 7.0, 0.5714285714285714, 5, 12), (12, 4.0, 6.0, 0.6666666666666666, 6, 12)]",79,2,11.229000091552734,0.0
161,Experiment 2,6 Layers,23,12.0,"[[(0.0, 12.0)], [(7, 5.0)], [(4, 1), (8, 4.0)], [(7, 5.0)], [(0.0, 1.0), (6, 6.0)], [(0.0, 1.0), (6, 1), (9, 3.0)], [(0.0, 1.0), (2, 1), (4, 3), (8, 1), (10, 2.0)], [(0.0, 2.0), (11, 1.0)], [(0.0, 2.0), (11, 1.0)], [(0.0, 2.0), (11, 1.0)], [(0.0, 5.0), (9, 1)], [(0.0, 4.0), (5, 1), (9, 1)], [(0.0, 8.0), (9, 1)], [(0.0, 12.0)]]","[[12.0], [5.0], [1, 4.0], [5.0], [1.0, 6.0], [1.0, 1, 3.0], [1.0, 1, 3, 1, 2.0], [2.0, 1.0], [2.0, 1.0], [2.0, 1.0], [5.0, 1], [4.0, 1, 1], [8.0, 1], [12.0]]","[(0, 0.0, 0.0), (1, 7, 0.5833333333333334), (2, 7, 0.5833333333333334), (3, 7, 0.5833333333333334), (4, 5, 0.4166666666666667), (5, 7, 0.5833333333333334), (6, 4, 0.3333333333333333), (7, 9, 0.75), (8, 9, 0.75), (9, 9, 0.75), (10, 6, 0.5), (11, 6, 0.5), (12, 3, 0.25), (13, 0.0, 0.0)]","[(1, 7.0, 7.0, 1.0, 0, 7), (2, 7.0, 8.0, 0.875, 0, 8), (3, 7.0, 7.0, 1.0, 0, 7), (4, 5.0, 5.0, 1.0, 1, 6), (5, 7.0, 8.0, 0.875, 1, 9), (6, 4.0, 9.0, 0.4444444444444444, 1, 10), (7, 9.0, 9.0, 1.0, 2, 11), (8, 9.0, 9.0, 1.0, 2, 11), (9, 9.0, 9.0, 1.0, 2, 11), (10, 6.0, 7.0, 0.8571428571428571, 5, 12), (11, 6.0, 8.0, 0.75, 4, 12), (12, 3.0, 4.0, 0.75, 8, 12)]",79,2,14.467000007629395,0.0
162,Experiment 2,4 Layers,24,11.0,"[[(0.0, 11.0)], [(4, 1), (7, 4.0)], [(4, 7.0)], [(4, 1), (7, 4.0)], [(4, 1), (7, 4.0)], [(7, 4.0)], [(2, 1), (5, 6.0)], [(0.0, 3.0), (9, 2.0)], [(0.0, 2.0)], [(0.0, 3.0)], [(0.0, 4.0), (7, 1)], [(0.0, 4.0), (7, 1)], [(0.0, 2.0)], [(0.0, 11.0)]]","[[11.0], [1, 4.0], [7.0], [1, 4.0], [1, 4.0], [4.0], [1, 6.0], [3.0, 2.0], [2.0], [3.0], [4.0, 1], [4.0, 1], [2.0], [11.0]]","[(0, 0.0, 0.0), (1, 6, 0.5454545454545454), (2, 4, 0.36363636363636365), (3, 6, 0.5454545454545454), (4, 6, 0.5454545454545454), (5, 7, 0.6363636363636364), (6, 4, 0.36363636363636365), (7, 6, 0.5454545454545454), (8, 9, 0.8181818181818182), (9, 8, 0.7272727272727273), (10, 6, 0.5454545454545454), (11, 6, 0.5454545454545454), (12, 9, 0.8181818181818182), (13, 0.0, 0.0)]","[(1, 6.0, 7.0, 0.8571428571428571, 0, 7), (2, 4.0, 4.0, 1.0, 0, 4), (3, 6.0, 7.0, 0.8571428571428571, 0, 7), (4, 6.0, 7.0, 0.8571428571428571, 0, 7), (5, 7.0, 7.0, 1.0, 0, 7), (6, 4.0, 5.0, 0.8, 0, 5), (7, 6.0, 6.0, 1.0, 3, 9), (8, 9.0, 9.0, 1.0, 2, 11), (9, 8.0, 8.0, 1.0, 3, 11), (10, 6.0, 7.0, 0.8571428571428571, 4, 11), (11, 6.0, 7.0, 0.8571428571428571, 4, 11), (12, 9.0, 9.0, 1.0, 2, 11)]",77,2,2.0999999046325684,0.0
163,Experiment 2,5 Layers,24,11.0,"[[(0.0, 11.0)], [(8, 3.0)], [(8, 3.0)], [(9, 2.0)], [(8, 3.0)], [(0.0, 2.0), (10, 1.0)], [(0.0, 2.0), (10, 1.0)], [(0.0, 2.0), (8, 1), (10, 1.0)], [(0.0, 4.0), (10, 1.0)], [(0.0, 8.0), (9, 1)], [(0.0, 5.0), (6, 1)], [(0.0, 6.0)], [(0.0, 7.0), (9, 1)], [(0.0, 11.0)]]","[[11.0], [3.0], [3.0], [2.0], [3.0], [2.0, 1.0], [2.0, 1.0], [2.0, 1, 1.0], [4.0, 1.0], [8.0, 1], [5.0, 1], [6.0], [7.0, 1], [11.0]]","[(0, 0.0, 0.0), (1, 8, 0.7272727272727273), (2, 8, 0.7272727272727273), (3, 9, 0.8181818181818182), (4, 8, 0.7272727272727273), (5, 8, 0.7272727272727273), (6, 8, 0.7272727272727273), (7, 7, 0.6363636363636364), (8, 6, 0.5454545454545454), (9, 2, 0.18181818181818182), (10, 5, 0.45454545454545453), (11, 5, 0.45454545454545453), (12, 3, 0.2727272727272727), (13, 0.0, 0.0)]","[(1, 8.0, 8.0, 1.0, 0, 8), (2, 8.0, 8.0, 1.0, 0, 8), (3, 9.0, 9.0, 1.0, 0, 9), (4, 8.0, 8.0, 1.0, 0, 8), (5, 8.0, 8.0, 1.0, 2, 10), (6, 8.0, 8.0, 1.0, 2, 10), (7, 7.0, 8.0, 0.875, 2, 10), (8, 6.0, 6.0, 1.0, 4, 10), (9, 2.0, 3.0, 0.6666666666666666, 8, 11), (10, 5.0, 6.0, 0.8333333333333334, 5, 11), (11, 5.0, 5.0, 1.0, 6, 11), (12, 3.0, 4.0, 0.75, 7, 11)]",77,2,6.310999870300293,0.0
164,Experiment 2,6 Layers,24,13.0,"[[(0.0, 13.0)], [(2, 1), (5, 2), (8, 5.0)], [(6, 7.0)], [(6, 7.0)], [(0.0, 1.0), (6, 1), (8, 1), (10, 3.0)], [(0.0, 1.0), (3, 2), (6, 1), (9, 4.0)], [(0.0, 1.0), (4, 3), (8, 5.0)], [(0.0, 2.0), (12, 1.0)], [(0.0, 2.0), (12, 1.0)], [(0.0, 2.0), (11, 2.0)], [(0.0, 4.0), (5, 3), (10, 1)], [(0.0, 6.0), (7, 1), (12, 1.0)], [(0.0, 4.0), (5, 4)], [(0.0, 13.0)]]","[[13.0], [1, 2, 5.0], [7.0], [7.0], [1.0, 1, 1, 3.0], [1.0, 2, 1, 4.0], [1.0, 3, 5.0], [2.0, 1.0], [2.0, 1.0], [2.0, 2.0], [4.0, 3, 1], [6.0, 1, 1.0], [4.0, 4], [13.0]]","[(0, 0.0, 0.0), (1, 5, 0.38461538461538464), (2, 6, 0.46153846153846156), (3, 6, 0.46153846153846156), (4, 7, 0.5384615384615384), (5, 5, 0.38461538461538464), (6, 4, 0.3076923076923077), (7, 10, 0.7692307692307693), (8, 10, 0.7692307692307693), (9, 9, 0.6923076923076923), (10, 5, 0.38461538461538464), (11, 5, 0.38461538461538464), (12, 5, 0.38461538461538464), (13, 0.0, 0.0)]","[(1, 5.0, 8.0, 0.625, 0, 8), (2, 6.0, 6.0, 1.0, 0, 6), (3, 6.0, 6.0, 1.0, 0, 6), (4, 7.0, 9.0, 0.7777777777777778, 1, 10), (5, 5.0, 8.0, 0.625, 1, 9), (6, 4.0, 7.0, 0.5714285714285714, 1, 8), (7, 10.0, 10.0, 1.0, 2, 12), (8, 10.0, 10.0, 1.0, 2, 12), (9, 9.0, 9.0, 1.0, 2, 11), (10, 5.0, 9.0, 0.5555555555555556, 4, 13), (11, 5.0, 6.0, 0.8333333333333334, 6, 12), (12, 5.0, 9.0, 0.5555555555555556, 4, 13)]",77,2,5.596999883651733,0.0
165,Experiment 2,4 Layers,25,9.0,"[[(0.0, 9.0)], [(6, 3.0)], [(7, 2.0)], [(7, 2.0)], [(6, 3.0)], [(7, 2.0)], [(6, 3.0)], [(0.0, 3.0)], [(0.0, 3.0)], [(0.0, 3.0)], [(0.0, 3.0)], [(0.0, 2.0)], [(0.0, 3.0), (6, 1)], [(0.0, 9.0)]]","[[9.0], [3.0], [2.0], [2.0], [3.0], [2.0], [3.0], [3.0], [3.0], [3.0], [3.0], [2.0], [3.0, 1], [9.0]]","[(0, 0.0, 0.0), (1, 6, 0.6666666666666666), (2, 7, 0.7777777777777778), (3, 7, 0.7777777777777778), (4, 6, 0.6666666666666666), (5, 7, 0.7777777777777778), (6, 6, 0.6666666666666666), (7, 6, 0.6666666666666666), (8, 6, 0.6666666666666666), (9, 6, 0.6666666666666666), (10, 6, 0.6666666666666666), (11, 7, 0.7777777777777778), (12, 5, 0.5555555555555556), (13, 0.0, 0.0)]","[(1, 6.0, 6.0, 1.0, 0, 6), (2, 7.0, 7.0, 1.0, 0, 7), (3, 7.0, 7.0, 1.0, 0, 7), (4, 6.0, 6.0, 1.0, 0, 6), (5, 7.0, 7.0, 1.0, 0, 7), (6, 6.0, 6.0, 1.0, 0, 6), (7, 6.0, 6.0, 1.0, 3, 9), (8, 6.0, 6.0, 1.0, 3, 9), (9, 6.0, 6.0, 1.0, 3, 9), (10, 6.0, 6.0, 1.0, 3, 9), (11, 7.0, 7.0, 1.0, 2, 9), (12, 5.0, 6.0, 0.8333333333333334, 3, 9)]",75,2,3.2780001163482666,0.0
166,Experiment 2,5 Layers,25,12.0,"[[(0.0, 12.0)], [(10, 2.0)], [(10, 2.0)], [(9, 3.0)], [(10, 2.0)], [(0.0, 6.0), (11, 1.0)], [(0.0, 5.0), (7, 2), (11, 1.0)], [(0.0, 6.0), (11, 1.0)], [(0.0, 2.0), (6, 1), (9, 1), (11, 1.0)], [(0.0, 5.0), (6, 3)], [(0.0, 8.0), (9, 1)], [(0.0, 5.0), (6, 2)], [(0.0, 9.0)], [(0.0, 12.0)]]","[[12.0], [2.0], [2.0], [3.0], [2.0], [6.0, 1.0], [5.0, 2, 1.0], [6.0, 1.0], [2.0, 1, 1, 1.0], [5.0, 3], [8.0, 1], [5.0, 2], [9.0], [12.0]]","[(0, 0.0, 0.0), (1, 10, 0.8333333333333334), (2, 10, 0.8333333333333334), (3, 9, 0.75), (4, 10, 0.8333333333333334), (5, 5, 0.4166666666666667), (6, 4, 0.3333333333333333), (7, 5, 0.4166666666666667), (8, 7, 0.5833333333333334), (9, 4, 0.3333333333333333), (10, 3, 0.25), (11, 5, 0.4166666666666667), (12, 3, 0.25), (13, 0.0, 0.0)]","[(1, 10.0, 10.0, 1.0, 0, 10), (2, 10.0, 10.0, 1.0, 0, 10), (3, 9.0, 9.0, 1.0, 0, 9), (4, 10.0, 10.0, 1.0, 0, 10), (5, 5.0, 5.0, 1.0, 6, 11), (6, 4.0, 6.0, 0.6666666666666666, 5, 11), (7, 5.0, 5.0, 1.0, 6, 11), (8, 7.0, 9.0, 0.7777777777777778, 2, 11), (9, 4.0, 7.0, 0.5714285714285714, 5, 12), (10, 3.0, 4.0, 0.75, 8, 12), (11, 5.0, 7.0, 0.7142857142857143, 5, 12), (12, 3.0, 3.0, 1.0, 9, 12)]",75,2,9.473999977111816,0.0
167,Experiment 2,6 Layers,25,11.0,"[[(0.0, 11.0)], [(6, 5.0)], [(6, 5.0)], [(6, 5.0)], [(0.0, 1.0), (8, 3.0)], [(0.0, 1.0), (8, 3.0)], [(0.0, 1.0), (8, 3.0)], [(0.0, 3.0), (10, 1.0)], [(0.0, 3.0), (10, 1.0)], [(0.0, 3.0), (10, 1.0)], [(0.0, 5.0), (7, 1)], [(0.0, 6.0)], [(0.0, 6.0)], [(0.0, 11.0)]]","[[11.0], [5.0], [5.0], [5.0], [1.0, 3.0], [1.0, 3.0], [1.0, 3.0], [3.0, 1.0], [3.0, 1.0], [3.0, 1.0], [5.0, 1], [6.0], [6.0], [11.0]]","[(0, 0.0, 0.0), (1, 6, 0.5454545454545454), (2, 6, 0.5454545454545454), (3, 6, 0.5454545454545454), (4, 7, 0.6363636363636364), (5, 7, 0.6363636363636364), (6, 7, 0.6363636363636364), (7, 7, 0.6363636363636364), (8, 7, 0.6363636363636364), (9, 7, 0.6363636363636364), (10, 5, 0.45454545454545453), (11, 5, 0.45454545454545453), (12, 5, 0.45454545454545453), (13, 0.0, 0.0)]","[(1, 6.0, 6.0, 1.0, 0, 6), (2, 6.0, 6.0, 1.0, 0, 6), (3, 6.0, 6.0, 1.0, 0, 6), (4, 7.0, 7.0, 1.0, 1, 8), (5, 7.0, 7.0, 1.0, 1, 8), (6, 7.0, 7.0, 1.0, 1, 8), (7, 7.0, 7.0, 1.0, 3, 10), (8, 7.0, 7.0, 1.0, 3, 10), (9, 7.0, 7.0, 1.0, 3, 10), (10, 5.0, 6.0, 0.8333333333333334, 5, 11), (11, 5.0, 5.0, 1.0, 6, 11), (12, 5.0, 5.0, 1.0, 6, 11)]",75,2,18.075000047683716,0.0
168,Experiment 2,4 Layers,26,12.0,"[[(0.0, 12.0)], [(10, 2.0)], [(8, 4.0)], [(7, 5.0)], [(10, 2.0)], [(10, 2.0)], [(0.0, 1.0), (9, 3.0)], [(0.0, 6.0), (8, 2)], [(0.0, 3.0), (7, 3)], [(0.0, 6.0)], [(0.0, 6.0), (8, 2)], [(0.0, 6.0), (8, 2)], [(0.0, 4.0), (11, 1.0)], [(0.0, 12.0)]]","[[12.0], [2.0], [4.0], [5.0], [2.0], [2.0], [1.0, 3.0], [6.0, 2], [3.0, 3], [6.0], [6.0, 2], [6.0, 2], [4.0, 1.0], [12.0]]","[(0, 0.0, 0.0), (1, 10, 0.8333333333333334), (2, 8, 0.6666666666666666), (3, 7, 0.5833333333333334), (4, 10, 0.8333333333333334), (5, 10, 0.8333333333333334), (6, 8, 0.6666666666666666), (7, 4, 0.3333333333333333), (8, 6, 0.5), (9, 6, 0.5), (10, 4, 0.3333333333333333), (11, 4, 0.3333333333333333), (12, 7, 0.5833333333333334), (13, 0.0, 0.0)]","[(1, 10.0, 10.0, 1.0, 0, 10), (2, 8.0, 8.0, 1.0, 0, 8), (3, 7.0, 7.0, 1.0, 0, 7), (4, 10.0, 10.0, 1.0, 0, 10), (5, 10.0, 10.0, 1.0, 0, 10), (6, 8.0, 8.0, 1.0, 1, 9), (7, 4.0, 6.0, 0.6666666666666666, 6, 12), (8, 6.0, 9.0, 0.6666666666666666, 3, 12), (9, 6.0, 6.0, 1.0, 6, 12), (10, 4.0, 6.0, 0.6666666666666666, 6, 12), (11, 4.0, 6.0, 0.6666666666666666, 6, 12), (12, 7.0, 7.0, 1.0, 4, 11)]",84,2,5.534999847412109,0.0
169,Experiment 2,5 Layers,26,16.0,"[[(0.0, 16.0)], [(14, 2.0)], [(12, 4.0)], [(14, 2.0)], [(13, 3.0)], [(0.0, 8.0), (9, 1), (11, 1), (15, 1.0)], [(0.0, 6.0), (7, 1), (10, 3), (14, 2.0)], [(0.0, 9.0), (12, 4.0)], [(0.0, 9.0), (12, 2), (15, 1.0)], [(0.0, 7.0), (8, 1), (11, 1), (13, 1)], [(0.0, 10.0), (11, 2), (14, 1)], [(0.0, 10.0), (11, 1), (13, 1), (15, 1.0)], [(0.0, 9.0), (10, 1), (12, 1), (14, 2.0)], [(0.0, 16.0)]]","[[16.0], [2.0], [4.0], [2.0], [3.0], [8.0, 1, 1, 1.0], [6.0, 1, 3, 2.0], [9.0, 4.0], [9.0, 2, 1.0], [7.0, 1, 1, 1], [10.0, 2, 1], [10.0, 1, 1, 1.0], [9.0, 1, 1, 2.0], [16.0]]","[(0, 0.0, 0.0), (1, 14, 0.875), (2, 12, 0.75), (3, 14, 0.875), (4, 13, 0.8125), (5, 5, 0.3125), (6, 4, 0.25), (7, 3, 0.1875), (8, 4, 0.25), (9, 6, 0.375), (10, 3, 0.1875), (11, 3, 0.1875), (12, 3, 0.1875), (13, 0.0, 0.0)]","[(1, 14.0, 14.0, 1.0, 0, 14), (2, 12.0, 12.0, 1.0, 0, 12), (3, 14.0, 14.0, 1.0, 0, 14), (4, 13.0, 13.0, 1.0, 0, 13), (5, 5.0, 7.0, 0.7142857142857143, 8, 15), (6, 4.0, 8.0, 0.5, 6, 14), (7, 3.0, 3.0, 1.0, 9, 12), (8, 4.0, 6.0, 0.6666666666666666, 9, 15), (9, 6.0, 9.0, 0.6666666666666666, 7, 16), (10, 3.0, 6.0, 0.5, 10, 16), (11, 3.0, 5.0, 0.6, 10, 15), (12, 3.0, 5.0, 0.6, 9, 14)]",84,2,13.534000158309937,0.0
170,Experiment 2,6 Layers,26,16.0,"[[(0.0, 16.0)], [(13, 3.0)], [(13, 3.0)], [(12, 4.0)], [(0.0, 2.0), (4, 4), (9, 1), (11, 5.0)], [(0.0, 4.0), (5, 2), (8, 1), (14, 2.0)], [(0.0, 3.0), (4, 2), (7, 5), (14, 2.0)], [(0.0, 3.0), (4, 1), (6, 2), (9, 1), (12, 1), (15, 1.0)], [(0.0, 4.0), (5, 1), (7, 4), (12, 1), (15, 1.0)], [(0.0, 7.0), (9, 4), (15, 1.0)], [(0.0, 6.0), (7, 2), (10, 1), (13, 1)], [(0.0, 6.0), (8, 1), (10, 2), (13, 1)], [(0.0, 6.0), (7, 7)], [(0.0, 16.0)]]","[[16.0], [3.0], [3.0], [4.0], [2.0, 4, 1, 5.0], [4.0, 2, 1, 2.0], [3.0, 2, 5, 2.0], [3.0, 1, 2, 1, 1, 1.0], [4.0, 1, 4, 1, 1.0], [7.0, 4, 1.0], [6.0, 2, 1, 1], [6.0, 1, 2, 1], [6.0, 7], [16.0]]","[(0, 0.0, 0.0), (1, 13, 0.8125), (2, 13, 0.8125), (3, 12, 0.75), (4, 4, 0.25), (5, 7, 0.4375), (6, 4, 0.25), (7, 7, 0.4375), (8, 5, 0.3125), (9, 4, 0.25), (10, 6, 0.375), (11, 6, 0.375), (12, 3, 0.1875), (13, 0.0, 0.0)]","[(1, 13.0, 13.0, 1.0, 0, 13), (2, 13.0, 13.0, 1.0, 0, 13), (3, 12.0, 12.0, 1.0, 0, 12), (4, 4.0, 9.0, 0.4444444444444444, 2, 11), (5, 7.0, 10.0, 0.7, 4, 14), (6, 4.0, 11.0, 0.36363636363636365, 3, 14), (7, 7.0, 12.0, 0.5833333333333334, 3, 15), (8, 5.0, 11.0, 0.45454545454545453, 4, 15), (9, 4.0, 8.0, 0.5, 7, 15), (10, 6.0, 10.0, 0.6, 6, 16), (11, 6.0, 10.0, 0.6, 6, 16), (12, 3.0, 10.0, 0.3, 6, 16)]",84,2,11.15500020980835,0.0
171,Experiment 2,4 Layers,27,12.0,"[[(0.0, 12.0)], [(8, 4.0)], [(4, 1), (9, 3.0)], [(8, 4.0)], [(10, 2.0)], [(10, 2.0)], [(10, 2.0)], [(0.0, 4.0)], [(0.0, 4.0)], [(0.0, 6.0)], [(0.0, 4.0)], [(0.0, 7.0), (11, 1.0)], [(0.0, 4.0)], [(0.0, 12.0)]]","[[12.0], [4.0], [1, 3.0], [4.0], [2.0], [2.0], [2.0], [4.0], [4.0], [6.0], [4.0], [7.0, 1.0], [4.0], [12.0]]","[(0, 0.0, 0.0), (1, 8, 0.6666666666666666), (2, 8, 0.6666666666666666), (3, 8, 0.6666666666666666), (4, 10, 0.8333333333333334), (5, 10, 0.8333333333333334), (6, 10, 0.8333333333333334), (7, 8, 0.6666666666666666), (8, 8, 0.6666666666666666), (9, 6, 0.5), (10, 8, 0.6666666666666666), (11, 4, 0.3333333333333333), (12, 8, 0.6666666666666666), (13, 0.0, 0.0)]","[(1, 8.0, 8.0, 1.0, 0, 8), (2, 8.0, 9.0, 0.8888888888888888, 0, 9), (3, 8.0, 8.0, 1.0, 0, 8), (4, 10.0, 10.0, 1.0, 0, 10), (5, 10.0, 10.0, 1.0, 0, 10), (6, 10.0, 10.0, 1.0, 0, 10), (7, 8.0, 8.0, 1.0, 4, 12), (8, 8.0, 8.0, 1.0, 4, 12), (9, 6.0, 6.0, 1.0, 6, 12), (10, 8.0, 8.0, 1.0, 4, 12), (11, 4.0, 4.0, 1.0, 7, 11), (12, 8.0, 8.0, 1.0, 4, 12)]",96,2,6.537999868392944,0.0
172,Experiment 2,5 Layers,27,16.0,"[[(0.0, 16.0)], [(14, 2.0)], [(4, 2), (14, 2.0)], [(14, 2.0)], [(14, 2.0)], [(0.0, 4.0), (7, 7), (15, 1.0)], [(0.0, 4.0), (7, 1), (9, 2), (15, 1.0)], [(0.0, 7.0), (15, 1.0)], [(0.0, 4.0), (5, 3), (13, 1), (15, 1.0)], [(0.0, 8.0), (10, 3), (14, 1)], [(0.0, 10.0), (14, 1)], [(0.0, 12.0), (13, 1)], [(0.0, 13.0)], [(0.0, 16.0)]]","[[16.0], [2.0], [2, 2.0], [2.0], [2.0], [4.0, 7, 1.0], [4.0, 1, 2, 1.0], [7.0, 1.0], [4.0, 3, 1, 1.0], [8.0, 3, 1], [10.0, 1], [12.0, 1], [13.0], [16.0]]","[(0, 0.0, 0.0), (1, 14, 0.875), (2, 12, 0.75), (3, 14, 0.875), (4, 14, 0.875), (5, 4, 0.25), (6, 8, 0.5), (7, 8, 0.5), (8, 7, 0.4375), (9, 4, 0.25), (10, 5, 0.3125), (11, 3, 0.1875), (12, 3, 0.1875), (13, 0.0, 0.0)]","[(1, 14.0, 14.0, 1.0, 0, 14), (2, 12.0, 14.0, 0.8571428571428571, 0, 14), (3, 14.0, 14.0, 1.0, 0, 14), (4, 14.0, 14.0, 1.0, 0, 14), (5, 4.0, 11.0, 0.36363636363636365, 4, 15), (6, 8.0, 11.0, 0.7272727272727273, 4, 15), (7, 8.0, 8.0, 1.0, 7, 15), (8, 7.0, 11.0, 0.6363636363636364, 4, 15), (9, 4.0, 8.0, 0.5, 8, 16), (10, 5.0, 6.0, 0.8333333333333334, 10, 16), (11, 3.0, 4.0, 0.75, 12, 16), (12, 3.0, 3.0, 1.0, 13, 16)]",96,2,45.95300006866455,0.0
173,Experiment 2,6 Layers,27,16.0,"[[(0.0, 16.0)], [(12, 4.0)], [(13, 3.0)], [(13, 3.0)], [(0.0, 2.0), (4, 3), (8, 4), (14, 2.0)], [(0.0, 3.0), (4, 1), (6, 3), (12, 1), (14, 2.0)], [(0.0, 5.0), (8, 2), (11, 2), (14, 2.0)], [(0.0, 3.0), (9, 1), (15, 1.0)], [(0.0, 4.0), (7, 3), (13, 1), (15, 1.0)], [(0.0, 4.0), (5, 1), (12, 1), (15, 1.0)], [(0.0, 7.0), (8, 2), (11, 1), (13, 1)], [(0.0, 10.0), (12, 1), (14, 1)], [(0.0, 8.0), (10, 1), (12, 1)], [(0.0, 16.0)]]","[[16.0], [4.0], [3.0], [3.0], [2.0, 3, 4, 2.0], [3.0, 1, 3, 1, 2.0], [5.0, 2, 2, 2.0], [3.0, 1, 1.0], [4.0, 3, 1, 1.0], [4.0, 1, 1, 1.0], [7.0, 2, 1, 1], [10.0, 1, 1], [8.0, 1, 1], [16.0]]","[(0, 0.0, 0.0), (1, 12, 0.75), (2, 13, 0.8125), (3, 13, 0.8125), (4, 5, 0.3125), (5, 6, 0.375), (6, 5, 0.3125), (7, 11, 0.6875), (8, 7, 0.4375), (9, 9, 0.5625), (10, 5, 0.3125), (11, 4, 0.25), (12, 6, 0.375), (13, 0.0, 0.0)]","[(1, 12.0, 12.0, 1.0, 0, 12), (2, 13.0, 13.0, 1.0, 0, 13), (3, 13.0, 13.0, 1.0, 0, 13), (4, 5.0, 12.0, 0.4166666666666667, 2, 14), (5, 6.0, 11.0, 0.5454545454545454, 3, 14), (6, 5.0, 9.0, 0.5555555555555556, 5, 14), (7, 11.0, 12.0, 0.9166666666666666, 3, 15), (8, 7.0, 11.0, 0.6363636363636364, 4, 15), (9, 9.0, 11.0, 0.8181818181818182, 4, 15), (10, 5.0, 9.0, 0.5555555555555556, 7, 16), (11, 4.0, 6.0, 0.6666666666666666, 10, 16), (12, 6.0, 8.0, 0.75, 8, 16)]",96,2,25.668999910354614,0.0
174,Experiment 2,4 Layers,28,10.0,"[[(0.0, 10.0)], [(8, 2.0)], [(6, 4.0)], [(8, 2.0)], [(8, 2.0)], [(8, 2.0)], [(7, 3.0)], [(0.0, 4.0), (9, 1.0)], [(0.0, 6.0)], [(0.0, 2.0), (7, 1)], [(0.0, 2.0), (5, 1)], [(0.0, 4.0), (7, 1)], [(0.0, 2.0), (9, 1.0)], [(0.0, 10.0)]]","[[10.0], [2.0], [4.0], [2.0], [2.0], [2.0], [3.0], [4.0, 1.0], [6.0], [2.0, 1], [2.0, 1], [4.0, 1], [2.0, 1.0], [10.0]]","[(0, 0.0, 0.0), (1, 8, 0.8), (2, 6, 0.6), (3, 8, 0.8), (4, 8, 0.8), (5, 8, 0.8), (6, 7, 0.7), (7, 5, 0.5), (8, 4, 0.4), (9, 7, 0.7), (10, 7, 0.7), (11, 5, 0.5), (12, 7, 0.7), (13, 0.0, 0.0)]","[(1, 8.0, 8.0, 1.0, 0, 8), (2, 6.0, 6.0, 1.0, 0, 6), (3, 8.0, 8.0, 1.0, 0, 8), (4, 8.0, 8.0, 1.0, 0, 8), (5, 8.0, 8.0, 1.0, 0, 8), (6, 7.0, 7.0, 1.0, 0, 7), (7, 5.0, 5.0, 1.0, 4, 9), (8, 4.0, 4.0, 1.0, 6, 10), (9, 7.0, 8.0, 0.875, 2, 10), (10, 7.0, 8.0, 0.875, 2, 10), (11, 5.0, 6.0, 0.8333333333333334, 4, 10), (12, 7.0, 7.0, 1.0, 2, 9)]",80,2,4.355000019073486,0.0
175,Experiment 2,5 Layers,28,14.0,"[[(0.0, 14.0)], [(12, 2.0)], [(10, 4.0)], [(11, 3.0)], [(12, 2.0)], [(0.0, 2.0), (3, 1), (5, 2), (8, 2), (11, 1), (13, 1.0)], [(0.0, 3.0), (5, 1), (7, 3), (12, 2.0)], [(0.0, 8.0), (9, 1), (11, 3.0)], [(0.0, 7.0), (8, 1), (10, 2), (13, 1.0)], [(0.0, 5.0), (7, 3)], [(0.0, 6.0), (7, 1), (10, 2)], [(0.0, 8.0)], [(0.0, 8.0), (9, 2), (13, 1.0)], [(0.0, 14.0)]]","[[14.0], [2.0], [4.0], [3.0], [2.0], [2.0, 1, 2, 2, 1, 1.0], [3.0, 1, 3, 2.0], [8.0, 1, 3.0], [7.0, 1, 2, 1.0], [5.0, 3], [6.0, 1, 2], [8.0], [8.0, 2, 1.0], [14.0]]","[(0, 0.0, 0.0), (1, 12, 0.8571428571428571), (2, 10, 0.7142857142857143), (3, 11, 0.7857142857142857), (4, 12, 0.8571428571428571), (5, 5, 0.35714285714285715), (6, 5, 0.35714285714285715), (7, 2, 0.14285714285714285), (8, 3, 0.21428571428571427), (9, 6, 0.42857142857142855), (10, 5, 0.35714285714285715), (11, 6, 0.42857142857142855), (12, 3, 0.21428571428571427), (13, 0.0, 0.0)]","[(1, 12.0, 12.0, 1.0, 0, 12), (2, 10.0, 10.0, 1.0, 0, 10), (3, 11.0, 11.0, 1.0, 0, 11), (4, 12.0, 12.0, 1.0, 0, 12), (5, 5.0, 11.0, 0.45454545454545453, 2, 13), (6, 5.0, 9.0, 0.5555555555555556, 3, 12), (7, 2.0, 3.0, 0.6666666666666666, 8, 11), (8, 3.0, 6.0, 0.5, 7, 13), (9, 6.0, 9.0, 0.6666666666666666, 5, 14), (10, 5.0, 8.0, 0.625, 6, 14), (11, 6.0, 6.0, 1.0, 8, 14), (12, 3.0, 5.0, 0.6, 8, 13)]",80,2,8.597000122070312,0.0
176,Experiment 2,6 Layers,28,13.0,"[[(0.0, 13.0)], [(10, 3.0)], [(10, 3.0)], [(10, 3.0)], [(0.0, 1.0), (3, 1), (6, 2), (9, 1), (11, 2.0)], [(0.0, 7.0), (8, 1), (11, 2.0)], [(0.0, 1.0), (2, 1), (5, 1), (8, 2), (11, 2.0)], [(0.0, 2.0), (5, 1), (7, 2), (12, 1.0)], [(0.0, 3.0), (4, 2), (7, 4), (12, 1.0)], [(0.0, 5.0), (6, 1), (9, 1), (12, 1.0)], [(0.0, 3.0), (7, 2)], [(0.0, 4.0), (5, 1), (10, 1)], [(0.0, 7.0), (10, 1)], [(0.0, 13.0)]]","[[13.0], [3.0], [3.0], [3.0], [1.0, 1, 2, 1, 2.0], [7.0, 1, 2.0], [1.0, 1, 1, 2, 2.0], [2.0, 1, 2, 1.0], [3.0, 2, 4, 1.0], [5.0, 1, 1, 1.0], [3.0, 2], [4.0, 1, 1], [7.0, 1], [13.0]]","[(0, 0.0, 0.0), (1, 10, 0.7692307692307693), (2, 10, 0.7692307692307693), (3, 10, 0.7692307692307693), (4, 6, 0.46153846153846156), (5, 3, 0.23076923076923078), (6, 6, 0.46153846153846156), (7, 7, 0.5384615384615384), (8, 3, 0.23076923076923078), (9, 5, 0.38461538461538464), (10, 8, 0.6153846153846154), (11, 7, 0.5384615384615384), (12, 5, 0.38461538461538464), (13, 0.0, 0.0)]","[(1, 10.0, 10.0, 1.0, 0, 10), (2, 10.0, 10.0, 1.0, 0, 10), (3, 10.0, 10.0, 1.0, 0, 10), (4, 6.0, 10.0, 0.6, 1, 11), (5, 3.0, 4.0, 0.75, 7, 11), (6, 6.0, 10.0, 0.6, 1, 11), (7, 7.0, 10.0, 0.7, 2, 12), (8, 3.0, 9.0, 0.3333333333333333, 3, 12), (9, 5.0, 7.0, 0.7142857142857143, 5, 12), (10, 8.0, 10.0, 0.8, 3, 13), (11, 7.0, 9.0, 0.7777777777777778, 4, 13), (12, 5.0, 6.0, 0.8333333333333334, 7, 13)]",80,2,21.105000019073486,0.0
177,Experiment 2,4 Layers,29,11.0,"[[(0.0, 11.0)], [(9, 2.0)], [(8, 3.0)], [(0.0, 1.0), (4, 1), (8, 3.0)], [(9, 2.0)], [(6, 5.0)], [(6, 5.0)], [(0.0, 3.0)], [(0.0, 4.0), (10, 1.0)], [(0.0, 4.0), (10, 1.0)], [(0.0, 3.0)], [(0.0, 3.0)], [(0.0, 4.0), (10, 1.0)], [(0.0, 11.0)]]","[[11.0], [2.0], [3.0], [1.0, 1, 3.0], [2.0], [5.0], [5.0], [3.0], [4.0, 1.0], [4.0, 1.0], [3.0], [3.0], [4.0, 1.0], [11.0]]","[(0, 0.0, 0.0), (1, 9, 0.8181818181818182), (2, 8, 0.7272727272727273), (3, 6, 0.5454545454545454), (4, 9, 0.8181818181818182), (5, 6, 0.5454545454545454), (6, 6, 0.5454545454545454), (7, 8, 0.7272727272727273), (8, 6, 0.5454545454545454), (9, 6, 0.5454545454545454), (10, 8, 0.7272727272727273), (11, 8, 0.7272727272727273), (12, 6, 0.5454545454545454), (13, 0.0, 0.0)]","[(1, 9.0, 9.0, 1.0, 0, 9), (2, 8.0, 8.0, 1.0, 0, 8), (3, 6.0, 7.0, 0.8571428571428571, 1, 8), (4, 9.0, 9.0, 1.0, 0, 9), (5, 6.0, 6.0, 1.0, 0, 6), (6, 6.0, 6.0, 1.0, 0, 6), (7, 8.0, 8.0, 1.0, 3, 11), (8, 6.0, 6.0, 1.0, 4, 10), (9, 6.0, 6.0, 1.0, 4, 10), (10, 8.0, 8.0, 1.0, 3, 11), (11, 8.0, 8.0, 1.0, 3, 11), (12, 6.0, 6.0, 1.0, 4, 10)]",86,2,2.98799991607666,0.0
178,Experiment 2,5 Layers,29,14.0,"[[(0.0, 14.0)], [(11, 3.0)], [(6, 1), (10, 4.0)], [(12, 2.0)], [(12, 2.0)], [(0.0, 3.0), (5, 1), (11, 3.0)], [(0.0, 3.0), (5, 2), (13, 1.0)], [(0.0, 2.0), (3, 7), (13, 1.0)], [(0.0, 3.0), (5, 1), (7, 2), (11, 1), (13, 1.0)], [(0.0, 5.0), (6, 4), (11, 2)], [(0.0, 11.0), (12, 1)], [(0.0, 3.0), (7, 1), (9, 1)], [(0.0, 8.0), (9, 2), (12, 1)], [(0.0, 14.0)]]","[[14.0], [3.0], [1, 4.0], [2.0], [2.0], [3.0, 1, 3.0], [3.0, 2, 1.0], [2.0, 7, 1.0], [3.0, 1, 2, 1, 1.0], [5.0, 4, 2], [11.0, 1], [3.0, 1, 1], [8.0, 2, 1], [14.0]]","[(0, 0.0, 0.0), (1, 11, 0.7857142857142857), (2, 9, 0.6428571428571429), (3, 12, 0.8571428571428571), (4, 12, 0.8571428571428571), (5, 7, 0.5), (6, 8, 0.5714285714285714), (7, 4, 0.2857142857142857), (8, 6, 0.42857142857142855), (9, 3, 0.21428571428571427), (10, 2, 0.14285714285714285), (11, 9, 0.6428571428571429), (12, 3, 0.21428571428571427), (13, 0.0, 0.0)]","[(1, 11.0, 11.0, 1.0, 0, 11), (2, 9.0, 10.0, 0.9, 0, 10), (3, 12.0, 12.0, 1.0, 0, 12), (4, 12.0, 12.0, 1.0, 0, 12), (5, 7.0, 8.0, 0.875, 3, 11), (6, 8.0, 10.0, 0.8, 3, 13), (7, 4.0, 11.0, 0.36363636363636365, 2, 13), (8, 6.0, 10.0, 0.6, 3, 13), (9, 3.0, 9.0, 0.3333333333333333, 5, 14), (10, 2.0, 3.0, 0.6666666666666666, 11, 14), (11, 9.0, 11.0, 0.8181818181818182, 3, 14), (12, 3.0, 6.0, 0.5, 8, 14)]",86,2,10.146999835968018,0.0
179,Experiment 2,6 Layers,29,13.0,"[[(0.0, 13.0)], [(3, 1), (5, 1), (7, 6.0)], [(5, 8.0)], [(4, 3), (8, 5.0)], [(0.0, 1.0), (10, 3.0)], [(0.0, 1.0), (11, 2.0)], [(0.0, 1.0), (11, 2.0)], [(0.0, 3.0), (5, 1), (12, 1.0)], [(0.0, 3.0), (12, 1.0)], [(0.0, 3.0), (9, 1), (12, 1.0)], [(0.0, 8.0)], [(0.0, 6.0), (7, 1)], [(0.0, 6.0), (8, 1)], [(0.0, 13.0)]]","[[13.0], [1, 1, 6.0], [8.0], [3, 5.0], [1.0, 3.0], [1.0, 2.0], [1.0, 2.0], [3.0, 1, 1.0], [3.0, 1.0], [3.0, 1, 1.0], [8.0], [6.0, 1], [6.0, 1], [13.0]]","[(0, 0.0, 0.0), (1, 5, 0.38461538461538464), (2, 5, 0.38461538461538464), (3, 5, 0.38461538461538464), (4, 9, 0.6923076923076923), (5, 10, 0.7692307692307693), (6, 10, 0.7692307692307693), (7, 8, 0.6153846153846154), (8, 9, 0.6923076923076923), (9, 8, 0.6153846153846154), (10, 5, 0.38461538461538464), (11, 6, 0.46153846153846156), (12, 6, 0.46153846153846156), (13, 0.0, 0.0)]","[(1, 5.0, 7.0, 0.7142857142857143, 0, 7), (2, 5.0, 5.0, 1.0, 0, 5), (3, 5.0, 8.0, 0.625, 0, 8), (4, 9.0, 9.0, 1.0, 1, 10), (5, 10.0, 10.0, 1.0, 1, 11), (6, 10.0, 10.0, 1.0, 1, 11), (7, 8.0, 9.0, 0.8888888888888888, 3, 12), (8, 9.0, 9.0, 1.0, 3, 12), (9, 8.0, 9.0, 0.8888888888888888, 3, 12), (10, 5.0, 5.0, 1.0, 8, 13), (11, 6.0, 7.0, 0.8571428571428571, 6, 13), (12, 6.0, 7.0, 0.8571428571428571, 6, 13)]",86,2,9.121999979019165,0.0
180,Experiment 3,3 Layers,0,26.0,"[[(0.0, 26.0)], [(0.0, 26.0)], [(15, 1)], [(0.0, 26.0)], [(0.0, 26.0)]]","[[26.0], [], [1], [], [26.0]]","[(0, 0.0, 0.0), (1, 26, 1.0), (2, 25, 0.9615384615384616), (3, 26, 1.0), (4, 0.0, 0.0)]","[(1, 26.0, 26.0, 1.0, 0, 26), (2, 25.0, 26.0, 0.9615384615384616, 0, 26), (3, 26.0, 26.0, 1.0, 0, 26)]",77,2,3.190999984741211,0.0
181,Experiment 3,4 Layers,0,17.0,"[[(0.0, 17.0)], [(14, 3.0)], [(15, 2.0)], [(15, 2.0)], [(0.0, 4.0)], [(0.0, 6.0), (8, 1), (11, 1), (14, 1)], [(0.0, 3.0), (5, 1), (8, 1)], [(0.0, 17.0)]]","[[17.0], [3.0], [2.0], [2.0], [4.0], [6.0, 1, 1, 1], [3.0, 1, 1], [17.0]]","[(0, 0.0, 0.0), (1, 14, 0.8235294117647058), (2, 15, 0.8823529411764706), (3, 15, 0.8823529411764706), (4, 13, 0.7647058823529411), (5, 8, 0.47058823529411764), (6, 12, 0.7058823529411765), (7, 0.0, 0.0)]","[(1, 14.0, 14.0, 1.0, 0, 14), (2, 15.0, 15.0, 1.0, 0, 15), (3, 15.0, 15.0, 1.0, 0, 15), (4, 13.0, 13.0, 1.0, 4, 17), (5, 8.0, 11.0, 0.7272727272727273, 6, 17), (6, 12.0, 14.0, 0.8571428571428571, 3, 17)]",77,2,1.7070000171661377,0.0
182,Experiment 3,5 Layers,0,17.0,"[[(0.0, 17.0)], [(14, 3.0)], [(15, 2.0)], [(15, 2.0)], [(0.0, 6.0), (10, 7.0)], [(0.0, 6.0), (8, 1), (10, 1), (16, 1.0)], [(0.0, 2.0), (5, 4), (10, 3), (14, 1), (16, 1.0)], [(0.0, 8.0), (9, 6), (16, 1.0)], [(0.0, 7.0), (8, 1), (10, 2)], [(0.0, 8.0), (9, 2), (12, 1)], [(0.0, 17.0)]]","[[17.0], [3.0], [2.0], [2.0], [6.0, 7.0], [6.0, 1, 1, 1.0], [2.0, 4, 3, 1, 1.0], [8.0, 6, 1.0], [7.0, 1, 2], [8.0, 2, 1], [17.0]]","[(0, 0.0, 0.0), (1, 14, 0.8235294117647058), (2, 15, 0.8823529411764706), (3, 15, 0.8823529411764706), (4, 4, 0.23529411764705882), (5, 8, 0.47058823529411764), (6, 6, 0.35294117647058826), (7, 2, 0.11764705882352941), (8, 7, 0.4117647058823529), (9, 6, 0.35294117647058826), (10, 0.0, 0.0)]","[(1, 14.0, 14.0, 1.0, 0, 14), (2, 15.0, 15.0, 1.0, 0, 15), (3, 15.0, 15.0, 1.0, 0, 15), (4, 4.0, 4.0, 1.0, 6, 10), (5, 8.0, 10.0, 0.8, 6, 16), (6, 6.0, 14.0, 0.42857142857142855, 2, 16), (7, 2.0, 8.0, 0.25, 8, 16), (8, 7.0, 10.0, 0.7, 7, 17), (9, 6.0, 9.0, 0.6666666666666666, 8, 17)]",77,2,2.078000068664551,0.0
183,Experiment 3,6 Layers,0,13.0,"[[(0.0, 13.0)], [(5, 8.0)], [(1, 1), (5, 8.0)], [(6, 7.0)], [(0.0, 1.0), (10, 3.0)], [(0.0, 1.0), (11, 2.0)], [(0.0, 1.0), (11, 2.0)], [(0.0, 4.0), (5, 1), (11, 2.0)], [(0.0, 3.0), (4, 3), (12, 1.0)], [(0.0, 3.0), (4, 2), (9, 1), (12, 1.0)], [(0.0, 6.0), (7, 1), (9, 1)], [(0.0, 4.0), (5, 5)], [(0.0, 4.0), (5, 3)], [(0.0, 13.0)]]","[[13.0], [8.0], [1, 8.0], [7.0], [1.0, 3.0], [1.0, 2.0], [1.0, 2.0], [4.0, 1, 2.0], [3.0, 3, 1.0], [3.0, 2, 1, 1.0], [6.0, 1, 1], [4.0, 5], [4.0, 3], [13.0]]","[(0, 0.0, 0.0), (1, 5, 0.38461538461538464), (2, 4, 0.3076923076923077), (3, 6, 0.46153846153846156), (4, 9, 0.6923076923076923), (5, 10, 0.7692307692307693), (6, 10, 0.7692307692307693), (7, 6, 0.46153846153846156), (8, 6, 0.46153846153846156), (9, 6, 0.46153846153846156), (10, 5, 0.38461538461538464), (11, 4, 0.3076923076923077), (12, 6, 0.46153846153846156), (13, 0.0, 0.0)]","[(1, 5.0, 5.0, 1.0, 0, 5), (2, 4.0, 5.0, 0.8, 0, 5), (3, 6.0, 6.0, 1.0, 0, 6), (4, 9.0, 9.0, 1.0, 1, 10), (5, 10.0, 10.0, 1.0, 1, 11), (6, 10.0, 10.0, 1.0, 1, 11), (7, 6.0, 7.0, 0.8571428571428571, 4, 11), (8, 6.0, 9.0, 0.6666666666666666, 3, 12), (9, 6.0, 9.0, 0.6666666666666666, 3, 12), (10, 5.0, 7.0, 0.7142857142857143, 6, 13), (11, 4.0, 9.0, 0.4444444444444444, 4, 13), (12, 6.0, 9.0, 0.6666666666666666, 4, 13)]",77,2,3.0889999866485596,0.0
184,Experiment 3,3 Layers,1,26.0,"[[(0.0, 26.0)], [(16, 1)], [(0.0, 26.0)], [(0.0, 26.0)], [(0.0, 26.0)]]","[[26.0], [1], [], [], [26.0]]","[(0, 0.0, 0.0), (1, 25, 0.9615384615384616), (2, 26, 1.0), (3, 26, 1.0), (4, 0.0, 0.0)]","[(1, 25.0, 26.0, 0.9615384615384616, 0, 26), (2, 26.0, 26.0, 1.0, 0, 26), (3, 26.0, 26.0, 1.0, 0, 26)]",77,2,3.8330001831054688,0.0
185,Experiment 3,4 Layers,1,16.0,"[[(0.0, 16.0)], [(12, 4.0)], [(14, 2.0)], [(14, 2.0)], [(0.0, 2.0), (10, 1)], [(0.0, 2.0), (5, 1), (15, 1.0)], [(0.0, 4.0)], [(0.0, 16.0)]]","[[16.0], [4.0], [2.0], [2.0], [2.0, 1], [2.0, 1, 1.0], [4.0], [16.0]]","[(0, 0.0, 0.0), (1, 12, 0.75), (2, 14, 0.875), (3, 14, 0.875), (4, 13, 0.8125), (5, 12, 0.75), (6, 12, 0.75), (7, 0.0, 0.0)]","[(1, 12.0, 12.0, 1.0, 0, 12), (2, 14.0, 14.0, 1.0, 0, 14), (3, 14.0, 14.0, 1.0, 0, 14), (4, 13.0, 14.0, 0.9285714285714286, 2, 16), (5, 12.0, 13.0, 0.9230769230769231, 2, 15), (6, 12.0, 12.0, 1.0, 4, 16)]",77,2,2.046999931335449,0.0
186,Experiment 3,5 Layers,1,16.0,"[[(0.0, 16.0)], [(12, 4.0)], [(14, 2.0)], [(14, 2.0)], [(0.0, 3.0), (7, 1), (9, 1), (11, 3), (15, 1.0)], [(0.0, 4.0), (5, 1), (8, 2), (11, 1), (13, 1), (15, 1.0)], [(0.0, 12.0), (13, 1), (15, 1.0)], [(0.0, 6.0), (10, 1), (14, 1)], [(0.0, 5.0), (13, 2)], [(0.0, 8.0), (9, 1), (11, 2)], [(0.0, 16.0)]]","[[16.0], [4.0], [2.0], [2.0], [3.0, 1, 1, 3, 1.0], [4.0, 1, 2, 1, 1, 1.0], [12.0, 1, 1.0], [6.0, 1, 1], [5.0, 2], [8.0, 1, 2], [16.0]]","[(0, 0.0, 0.0), (1, 12, 0.75), (2, 14, 0.875), (3, 14, 0.875), (4, 7, 0.4375), (5, 6, 0.375), (6, 2, 0.125), (7, 8, 0.5), (8, 9, 0.5625), (9, 5, 0.3125), (10, 0.0, 0.0)]","[(1, 12.0, 12.0, 1.0, 0, 12), (2, 14.0, 14.0, 1.0, 0, 14), (3, 14.0, 14.0, 1.0, 0, 14), (4, 7.0, 12.0, 0.5833333333333334, 3, 15), (5, 6.0, 11.0, 0.5454545454545454, 4, 15), (6, 2.0, 3.0, 0.6666666666666666, 12, 15), (7, 8.0, 10.0, 0.8, 6, 16), (8, 9.0, 11.0, 0.8181818181818182, 5, 16), (9, 5.0, 8.0, 0.625, 8, 16)]",77,2,3.2849998474121094,0.0
187,Experiment 3,6 Layers,1,11.0,"[[(0.0, 11.0)], [(6, 5.0)], [(6, 5.0)], [(8, 3.0)], [(0.0, 1.0), (3, 1), (9, 2.0)], [(0.0, 1.0), (7, 1), (9, 2.0)], [(0.0, 2.0), (8, 3.0)], [(0.0, 2.0), (5, 1), (10, 1.0)], [(0.0, 2.0), (3, 1), (5, 1), (9, 2.0)], [(0.0, 3.0), (4, 2), (7, 2), (10, 1.0)], [(0.0, 3.0)], [(0.0, 3.0)], [(0.0, 4.0), (6, 1)], [(0.0, 11.0)]]","[[11.0], [5.0], [5.0], [3.0], [1.0, 1, 2.0], [1.0, 1, 2.0], [2.0, 3.0], [2.0, 1, 1.0], [2.0, 1, 1, 2.0], [3.0, 2, 2, 1.0], [3.0], [3.0], [4.0, 1], [11.0]]","[(0, 0.0, 0.0), (1, 6, 0.5454545454545454), (2, 6, 0.5454545454545454), (3, 8, 0.7272727272727273), (4, 7, 0.6363636363636364), (5, 7, 0.6363636363636364), (6, 6, 0.5454545454545454), (7, 7, 0.6363636363636364), (8, 5, 0.45454545454545453), (9, 3, 0.2727272727272727), (10, 8, 0.7272727272727273), (11, 8, 0.7272727272727273), (12, 6, 0.5454545454545454), (13, 0.0, 0.0)]","[(1, 6.0, 6.0, 1.0, 0, 6), (2, 6.0, 6.0, 1.0, 0, 6), (3, 8.0, 8.0, 1.0, 0, 8), (4, 7.0, 8.0, 0.875, 1, 9), (5, 7.0, 8.0, 0.875, 1, 9), (6, 6.0, 6.0, 1.0, 2, 8), (7, 7.0, 8.0, 0.875, 2, 10), (8, 5.0, 7.0, 0.7142857142857143, 2, 9), (9, 3.0, 7.0, 0.42857142857142855, 3, 10), (10, 8.0, 8.0, 1.0, 3, 11), (11, 8.0, 8.0, 1.0, 3, 11), (12, 6.0, 7.0, 0.8571428571428571, 4, 11)]",77,2,4.864000082015991,0.0
188,Experiment 3,3 Layers,2,28.0,"[[(0.0, 28.0)], [(0.0, 28.0)], [(0.0, 28.0)], [(0.0, 28.0)], [(0.0, 28.0)]]","[[28.0], [], [], [], [28.0]]","[(0, 0.0, 0.0), (1, 28, 1.0), (2, 28, 1.0), (3, 28, 1.0), (4, 0.0, 0.0)]","[(1, 28.0, 28.0, 1.0, 0, 28), (2, 28.0, 28.0, 1.0, 0, 28), (3, 28.0, 28.0, 1.0, 0, 28)]",84,2,3.5989999771118164,0.0
189,Experiment 3,4 Layers,2,20.0,"[[(0.0, 20.0)], [(15, 5.0)], [(18, 2.0)], [(7, 1), (18, 2.0)], [(0.0, 4.0), (10, 2), (14, 2)], [(0.0, 5.0), (7, 1), (16, 2)], [(0.0, 10.0)], [(0.0, 20.0)]]","[[20.0], [5.0], [2.0], [1, 2.0], [4.0, 2, 2], [5.0, 1, 2], [10.0], [20.0]]","[(0, 0.0, 0.0), (1, 15, 0.75), (2, 18, 0.9), (3, 17, 0.85), (4, 12, 0.6), (5, 12, 0.6), (6, 10, 0.5), (7, 0.0, 0.0)]","[(1, 15.0, 15.0, 1.0, 0, 15), (2, 18.0, 18.0, 1.0, 0, 18), (3, 17.0, 18.0, 0.9444444444444444, 0, 18), (4, 12.0, 16.0, 0.75, 4, 20), (5, 12.0, 15.0, 0.8, 5, 20), (6, 10.0, 10.0, 1.0, 10, 20)]",84,2,3.0139999389648438,0.0
190,Experiment 3,5 Layers,2,20.0,"[[(0.0, 20.0)], [(18, 2.0)], [(12, 1), (16, 4.0)], [(8, 1), (18, 2.0)], [(0.0, 10.0), (11, 1), (14, 4), (19, 1.0)], [(0.0, 10.0), (11, 3), (16, 1), (19, 1.0)], [(0.0, 6.0), (8, 1), (10, 1), (12, 3), (16, 2), (19, 1.0)], [(0.0, 11.0), (12, 1), (14, 2)], [(0.0, 11.0), (14, 4)], [(0.0, 7.0), (8, 1), (10, 2), (14, 1), (17, 1)], [(0.0, 20.0)]]","[[20.0], [2.0], [1, 4.0], [1, 2.0], [10.0, 1, 4, 1.0], [10.0, 3, 1, 1.0], [6.0, 1, 1, 3, 2, 1.0], [11.0, 1, 2], [11.0, 4], [7.0, 1, 2, 1, 1], [20.0]]","[(0, 0.0, 0.0), (1, 18, 0.9), (2, 15, 0.75), (3, 17, 0.85), (4, 4, 0.2), (5, 5, 0.25), (6, 6, 0.3), (7, 6, 0.3), (8, 5, 0.25), (9, 8, 0.4), (10, 0.0, 0.0)]","[(1, 18.0, 18.0, 1.0, 0, 18), (2, 15.0, 16.0, 0.9375, 0, 16), (3, 17.0, 18.0, 0.9444444444444444, 0, 18), (4, 4.0, 9.0, 0.4444444444444444, 10, 19), (5, 5.0, 9.0, 0.5555555555555556, 10, 19), (6, 6.0, 13.0, 0.46153846153846156, 6, 19), (7, 6.0, 9.0, 0.6666666666666666, 11, 20), (8, 5.0, 9.0, 0.5555555555555556, 11, 20), (9, 8.0, 13.0, 0.6153846153846154, 7, 20)]",84,2,2.9089999198913574,0.0
191,Experiment 3,6 Layers,2,13.0,"[[(0.0, 13.0)], [(9, 4.0)], [(8, 5.0)], [(10, 3.0)], [(0.0, 4.0), (5, 1), (9, 1), (11, 2.0)], [(0.0, 1.0), (11, 2.0)], [(0.0, 1.0), (8, 1), (10, 3.0)], [(0.0, 5.0), (12, 1.0)], [(0.0, 3.0), (4, 1), (8, 2), (12, 1.0)], [(0.0, 8.0), (10, 3.0)], [(0.0, 6.0), (9, 1)], [(0.0, 5.0), (6, 1)], [(0.0, 7.0)], [(0.0, 13.0)]]","[[13.0], [4.0], [5.0], [3.0], [4.0, 1, 1, 2.0], [1.0, 2.0], [1.0, 1, 3.0], [5.0, 1.0], [3.0, 1, 2, 1.0], [8.0, 3.0], [6.0, 1], [5.0, 1], [7.0], [13.0]]","[(0, 0.0, 0.0), (1, 9, 0.6923076923076923), (2, 8, 0.6153846153846154), (3, 10, 0.7692307692307693), (4, 5, 0.38461538461538464), (5, 10, 0.7692307692307693), (6, 8, 0.6153846153846154), (7, 7, 0.5384615384615384), (8, 6, 0.46153846153846156), (9, 2, 0.15384615384615385), (10, 6, 0.46153846153846156), (11, 7, 0.5384615384615384), (12, 6, 0.46153846153846156), (13, 0.0, 0.0)]","[(1, 9.0, 9.0, 1.0, 0, 9), (2, 8.0, 8.0, 1.0, 0, 8), (3, 10.0, 10.0, 1.0, 0, 10), (4, 5.0, 7.0, 0.7142857142857143, 4, 11), (5, 10.0, 10.0, 1.0, 1, 11), (6, 8.0, 9.0, 0.8888888888888888, 1, 10), (7, 7.0, 7.0, 1.0, 5, 12), (8, 6.0, 9.0, 0.6666666666666666, 3, 12), (9, 2.0, 2.0, 1.0, 8, 10), (10, 6.0, 7.0, 0.8571428571428571, 6, 13), (11, 7.0, 8.0, 0.875, 5, 13), (12, 6.0, 6.0, 1.0, 7, 13)]",84,2,6.351000070571899,0.0
192,Experiment 3,3 Layers,3,30.0,"[[(0.0, 30.0)], [(0.0, 30.0)], [(0.0, 30.0)], [(0.0, 30.0)], [(0.0, 30.0)]]","[[30.0], [], [], [], [30.0]]","[(0, 0.0, 0.0), (1, 30, 1.0), (2, 30, 1.0), (3, 30, 1.0), (4, 0.0, 0.0)]","[(1, 30.0, 30.0, 1.0, 0, 30), (2, 30.0, 30.0, 1.0, 0, 30), (3, 30.0, 30.0, 1.0, 0, 30)]",90,2,4.101999998092651,0.0
193,Experiment 3,4 Layers,3,22.0,"[[(0.0, 22.0)], [(19, 3.0)], [(20, 2.0)], [(20, 2.0)], [(0.0, 4.0), (6, 6), (14, 2)], [(0.0, 8.0), (10, 1), (13, 3)], [(0.0, 6.0), (9, 2), (15, 1), (18, 2)], [(0.0, 22.0)]]","[[22.0], [3.0], [2.0], [2.0], [4.0, 6, 2], [8.0, 1, 3], [6.0, 2, 1, 2], [22.0]]","[(0, 0.0, 0.0), (1, 19, 0.8636363636363636), (2, 20, 0.9090909090909091), (3, 20, 0.9090909090909091), (4, 10, 0.45454545454545453), (5, 10, 0.45454545454545453), (6, 11, 0.5), (7, 0.0, 0.0)]","[(1, 19.0, 19.0, 1.0, 0, 19), (2, 20.0, 20.0, 1.0, 0, 20), (3, 20.0, 20.0, 1.0, 0, 20), (4, 10.0, 18.0, 0.5555555555555556, 4, 22), (5, 10.0, 14.0, 0.7142857142857143, 8, 22), (6, 11.0, 16.0, 0.6875, 6, 22)]",90,2,2.1449999809265137,0.0
194,Experiment 3,5 Layers,3,22.0,"[[(0.0, 22.0)], [(20, 2.0)], [(20, 2.0)], [(19, 3.0)], [(0.0, 13.0), (14, 5), (21, 1.0)], [(0.0, 8.0), (9, 3), (13, 1), (16, 1), (18, 2), (21, 1.0)], [(0.0, 3.0), (4, 4), (9, 4), (14, 2), (18, 2), (21, 1.0)], [(0.0, 11.0), (13, 3), (19, 1)], [(0.0, 17.0)], [(0.0, 12.0), (14, 5), (20, 1)], [(0.0, 22.0)]]","[[22.0], [2.0], [2.0], [3.0], [13.0, 5, 1.0], [8.0, 3, 1, 1, 2, 1.0], [3.0, 4, 4, 2, 2, 1.0], [11.0, 3, 1], [17.0], [12.0, 5, 1], [22.0]]","[(0, 0.0, 0.0), (1, 20, 0.9090909090909091), (2, 20, 0.9090909090909091), (3, 19, 0.8636363636363636), (4, 3, 0.13636363636363635), (5, 6, 0.2727272727272727), (6, 6, 0.2727272727272727), (7, 7, 0.3181818181818182), (8, 5, 0.22727272727272727), (9, 4, 0.18181818181818182), (10, 0.0, 0.0)]","[(1, 20.0, 20.0, 1.0, 0, 20), (2, 20.0, 20.0, 1.0, 0, 20), (3, 19.0, 19.0, 1.0, 0, 19), (4, 3.0, 8.0, 0.375, 13, 21), (5, 6.0, 13.0, 0.46153846153846156, 8, 21), (6, 6.0, 18.0, 0.3333333333333333, 3, 21), (7, 7.0, 11.0, 0.6363636363636364, 11, 22), (8, 5.0, 5.0, 1.0, 17, 22), (9, 4.0, 10.0, 0.4, 12, 22)]",90,2,3.058000087738037,0.0
195,Experiment 3,6 Layers,3,17.0,"[[(0.0, 17.0)], [(12, 5.0)], [(14, 3.0)], [(12, 5.0)], [(0.0, 3.0), (4, 3), (13, 4.0)], [(0.0, 6.0), (7, 1), (15, 2.0)], [(0.0, 4.0), (6, 2), (10, 1), (13, 4.0)], [(0.0, 7.0), (9, 2), (12, 1), (15, 2.0)], [(0.0, 4.0), (5, 7), (16, 1.0)], [(0.0, 8.0), (11, 1), (14, 3.0)], [(0.0, 9.0), (10, 2), (15, 1)], [(0.0, 5.0), (6, 4), (12, 1), (14, 1)], [(0.0, 10.0), (12, 1), (15, 1)], [(0.0, 17.0)]]","[[17.0], [5.0], [3.0], [5.0], [3.0, 3, 4.0], [6.0, 1, 2.0], [4.0, 2, 1, 4.0], [7.0, 2, 1, 2.0], [4.0, 7, 1.0], [8.0, 1, 3.0], [9.0, 2, 1], [5.0, 4, 1, 1], [10.0, 1, 1], [17.0]]","[(0, 0.0, 0.0), (1, 12, 0.7058823529411765), (2, 14, 0.8235294117647058), (3, 12, 0.7058823529411765), (4, 7, 0.4117647058823529), (5, 8, 0.47058823529411764), (6, 6, 0.35294117647058826), (7, 5, 0.29411764705882354), (8, 5, 0.29411764705882354), (9, 5, 0.29411764705882354), (10, 5, 0.29411764705882354), (11, 6, 0.35294117647058826), (12, 5, 0.29411764705882354), (13, 0.0, 0.0)]","[(1, 12.0, 12.0, 1.0, 0, 12), (2, 14.0, 14.0, 1.0, 0, 14), (3, 12.0, 12.0, 1.0, 0, 12), (4, 7.0, 10.0, 0.7, 3, 13), (5, 8.0, 9.0, 0.8888888888888888, 6, 15), (6, 6.0, 9.0, 0.6666666666666666, 4, 13), (7, 5.0, 8.0, 0.625, 7, 15), (8, 5.0, 12.0, 0.4166666666666667, 4, 16), (9, 5.0, 6.0, 0.8333333333333334, 8, 14), (10, 5.0, 8.0, 0.625, 9, 17), (11, 6.0, 12.0, 0.5, 5, 17), (12, 5.0, 7.0, 0.7142857142857143, 10, 17)]",90,2,4.6529998779296875,0.0
196,Experiment 3,3 Layers,4,22.0,"[[(0.0, 22.0)], [(0.0, 22.0)], [(0.0, 22.0)], [(20, 2.0)], [(0.0, 22.0)]]","[[22.0], [], [], [2.0], [22.0]]","[(0, 0.0, 0.0), (1, 22, 1.0), (2, 22, 1.0), (3, 20, 0.9090909090909091), (4, 0.0, 0.0)]","[(1, 22.0, 22.0, 1.0, 0, 22), (2, 22.0, 22.0, 1.0, 0, 22), (3, 20.0, 20.0, 1.0, 0, 20)]",64,2,9.049000024795532,0.0
197,Experiment 3,4 Layers,4,14.0,"[[(0.0, 14.0)], [(10, 4.0)], [(10, 4.0)], [(10, 4.0)], [(0.0, 2.0)], [(0.0, 4.0)], [(0.0, 2.0)], [(0.0, 14.0)]]","[[14.0], [4.0], [4.0], [4.0], [2.0], [4.0], [2.0], [14.0]]","[(0, 0.0, 0.0), (1, 10, 0.7142857142857143), (2, 10, 0.7142857142857143), (3, 10, 0.7142857142857143), (4, 12, 0.8571428571428571), (5, 10, 0.7142857142857143), (6, 12, 0.8571428571428571), (7, 0.0, 0.0)]","[(1, 10.0, 10.0, 1.0, 0, 10), (2, 10.0, 10.0, 1.0, 0, 10), (3, 10.0, 10.0, 1.0, 0, 10), (4, 12.0, 12.0, 1.0, 2, 14), (5, 10.0, 10.0, 1.0, 4, 14), (6, 12.0, 12.0, 1.0, 2, 14)]",64,2,1.0780000686645508,0.0
198,Experiment 3,5 Layers,4,12.0,"[[(0.0, 12.0)], [(10, 2.0)], [(10, 2.0)], [(10, 2.0)], [(0.0, 2.0), (3, 5), (9, 1), (11, 1.0)], [(0.0, 2.0), (3, 1), (11, 1.0)], [(0.0, 2.0), (3, 1), (5, 1), (7, 3), (11, 1.0)], [(0.0, 3.0), (10, 1)], [(0.0, 3.0), (4, 1), (6, 1)], [(0.0, 7.0), (8, 1)], [(0.0, 12.0)]]","[[12.0], [2.0], [2.0], [2.0], [2.0, 5, 1, 1.0], [2.0, 1, 1.0], [2.0, 1, 1, 3, 1.0], [3.0, 1], [3.0, 1, 1], [7.0, 1], [12.0]]","[(0, 0.0, 0.0), (1, 10, 0.8333333333333334), (2, 10, 0.8333333333333334), (3, 10, 0.8333333333333334), (4, 3, 0.25), (5, 8, 0.6666666666666666), (6, 4, 0.3333333333333333), (7, 8, 0.6666666666666666), (8, 7, 0.5833333333333334), (9, 4, 0.3333333333333333), (10, 0.0, 0.0)]","[(1, 10.0, 10.0, 1.0, 0, 10), (2, 10.0, 10.0, 1.0, 0, 10), (3, 10.0, 10.0, 1.0, 0, 10), (4, 3.0, 9.0, 0.3333333333333333, 2, 11), (5, 8.0, 9.0, 0.8888888888888888, 2, 11), (6, 4.0, 9.0, 0.4444444444444444, 2, 11), (7, 8.0, 9.0, 0.8888888888888888, 3, 12), (8, 7.0, 9.0, 0.7777777777777778, 3, 12), (9, 4.0, 5.0, 0.8, 7, 12)]",64,2,1.8970000743865967,0.0
199,Experiment 3,6 Layers,4,10.0,"[[(0.0, 10.0)], [(5, 5.0)], [(5, 5.0)], [(5, 5.0)], [(0.0, 1.0), (7, 3.0)], [(0.0, 1.0), (2, 1), (6, 4.0)], [(0.0, 1.0), (6, 4.0)], [(0.0, 2.0), (3, 1), (8, 2.0)], [(0.0, 2.0), (4, 1), (8, 2.0)], [(0.0, 2.0), (4, 1), (8, 2.0)], [(0.0, 3.0), (9, 1.0)], [(0.0, 3.0)], [(0.0, 3.0), (6, 1)], [(0.0, 10.0)]]","[[10.0], [5.0], [5.0], [5.0], [1.0, 3.0], [1.0, 1, 4.0], [1.0, 4.0], [2.0, 1, 2.0], [2.0, 1, 2.0], [2.0, 1, 2.0], [3.0, 1.0], [3.0], [3.0, 1], [10.0]]","[(0, 0.0, 0.0), (1, 5, 0.5), (2, 5, 0.5), (3, 5, 0.5), (4, 6, 0.6), (5, 4, 0.4), (6, 5, 0.5), (7, 5, 0.5), (8, 5, 0.5), (9, 5, 0.5), (10, 6, 0.6), (11, 7, 0.7), (12, 6, 0.6), (13, 0.0, 0.0)]","[(1, 5.0, 5.0, 1.0, 0, 5), (2, 5.0, 5.0, 1.0, 0, 5), (3, 5.0, 5.0, 1.0, 0, 5), (4, 6.0, 6.0, 1.0, 1, 7), (5, 4.0, 5.0, 0.8, 1, 6), (6, 5.0, 5.0, 1.0, 1, 6), (7, 5.0, 6.0, 0.8333333333333334, 2, 8), (8, 5.0, 6.0, 0.8333333333333334, 2, 8), (9, 5.0, 6.0, 0.8333333333333334, 2, 8), (10, 6.0, 6.0, 1.0, 3, 9), (11, 7.0, 7.0, 1.0, 3, 10), (12, 6.0, 7.0, 0.8571428571428571, 3, 10)]",64,2,1.684000015258789,0.0
200,Experiment 3,3 Layers,5,32.0,"[[(0.0, 32.0)], [(0.0, 32.0)], [(7, 1)], [(0.0, 32.0)], [(0.0, 32.0)]]","[[32.0], [], [1], [], [32.0]]","[(0, 0.0, 0.0), (1, 32, 1.0), (2, 31, 0.96875), (3, 32, 1.0), (4, 0.0, 0.0)]","[(1, 32.0, 32.0, 1.0, 0, 32), (2, 31.0, 32.0, 0.96875, 0, 32), (3, 32.0, 32.0, 1.0, 0, 32)]",95,2,3.7139999866485596,0.0
201,Experiment 3,4 Layers,5,27.0,"[[(0.0, 27.0)], [(5, 8), (15, 12.0)], [(4, 2), (9, 1), (12, 3), (17, 2), (21, 6.0)], [(4, 1), (9, 1), (14, 13.0)], [(0.0, 5.0), (20, 7.0)], [(0.0, 2.0)], [(0.0, 2.0), (25, 2.0)], [(0.0, 27.0)]]","[[27.0], [8, 12.0], [2, 1, 3, 2, 6.0], [1, 1, 13.0], [5.0, 7.0], [2.0], [2.0, 2.0], [27.0]]","[(0, 0.0, 0.0), (1, 7, 0.25925925925925924), (2, 13, 0.48148148148148145), (3, 12, 0.4444444444444444), (4, 15, 0.5555555555555556), (5, 25, 0.9259259259259259), (6, 23, 0.8518518518518519), (7, 0.0, 0.0)]","[(1, 7.0, 15.0, 0.4666666666666667, 0, 15), (2, 13.0, 21.0, 0.6190476190476191, 0, 21), (3, 12.0, 14.0, 0.8571428571428571, 0, 14), (4, 15.0, 15.0, 1.0, 5, 20), (5, 25.0, 25.0, 1.0, 2, 27), (6, 23.0, 23.0, 1.0, 2, 25)]",95,2,1.0320000648498535,0.0
202,Experiment 3,5 Layers,5,23.0,"[[(0.0, 23.0)], [(3, 1), (7, 2), (11, 12.0)], [(8, 2), (14, 9.0)], [(4, 1), (13, 10.0)], [(0.0, 3.0), (4, 3), (8, 1), (10, 1), (13, 1), (15, 8.0)], [(0.0, 2.0), (18, 5.0)], [(0.0, 2.0), (22, 1.0)], [(0.0, 9.0), (11, 4), (19, 4.0)], [(0.0, 7.0), (9, 2), (13, 1), (16, 2), (19, 4.0)], [(0.0, 8.0), (10, 2), (15, 3), (20, 2)], [(0.0, 23.0)]]","[[23.0], [1, 2, 12.0], [2, 9.0], [1, 10.0], [3.0, 3, 1, 1, 1, 8.0], [2.0, 5.0], [2.0, 1.0], [9.0, 4, 4.0], [7.0, 2, 1, 2, 4.0], [8.0, 2, 3, 2], [23.0]]","[(0, 0.0, 0.0), (1, 8, 0.34782608695652173), (2, 12, 0.5217391304347826), (3, 12, 0.5217391304347826), (4, 6, 0.2608695652173913), (5, 16, 0.6956521739130435), (6, 20, 0.8695652173913043), (7, 6, 0.2608695652173913), (8, 7, 0.30434782608695654), (9, 8, 0.34782608695652173), (10, 0.0, 0.0)]","[(1, 8.0, 11.0, 0.7272727272727273, 0, 11), (2, 12.0, 14.0, 0.8571428571428571, 0, 14), (3, 12.0, 13.0, 0.9230769230769231, 0, 13), (4, 6.0, 12.0, 0.5, 3, 15), (5, 16.0, 16.0, 1.0, 2, 18), (6, 20.0, 20.0, 1.0, 2, 22), (7, 6.0, 10.0, 0.6, 9, 19), (8, 7.0, 12.0, 0.5833333333333334, 7, 19), (9, 8.0, 15.0, 0.5333333333333333, 8, 23)]",95,2,2.072000026702881,0.0
203,Experiment 3,6 Layers,5,23.0,"[[(0.0, 23.0)], [(2, 21.0)], [(5, 18.0)], [(7, 1), (9, 14.0)], [(0.0, 2.0), (5, 4), (11, 12.0)], [(0.0, 1.0), (4, 1), (6, 1), (8, 2), (12, 11.0)], [(0.0, 1.0), (4, 4), (9, 2), (12, 11.0)], [(0.0, 3.0), (5, 2), (8, 3), (13, 10.0)], [(0.0, 3.0), (16, 1), (21, 2.0)], [(0.0, 2.0), (22, 1.0)], [(0.0, 5.0), (7, 1), (10, 3), (19, 4.0)], [(0.0, 14.0), (16, 1), (18, 4)], [(0.0, 5.0), (7, 1), (9, 3), (14, 4), (19, 3)], [(0.0, 23.0)]]","[[23.0], [21.0], [18.0], [1, 14.0], [2.0, 4, 12.0], [1.0, 1, 1, 2, 11.0], [1.0, 4, 2, 11.0], [3.0, 2, 3, 10.0], [3.0, 1, 2.0], [2.0, 1.0], [5.0, 1, 3, 4.0], [14.0, 1, 4], [5.0, 1, 3, 4, 3], [23.0]]","[(0, 0.0, 0.0), (1, 2, 0.08695652173913043), (2, 5, 0.21739130434782608), (3, 8, 0.34782608695652173), (4, 5, 0.21739130434782608), (5, 7, 0.30434782608695654), (6, 5, 0.21739130434782608), (7, 5, 0.21739130434782608), (8, 17, 0.7391304347826086), (9, 20, 0.8695652173913043), (10, 10, 0.43478260869565216), (11, 4, 0.17391304347826086), (12, 7, 0.30434782608695654), (13, 0.0, 0.0)]","[(1, 2.0, 2.0, 1.0, 0, 2), (2, 5.0, 5.0, 1.0, 0, 5), (3, 8.0, 9.0, 0.8888888888888888, 0, 9), (4, 5.0, 9.0, 0.5555555555555556, 2, 11), (5, 7.0, 11.0, 0.6363636363636364, 1, 12), (6, 5.0, 11.0, 0.45454545454545453, 1, 12), (7, 5.0, 10.0, 0.5, 3, 13), (8, 17.0, 18.0, 0.9444444444444444, 3, 21), (9, 20.0, 20.0, 1.0, 2, 22), (10, 10.0, 14.0, 0.7142857142857143, 5, 19), (11, 4.0, 9.0, 0.4444444444444444, 14, 23), (12, 7.0, 18.0, 0.3888888888888889, 5, 23)]",95,2,1.315000057220459,0.0
204,Experiment 3,3 Layers,6,30.0,"[[(0.0, 30.0)], [(28, 2.0)], [(0.0, 30.0)], [(0.0, 30.0)], [(0.0, 30.0)]]","[[30.0], [2.0], [], [], [30.0]]","[(0, 0.0, 0.0), (1, 28, 0.9333333333333333), (2, 30, 1.0), (3, 30, 1.0), (4, 0.0, 0.0)]","[(1, 28.0, 28.0, 1.0, 0, 28), (2, 30.0, 30.0, 1.0, 0, 30), (3, 30.0, 30.0, 1.0, 0, 30)]",88,2,5.640000104904175,0.0
205,Experiment 3,4 Layers,6,20.0,"[[(0.0, 20.0)], [(6, 1), (13, 1), (17, 3.0)], [(18, 2.0)], [(17, 3.0)], [(0.0, 3.0), (6, 3)], [(0.0, 8.0), (10, 2)], [(0.0, 5.0), (10, 1)], [(0.0, 20.0)]]","[[20.0], [1, 1, 3.0], [2.0], [3.0], [3.0, 3], [8.0, 2], [5.0, 1], [20.0]]","[(0, 0.0, 0.0), (1, 15, 0.75), (2, 18, 0.9), (3, 17, 0.85), (4, 14, 0.7), (5, 10, 0.5), (6, 14, 0.7), (7, 0.0, 0.0)]","[(1, 15.0, 17.0, 0.8823529411764706, 0, 17), (2, 18.0, 18.0, 1.0, 0, 18), (3, 17.0, 17.0, 1.0, 0, 17), (4, 14.0, 17.0, 0.8235294117647058, 3, 20), (5, 10.0, 12.0, 0.8333333333333334, 8, 20), (6, 14.0, 15.0, 0.9333333333333333, 5, 20)]",88,2,2.0789999961853027,0.0
206,Experiment 3,5 Layers,6,20.0,"[[(0.0, 20.0)], [(18, 2.0)], [(3, 1), (16, 4.0)], [(17, 3.0)], [(0.0, 3.0), (5, 2), (8, 2), (16, 2), (19, 1.0)], [(0.0, 8.0), (10, 6), (17, 3.0)], [(0.0, 3.0), (5, 1), (8, 4), (14, 1), (19, 1.0)], [(0.0, 5.0), (6, 8), (16, 1), (18, 1)], [(0.0, 10.0), (11, 3), (16, 1), (18, 1)], [(0.0, 9.0), (10, 3), (14, 1), (18, 2.0)], [(0.0, 20.0)]]","[[20.0], [2.0], [1, 4.0], [3.0], [3.0, 2, 2, 2, 1.0], [8.0, 6, 3.0], [3.0, 1, 4, 1, 1.0], [5.0, 8, 1, 1], [10.0, 3, 1, 1], [9.0, 3, 1, 2.0], [20.0]]","[(0, 0.0, 0.0), (1, 18, 0.9), (2, 15, 0.75), (3, 17, 0.85), (4, 10, 0.5), (5, 3, 0.15), (6, 10, 0.5), (7, 5, 0.25), (8, 5, 0.25), (9, 5, 0.25), (10, 0.0, 0.0)]","[(1, 18.0, 18.0, 1.0, 0, 18), (2, 15.0, 16.0, 0.9375, 0, 16), (3, 17.0, 17.0, 1.0, 0, 17), (4, 10.0, 16.0, 0.625, 3, 19), (5, 3.0, 9.0, 0.3333333333333333, 8, 17), (6, 10.0, 16.0, 0.625, 3, 19), (7, 5.0, 15.0, 0.3333333333333333, 5, 20), (8, 5.0, 10.0, 0.5, 10, 20), (9, 5.0, 9.0, 0.5555555555555556, 9, 18)]",88,2,3.190999984741211,0.0
207,Experiment 3,6 Layers,6,15.0,"[[(0.0, 15.0)], [(8, 1), (11, 4.0)], [(11, 4.0)], [(12, 3.0)], [(0.0, 5.0), (6, 2), (9, 1), (11, 4.0)], [(0.0, 1.0), (3, 3), (7, 3), (13, 2.0)], [(0.0, 2.0), (3, 1), (6, 1), (9, 1), (13, 2.0)], [(0.0, 5.0), (14, 1.0)], [(0.0, 5.0), (6, 1), (9, 2), (14, 1.0)], [(0.0, 4.0), (8, 1), (11, 1), (14, 1.0)], [(0.0, 9.0), (11, 1)], [(0.0, 6.0), (7, 3), (11, 1)], [(0.0, 8.0), (10, 1), (13, 1)], [(0.0, 15.0)]]","[[15.0], [1, 4.0], [4.0], [3.0], [5.0, 2, 1, 4.0], [1.0, 3, 3, 2.0], [2.0, 1, 1, 1, 2.0], [5.0, 1.0], [5.0, 1, 2, 1.0], [4.0, 1, 1, 1.0], [9.0, 1], [6.0, 3, 1], [8.0, 1, 1], [15.0]]","[(0, 0.0, 0.0), (1, 10, 0.6666666666666666), (2, 11, 0.7333333333333333), (3, 12, 0.8), (4, 3, 0.2), (5, 6, 0.4), (6, 8, 0.5333333333333333), (7, 9, 0.6), (8, 6, 0.4), (9, 8, 0.5333333333333333), (10, 5, 0.3333333333333333), (11, 5, 0.3333333333333333), (12, 5, 0.3333333333333333), (13, 0.0, 0.0)]","[(1, 10.0, 11.0, 0.9090909090909091, 0, 11), (2, 11.0, 11.0, 1.0, 0, 11), (3, 12.0, 12.0, 1.0, 0, 12), (4, 3.0, 6.0, 0.5, 5, 11), (5, 6.0, 12.0, 0.5, 1, 13), (6, 8.0, 11.0, 0.7272727272727273, 2, 13), (7, 9.0, 9.0, 1.0, 5, 14), (8, 6.0, 9.0, 0.6666666666666666, 5, 14), (9, 8.0, 10.0, 0.8, 4, 14), (10, 5.0, 6.0, 0.8333333333333334, 9, 15), (11, 5.0, 9.0, 0.5555555555555556, 6, 15), (12, 5.0, 7.0, 0.7142857142857143, 8, 15)]",88,2,3.8540000915527344,0.0
208,Experiment 3,3 Layers,7,25.0,"[[(0.0, 25.0)], [(0.0, 25.0)], [(24, 1.0)], [(14, 1)], [(0.0, 25.0)]]","[[25.0], [], [1.0], [1], [25.0]]","[(0, 0.0, 0.0), (1, 25, 1.0), (2, 24, 0.96), (3, 24, 0.96), (4, 0.0, 0.0)]","[(1, 25.0, 25.0, 1.0, 0, 25), (2, 24.0, 24.0, 1.0, 0, 24), (3, 24.0, 25.0, 0.96, 0, 25)]",73,2,1.3330001831054688,0.0
209,Experiment 3,4 Layers,7,17.0,"[[(0.0, 17.0)], [(15, 2.0)], [(12, 5.0)], [(8, 1), (15, 2.0)], [(0.0, 4.0), (14, 1)], [(0.0, 4.0), (6, 2), (14, 1)], [(0.0, 5.0), (7, 2)], [(0.0, 17.0)]]","[[17.0], [2.0], [5.0], [1, 2.0], [4.0, 1], [4.0, 2, 1], [5.0, 2], [17.0]]","[(0, 0.0, 0.0), (1, 15, 0.8823529411764706), (2, 12, 0.7058823529411765), (3, 14, 0.8235294117647058), (4, 12, 0.7058823529411765), (5, 10, 0.5882352941176471), (6, 10, 0.5882352941176471), (7, 0.0, 0.0)]","[(1, 15.0, 15.0, 1.0, 0, 15), (2, 12.0, 12.0, 1.0, 0, 12), (3, 14.0, 15.0, 0.9333333333333333, 0, 15), (4, 12.0, 13.0, 0.9230769230769231, 4, 17), (5, 10.0, 13.0, 0.7692307692307693, 4, 17), (6, 10.0, 12.0, 0.8333333333333334, 5, 17)]",73,2,5.115000009536743,0.0
210,Experiment 3,5 Layers,7,17.0,"[[(0.0, 17.0)], [(15, 2.0)], [(12, 5.0)], [(14, 3.0)], [(0.0, 5.0), (7, 2), (11, 6.0)], [(0.0, 4.0), (5, 3), (9, 1), (13, 1), (15, 2.0)], [(0.0, 6.0), (8, 2), (12, 1), (14, 1), (16, 1.0)], [(0.0, 7.0), (8, 2), (15, 1)], [(0.0, 9.0), (11, 2), (15, 2.0)], [(0.0, 6.0), (7, 3), (13, 2), (16, 1.0)], [(0.0, 17.0)]]","[[17.0], [2.0], [5.0], [3.0], [5.0, 2, 6.0], [4.0, 3, 1, 1, 2.0], [6.0, 2, 1, 1, 1.0], [7.0, 2, 1], [9.0, 2, 2.0], [6.0, 3, 2, 1.0], [17.0]]","[(0, 0.0, 0.0), (1, 15, 0.8823529411764706), (2, 12, 0.7058823529411765), (3, 14, 0.8235294117647058), (4, 4, 0.23529411764705882), (5, 6, 0.35294117647058826), (6, 6, 0.35294117647058826), (7, 7, 0.4117647058823529), (8, 4, 0.23529411764705882), (9, 5, 0.29411764705882354), (10, 0.0, 0.0)]","[(1, 15.0, 15.0, 1.0, 0, 15), (2, 12.0, 12.0, 1.0, 0, 12), (3, 14.0, 14.0, 1.0, 0, 14), (4, 4.0, 6.0, 0.6666666666666666, 5, 11), (5, 6.0, 11.0, 0.5454545454545454, 4, 15), (6, 6.0, 10.0, 0.6, 6, 16), (7, 7.0, 10.0, 0.7, 7, 17), (8, 4.0, 6.0, 0.6666666666666666, 9, 15), (9, 5.0, 10.0, 0.5, 6, 16)]",73,2,2.9609999656677246,0.0
211,Experiment 3,6 Layers,7,11.0,"[[(0.0, 11.0)], [(8, 3.0)], [(6, 5.0)], [(7, 4.0)], [(0.0, 1.0), (4, 1), (9, 2.0)], [(0.0, 2.0), (8, 3.0)], [(0.0, 2.0), (9, 2.0)], [(0.0, 3.0), (4, 2), (9, 2.0)], [(0.0, 4.0), (5, 1), (10, 1.0)], [(0.0, 3.0), (10, 1.0)], [(0.0, 5.0)], [(0.0, 6.0), (7, 1)], [(0.0, 5.0)], [(0.0, 11.0)]]","[[11.0], [3.0], [5.0], [4.0], [1.0, 1, 2.0], [2.0, 3.0], [2.0, 2.0], [3.0, 2, 2.0], [4.0, 1, 1.0], [3.0, 1.0], [5.0], [6.0, 1], [5.0], [11.0]]","[(0, 0.0, 0.0), (1, 8, 0.7272727272727273), (2, 6, 0.5454545454545454), (3, 7, 0.6363636363636364), (4, 7, 0.6363636363636364), (5, 6, 0.5454545454545454), (6, 7, 0.6363636363636364), (7, 4, 0.36363636363636365), (8, 5, 0.45454545454545453), (9, 7, 0.6363636363636364), (10, 6, 0.5454545454545454), (11, 4, 0.36363636363636365), (12, 6, 0.5454545454545454), (13, 0.0, 0.0)]","[(1, 8.0, 8.0, 1.0, 0, 8), (2, 6.0, 6.0, 1.0, 0, 6), (3, 7.0, 7.0, 1.0, 0, 7), (4, 7.0, 8.0, 0.875, 1, 9), (5, 6.0, 6.0, 1.0, 2, 8), (6, 7.0, 7.0, 1.0, 2, 9), (7, 4.0, 6.0, 0.6666666666666666, 3, 9), (8, 5.0, 6.0, 0.8333333333333334, 4, 10), (9, 7.0, 7.0, 1.0, 3, 10), (10, 6.0, 6.0, 1.0, 5, 11), (11, 4.0, 5.0, 0.8, 6, 11), (12, 6.0, 6.0, 1.0, 5, 11)]",73,2,5.601999998092651,0.0
212,Experiment 3,3 Layers,8,32.0,"[[(0.0, 32.0)], [(0.0, 32.0)], [(31, 1.0)], [(18, 1)], [(0.0, 32.0)]]","[[32.0], [], [1.0], [1], [32.0]]","[(0, 0.0, 0.0), (1, 32, 1.0), (2, 31, 0.96875), (3, 31, 0.96875), (4, 0.0, 0.0)]","[(1, 32.0, 32.0, 1.0, 0, 32), (2, 31.0, 31.0, 1.0, 0, 31), (3, 31.0, 32.0, 0.96875, 0, 32)]",94,2,4.187000036239624,0.0
213,Experiment 3,4 Layers,8,21.0,"[[(0.0, 21.0)], [(15, 6.0)], [(18, 3.0)], [(14, 7.0)], [(0.0, 3.0), (6, 3)], [(0.0, 3.0)], [(0.0, 3.0), (7, 3), (14, 1)], [(0.0, 21.0)]]","[[21.0], [6.0], [3.0], [7.0], [3.0, 3], [3.0], [3.0, 3, 1], [21.0]]","[(0, 0.0, 0.0), (1, 15, 0.7142857142857143), (2, 18, 0.8571428571428571), (3, 14, 0.6666666666666666), (4, 15, 0.7142857142857143), (5, 18, 0.8571428571428571), (6, 14, 0.6666666666666666), (7, 0.0, 0.0)]","[(1, 15.0, 15.0, 1.0, 0, 15), (2, 18.0, 18.0, 1.0, 0, 18), (3, 14.0, 14.0, 1.0, 0, 14), (4, 15.0, 18.0, 0.8333333333333334, 3, 21), (5, 18.0, 18.0, 1.0, 3, 21), (6, 14.0, 18.0, 0.7777777777777778, 3, 21)]",94,2,0.9609999656677246,0.0
214,Experiment 3,5 Layers,8,21.0,"[[(0.0, 21.0)], [(15, 6.0)], [(18, 3.0)], [(9, 5), (19, 2.0)], [(0.0, 3.0), (4, 2), (7, 3), (11, 1), (13, 5), (19, 2.0)], [(0.0, 4.0), (5, 2), (8, 1), (10, 2), (13, 2), (16, 2), (20, 1.0)], [(0.0, 3.0), (5, 3), (10, 3), (15, 6.0)], [(0.0, 6.0), (14, 2), (18, 1)], [(0.0, 4.0), (6, 3), (15, 1), (18, 1)], [(0.0, 11.0), (13, 2), (17, 3)], [(0.0, 21.0)]]","[[21.0], [6.0], [3.0], [5, 2.0], [3.0, 2, 3, 1, 5, 2.0], [4.0, 2, 1, 2, 2, 2, 1.0], [3.0, 3, 3, 6.0], [6.0, 2, 1], [4.0, 3, 1, 1], [11.0, 2, 3], [21.0]]","[(0, 0.0, 0.0), (1, 15, 0.7142857142857143), (2, 18, 0.8571428571428571), (3, 14, 0.6666666666666666), (4, 5, 0.23809523809523808), (5, 7, 0.3333333333333333), (6, 6, 0.2857142857142857), (7, 12, 0.5714285714285714), (8, 12, 0.5714285714285714), (9, 5, 0.23809523809523808), (10, 0.0, 0.0)]","[(1, 15.0, 15.0, 1.0, 0, 15), (2, 18.0, 18.0, 1.0, 0, 18), (3, 14.0, 19.0, 0.7368421052631579, 0, 19), (4, 5.0, 16.0, 0.3125, 3, 19), (5, 7.0, 16.0, 0.4375, 4, 20), (6, 6.0, 12.0, 0.5, 3, 15), (7, 12.0, 15.0, 0.8, 6, 21), (8, 12.0, 17.0, 0.7058823529411765, 4, 21), (9, 5.0, 10.0, 0.5, 11, 21)]",94,2,3.559000015258789,0.0
215,Experiment 3,6 Layers,8,16.0,"[[(0.0, 16.0)], [(12, 4.0)], [(6, 1), (11, 5.0)], [(5, 2), (9, 7.0)], [(0.0, 2.0), (7, 2), (12, 4.0)], [(0.0, 1.0), (5, 1), (7, 1), (9, 2), (13, 3.0)], [(0.0, 3.0), (4, 1), (6, 10.0)], [(0.0, 4.0), (7, 6), (14, 2.0)], [(0.0, 3.0), (4, 1), (6, 1), (12, 1), (14, 2.0)], [(0.0, 4.0), (8, 4), (14, 2.0)], [(0.0, 4.0)], [(0.0, 5.0)], [(0.0, 6.0), (10, 4)], [(0.0, 16.0)]]","[[16.0], [4.0], [1, 5.0], [2, 7.0], [2.0, 2, 4.0], [1.0, 1, 1, 2, 3.0], [3.0, 1, 10.0], [4.0, 6, 2.0], [3.0, 1, 1, 1, 2.0], [4.0, 4, 2.0], [4.0], [5.0], [6.0, 4], [16.0]]","[(0, 0.0, 0.0), (1, 12, 0.75), (2, 10, 0.625), (3, 7, 0.4375), (4, 8, 0.5), (5, 8, 0.5), (6, 2, 0.125), (7, 4, 0.25), (8, 8, 0.5), (9, 6, 0.375), (10, 12, 0.75), (11, 11, 0.6875), (12, 6, 0.375), (13, 0.0, 0.0)]","[(1, 12.0, 12.0, 1.0, 0, 12), (2, 10.0, 11.0, 0.9090909090909091, 0, 11), (3, 7.0, 9.0, 0.7777777777777778, 0, 9), (4, 8.0, 10.0, 0.8, 2, 12), (5, 8.0, 12.0, 0.6666666666666666, 1, 13), (6, 2.0, 3.0, 0.6666666666666666, 3, 6), (7, 4.0, 10.0, 0.4, 4, 14), (8, 8.0, 11.0, 0.7272727272727273, 3, 14), (9, 6.0, 10.0, 0.6, 4, 14), (10, 12.0, 12.0, 1.0, 4, 16), (11, 11.0, 11.0, 1.0, 5, 16), (12, 6.0, 10.0, 0.6, 6, 16)]",94,2,6.2769999504089355,0.0
216,Experiment 3,3 Layers,9,29.0,"[[(0.0, 29.0)], [(0.0, 29.0)], [(17, 1), (23, 1)], [(0.0, 29.0)], [(0.0, 29.0)]]","[[29.0], [], [1, 1], [], [29.0]]","[(0, 0.0, 0.0), (1, 29, 1.0), (2, 27, 0.9310344827586207), (3, 29, 1.0), (4, 0.0, 0.0)]","[(1, 29.0, 29.0, 1.0, 0, 29), (2, 27.0, 29.0, 0.9310344827586207, 0, 29), (3, 29.0, 29.0, 1.0, 0, 29)]",85,2,3.9700000286102295,0.0
217,Experiment 3,4 Layers,9,18.0,"[[(0.0, 18.0)], [(15, 3.0)], [(6, 1), (16, 2.0)], [(15, 3.0)], [(0.0, 3.0), (17, 1.0)], [(0.0, 4.0)], [(0.0, 3.0), (5, 1), (8, 2)], [(0.0, 18.0)]]","[[18.0], [3.0], [1, 2.0], [3.0], [3.0, 1.0], [4.0], [3.0, 1, 2], [18.0]]","[(0, 0.0, 0.0), (1, 15, 0.8333333333333334), (2, 15, 0.8333333333333334), (3, 15, 0.8333333333333334), (4, 14, 0.7777777777777778), (5, 14, 0.7777777777777778), (6, 12, 0.6666666666666666), (7, 0.0, 0.0)]","[(1, 15.0, 15.0, 1.0, 0, 15), (2, 15.0, 16.0, 0.9375, 0, 16), (3, 15.0, 15.0, 1.0, 0, 15), (4, 14.0, 14.0, 1.0, 3, 17), (5, 14.0, 14.0, 1.0, 4, 18), (6, 12.0, 15.0, 0.8, 3, 18)]",85,2,2.9590001106262207,0.0
218,Experiment 3,5 Layers,9,17.0,"[[(0.0, 17.0)], [(15, 2.0)], [(15, 2.0)], [(15, 2.0)], [(0.0, 3.0), (4, 7), (13, 2), (16, 1.0)], [(0.0, 3.0), (4, 1), (7, 1), (10, 3), (14, 1), (16, 1.0)], [(0.0, 9.0), (10, 1), (13, 2), (16, 1.0)], [(0.0, 4.0), (7, 1), (11, 2)], [(0.0, 7.0), (11, 1)], [(0.0, 10.0), (12, 1)], [(0.0, 17.0)]]","[[17.0], [2.0], [2.0], [2.0], [3.0, 7, 2, 1.0], [3.0, 1, 1, 3, 1, 1.0], [9.0, 1, 2, 1.0], [4.0, 1, 2], [7.0, 1], [10.0, 1], [17.0]]","[(0, 0.0, 0.0), (1, 15, 0.8823529411764706), (2, 15, 0.8823529411764706), (3, 15, 0.8823529411764706), (4, 4, 0.23529411764705882), (5, 7, 0.4117647058823529), (6, 4, 0.23529411764705882), (7, 10, 0.5882352941176471), (8, 9, 0.5294117647058824), (9, 6, 0.35294117647058826), (10, 0.0, 0.0)]","[(1, 15.0, 15.0, 1.0, 0, 15), (2, 15.0, 15.0, 1.0, 0, 15), (3, 15.0, 15.0, 1.0, 0, 15), (4, 4.0, 13.0, 0.3076923076923077, 3, 16), (5, 7.0, 13.0, 0.5384615384615384, 3, 16), (6, 4.0, 7.0, 0.5714285714285714, 9, 16), (7, 10.0, 13.0, 0.7692307692307693, 4, 17), (8, 9.0, 10.0, 0.9, 7, 17), (9, 6.0, 7.0, 0.8571428571428571, 10, 17)]",85,2,3.4719998836517334,0.0
219,Experiment 3,6 Layers,9,13.0,"[[(0.0, 13.0)], [(1, 1), (6, 7.0)], [(9, 4.0)], [(10, 3.0)], [(0.0, 1.0), (9, 4.0)], [(0.0, 1.0), (6, 4), (11, 2.0)], [(0.0, 3.0), (9, 1), (11, 2.0)], [(0.0, 3.0), (4, 2), (8, 1), (10, 3.0)], [(0.0, 3.0), (5, 2), (8, 2), (12, 1.0)], [(0.0, 4.0), (8, 2), (12, 1.0)], [(0.0, 4.0)], [(0.0, 4.0)], [(0.0, 6.0)], [(0.0, 13.0)]]","[[13.0], [1, 7.0], [4.0], [3.0], [1.0, 4.0], [1.0, 4, 2.0], [3.0, 1, 2.0], [3.0, 2, 1, 3.0], [3.0, 2, 2, 1.0], [4.0, 2, 1.0], [4.0], [4.0], [6.0], [13.0]]","[(0, 0.0, 0.0), (1, 5, 0.38461538461538464), (2, 9, 0.6923076923076923), (3, 10, 0.7692307692307693), (4, 8, 0.6153846153846154), (5, 6, 0.46153846153846156), (6, 7, 0.5384615384615384), (7, 4, 0.3076923076923077), (8, 5, 0.38461538461538464), (9, 6, 0.46153846153846156), (10, 9, 0.6923076923076923), (11, 9, 0.6923076923076923), (12, 7, 0.5384615384615384), (13, 0.0, 0.0)]","[(1, 5.0, 6.0, 0.8333333333333334, 0, 6), (2, 9.0, 9.0, 1.0, 0, 9), (3, 10.0, 10.0, 1.0, 0, 10), (4, 8.0, 8.0, 1.0, 1, 9), (5, 6.0, 10.0, 0.6, 1, 11), (6, 7.0, 8.0, 0.875, 3, 11), (7, 4.0, 7.0, 0.5714285714285714, 3, 10), (8, 5.0, 9.0, 0.5555555555555556, 3, 12), (9, 6.0, 8.0, 0.75, 4, 12), (10, 9.0, 9.0, 1.0, 4, 13), (11, 9.0, 9.0, 1.0, 4, 13), (12, 7.0, 7.0, 1.0, 6, 13)]",85,2,3.2230000495910645,0.0
220,Experiment 3,3 Layers,10,27.0,"[[(0.0, 27.0)], [(0.0, 27.0)], [(0.0, 27.0)], [(11, 1)], [(0.0, 27.0)]]","[[27.0], [], [], [1], [27.0]]","[(0, 0.0, 0.0), (1, 27, 1.0), (2, 27, 1.0), (3, 26, 0.9629629629629629), (4, 0.0, 0.0)]","[(1, 27.0, 27.0, 1.0, 0, 27), (2, 27.0, 27.0, 1.0, 0, 27), (3, 26.0, 27.0, 0.9629629629629629, 0, 27)]",80,2,2.565999984741211,0.0
221,Experiment 3,4 Layers,10,17.0,"[[(0.0, 17.0)], [(15, 2.0)], [(14, 3.0)], [(6, 1), (12, 5.0)], [(0.0, 3.0), (5, 1), (8, 1)], [(0.0, 2.0), (16, 1.0)], [(0.0, 2.0), (16, 1.0)], [(0.0, 17.0)]]","[[17.0], [2.0], [3.0], [1, 5.0], [3.0, 1, 1], [2.0, 1.0], [2.0, 1.0], [17.0]]","[(0, 0.0, 0.0), (1, 15, 0.8823529411764706), (2, 14, 0.8235294117647058), (3, 11, 0.6470588235294118), (4, 12, 0.7058823529411765), (5, 14, 0.8235294117647058), (6, 14, 0.8235294117647058), (7, 0.0, 0.0)]","[(1, 15.0, 15.0, 1.0, 0, 15), (2, 14.0, 14.0, 1.0, 0, 14), (3, 11.0, 12.0, 0.9166666666666666, 0, 12), (4, 12.0, 14.0, 0.8571428571428571, 3, 17), (5, 14.0, 14.0, 1.0, 2, 16), (6, 14.0, 14.0, 1.0, 2, 16)]",80,2,1.6459999084472656,0.0
222,Experiment 3,5 Layers,10,17.0,"[[(0.0, 17.0)], [(15, 2.0)], [(12, 5.0)], [(13, 4.0)], [(0.0, 3.0), (4, 3), (8, 1), (10, 3), (14, 3.0)], [(0.0, 5.0), (10, 1), (14, 1), (16, 1.0)], [(0.0, 2.0), (4, 5), (12, 1), (15, 2.0)], [(0.0, 4.0), (5, 3), (10, 2), (14, 1)], [(0.0, 4.0), (6, 5), (12, 1), (14, 2)], [(0.0, 8.0), (10, 1)], [(0.0, 17.0)]]","[[17.0], [2.0], [5.0], [4.0], [3.0, 3, 1, 3, 3.0], [5.0, 1, 1, 1.0], [2.0, 5, 1, 2.0], [4.0, 3, 2, 1], [4.0, 5, 1, 2], [8.0, 1], [17.0]]","[(0, 0.0, 0.0), (1, 15, 0.8823529411764706), (2, 12, 0.7058823529411765), (3, 13, 0.7647058823529411), (4, 4, 0.23529411764705882), (5, 9, 0.5294117647058824), (6, 7, 0.4117647058823529), (7, 7, 0.4117647058823529), (8, 5, 0.29411764705882354), (9, 8, 0.47058823529411764), (10, 0.0, 0.0)]","[(1, 15.0, 15.0, 1.0, 0, 15), (2, 12.0, 12.0, 1.0, 0, 12), (3, 13.0, 13.0, 1.0, 0, 13), (4, 4.0, 11.0, 0.36363636363636365, 3, 14), (5, 9.0, 11.0, 0.8181818181818182, 5, 16), (6, 7.0, 13.0, 0.5384615384615384, 2, 15), (7, 7.0, 13.0, 0.5384615384615384, 4, 17), (8, 5.0, 13.0, 0.38461538461538464, 4, 17), (9, 8.0, 9.0, 0.8888888888888888, 8, 17)]",80,2,3.074000120162964,0.0
223,Experiment 3,6 Layers,10,13.0,"[[(0.0, 13.0)], [(10, 3.0)], [(8, 5.0)], [(5, 1), (7, 6.0)], [(0.0, 2.0), (6, 1), (9, 4.0)], [(0.0, 2.0), (4, 4), (11, 2.0)], [(0.0, 2.0), (6, 1), (8, 5.0)], [(0.0, 4.0), (6, 1), (12, 1.0)], [(0.0, 3.0), (11, 2.0)], [(0.0, 4.0), (9, 4.0)], [(0.0, 5.0)], [(0.0, 7.0)], [(0.0, 7.0)], [(0.0, 13.0)]]","[[13.0], [3.0], [5.0], [1, 6.0], [2.0, 1, 4.0], [2.0, 4, 2.0], [2.0, 1, 5.0], [4.0, 1, 1.0], [3.0, 2.0], [4.0, 4.0], [5.0], [7.0], [7.0], [13.0]]","[(0, 0.0, 0.0), (1, 10, 0.7692307692307693), (2, 8, 0.6153846153846154), (3, 6, 0.46153846153846156), (4, 6, 0.46153846153846156), (5, 5, 0.38461538461538464), (6, 5, 0.38461538461538464), (7, 7, 0.5384615384615384), (8, 8, 0.6153846153846154), (9, 5, 0.38461538461538464), (10, 8, 0.6153846153846154), (11, 6, 0.46153846153846156), (12, 6, 0.46153846153846156), (13, 0.0, 0.0)]","[(1, 10.0, 10.0, 1.0, 0, 10), (2, 8.0, 8.0, 1.0, 0, 8), (3, 6.0, 7.0, 0.8571428571428571, 0, 7), (4, 6.0, 7.0, 0.8571428571428571, 2, 9), (5, 5.0, 9.0, 0.5555555555555556, 2, 11), (6, 5.0, 6.0, 0.8333333333333334, 2, 8), (7, 7.0, 8.0, 0.875, 4, 12), (8, 8.0, 8.0, 1.0, 3, 11), (9, 5.0, 5.0, 1.0, 4, 9), (10, 8.0, 8.0, 1.0, 5, 13), (11, 6.0, 6.0, 1.0, 7, 13), (12, 6.0, 6.0, 1.0, 7, 13)]",80,2,4.016000032424927,0.0
224,Experiment 3,3 Layers,11,32.0,"[[(0.0, 32.0)], [(0.0, 32.0)], [(31, 1.0)], [(18, 1)], [(0.0, 32.0)]]","[[32.0], [], [1.0], [1], [32.0]]","[(0, 0.0, 0.0), (1, 32, 1.0), (2, 31, 0.96875), (3, 31, 0.96875), (4, 0.0, 0.0)]","[(1, 32.0, 32.0, 1.0, 0, 32), (2, 31.0, 31.0, 1.0, 0, 31), (3, 31.0, 32.0, 0.96875, 0, 32)]",94,2,4.263000011444092,0.0
225,Experiment 3,4 Layers,11,22.0,"[[(0.0, 22.0)], [(2, 1), (9, 1), (12, 10.0)], [(20, 2.0)], [(20, 2.0)], [(0.0, 2.0), (7, 1), (18, 4.0)], [(0.0, 5.0), (7, 1), (14, 2)], [(0.0, 5.0), (18, 2)], [(0.0, 22.0)]]","[[22.0], [1, 1, 10.0], [2.0], [2.0], [2.0, 1, 4.0], [5.0, 1, 2], [5.0, 2], [22.0]]","[(0, 0.0, 0.0), (1, 10, 0.45454545454545453), (2, 20, 0.9090909090909091), (3, 20, 0.9090909090909091), (4, 15, 0.6818181818181818), (5, 14, 0.6363636363636364), (6, 15, 0.6818181818181818), (7, 0.0, 0.0)]","[(1, 10.0, 12.0, 0.8333333333333334, 0, 12), (2, 20.0, 20.0, 1.0, 0, 20), (3, 20.0, 20.0, 1.0, 0, 20), (4, 15.0, 16.0, 0.9375, 2, 18), (5, 14.0, 17.0, 0.8235294117647058, 5, 22), (6, 15.0, 17.0, 0.8823529411764706, 5, 22)]",94,2,1.376000165939331,0.0
226,Experiment 3,5 Layers,11,22.0,"[[(0.0, 22.0)], [(10, 12.0)], [(20, 2.0)], [(20, 2.0)], [(0.0, 2.0), (3, 3), (7, 3), (11, 1), (13, 9.0)], [(0.0, 5.0), (7, 2), (10, 2), (13, 3), (17, 3), (21, 1.0)], [(0.0, 5.0), (6, 2), (10, 3), (14, 3), (18, 2), (21, 1.0)], [(0.0, 3.0), (11, 2), (17, 5.0)], [(0.0, 7.0), (9, 1), (12, 1), (14, 3), (18, 1), (20, 1)], [(0.0, 6.0), (7, 6), (14, 1), (19, 1)], [(0.0, 22.0)]]","[[22.0], [12.0], [2.0], [2.0], [2.0, 3, 3, 1, 9.0], [5.0, 2, 2, 3, 3, 1.0], [5.0, 2, 3, 3, 2, 1.0], [3.0, 2, 5.0], [7.0, 1, 1, 3, 1, 1], [6.0, 6, 1, 1], [22.0]]","[(0, 0.0, 0.0), (1, 10, 0.45454545454545453), (2, 20, 0.9090909090909091), (3, 20, 0.9090909090909091), (4, 4, 0.18181818181818182), (5, 6, 0.2727272727272727), (6, 6, 0.2727272727272727), (7, 12, 0.5454545454545454), (8, 8, 0.36363636363636365), (9, 8, 0.36363636363636365), (10, 0.0, 0.0)]","[(1, 10.0, 10.0, 1.0, 0, 10), (2, 20.0, 20.0, 1.0, 0, 20), (3, 20.0, 20.0, 1.0, 0, 20), (4, 4.0, 11.0, 0.36363636363636365, 2, 13), (5, 6.0, 16.0, 0.375, 5, 21), (6, 6.0, 16.0, 0.375, 5, 21), (7, 12.0, 14.0, 0.8571428571428571, 3, 17), (8, 8.0, 15.0, 0.5333333333333333, 7, 22), (9, 8.0, 16.0, 0.5, 6, 22)]",94,2,1.8469998836517334,0.0
227,Experiment 3,6 Layers,11,14.0,"[[(0.0, 14.0)], [(5, 9.0)], [(10, 4.0)], [(10, 4.0)], [(0.0, 1.0), (6, 8.0)], [(0.0, 2.0), (12, 2.0)], [(0.0, 2.0), (12, 2.0)], [(0.0, 2.0), (3, 1), (5, 1), (7, 2), (10, 4.0)], [(0.0, 4.0), (5, 1), (9, 1), (13, 1.0)], [(0.0, 5.0), (7, 1), (10, 2), (13, 1.0)], [(0.0, 6.0)], [(0.0, 5.0)], [(0.0, 3.0)], [(0.0, 14.0)]]","[[14.0], [9.0], [4.0], [4.0], [1.0, 8.0], [2.0, 2.0], [2.0, 2.0], [2.0, 1, 1, 2, 4.0], [4.0, 1, 1, 1.0], [5.0, 1, 2, 1.0], [6.0], [5.0], [3.0], [14.0]]","[(0, 0.0, 0.0), (1, 5, 0.35714285714285715), (2, 10, 0.7142857142857143), (3, 10, 0.7142857142857143), (4, 5, 0.35714285714285715), (5, 10, 0.7142857142857143), (6, 10, 0.7142857142857143), (7, 4, 0.2857142857142857), (8, 7, 0.5), (9, 5, 0.35714285714285715), (10, 8, 0.5714285714285714), (11, 9, 0.6428571428571429), (12, 11, 0.7857142857142857), (13, 0.0, 0.0)]","[(1, 5.0, 5.0, 1.0, 0, 5), (2, 10.0, 10.0, 1.0, 0, 10), (3, 10.0, 10.0, 1.0, 0, 10), (4, 5.0, 5.0, 1.0, 1, 6), (5, 10.0, 10.0, 1.0, 2, 12), (6, 10.0, 10.0, 1.0, 2, 12), (7, 4.0, 8.0, 0.5, 2, 10), (8, 7.0, 9.0, 0.7777777777777778, 4, 13), (9, 5.0, 8.0, 0.625, 5, 13), (10, 8.0, 8.0, 1.0, 6, 14), (11, 9.0, 9.0, 1.0, 5, 14), (12, 11.0, 11.0, 1.0, 3, 14)]",94,2,4.569000005722046,0.0
228,Experiment 3,3 Layers,12,29.0,"[[(0.0, 29.0)], [(0.0, 29.0)], [(0.0, 29.0)], [(0.0, 29.0)], [(0.0, 29.0)]]","[[29.0], [], [], [], [29.0]]","[(0, 0.0, 0.0), (1, 29, 1.0), (2, 29, 1.0), (3, 29, 1.0), (4, 0.0, 0.0)]","[(1, 29.0, 29.0, 1.0, 0, 29), (2, 29.0, 29.0, 1.0, 0, 29), (3, 29.0, 29.0, 1.0, 0, 29)]",87,2,2.6469998359680176,0.0
229,Experiment 3,4 Layers,12,18.0,"[[(0.0, 18.0)], [(14, 4.0)], [(11, 1), (14, 4.0)], [(15, 3.0)], [(0.0, 2.0), (17, 1.0)], [(0.0, 2.0), (17, 1.0)], [(0.0, 3.0)], [(0.0, 18.0)]]","[[18.0], [4.0], [1, 4.0], [3.0], [2.0, 1.0], [2.0, 1.0], [3.0], [18.0]]","[(0, 0.0, 0.0), (1, 14, 0.7777777777777778), (2, 13, 0.7222222222222222), (3, 15, 0.8333333333333334), (4, 15, 0.8333333333333334), (5, 15, 0.8333333333333334), (6, 15, 0.8333333333333334), (7, 0.0, 0.0)]","[(1, 14.0, 14.0, 1.0, 0, 14), (2, 13.0, 14.0, 0.9285714285714286, 0, 14), (3, 15.0, 15.0, 1.0, 0, 15), (4, 15.0, 15.0, 1.0, 2, 17), (5, 15.0, 15.0, 1.0, 2, 17), (6, 15.0, 15.0, 1.0, 3, 18)]",87,2,2.0420000553131104,0.0
230,Experiment 3,5 Layers,12,18.0,"[[(0.0, 18.0)], [(12, 6.0)], [(15, 3.0)], [(15, 3.0)], [(0.0, 6.0), (10, 1), (13, 2), (17, 1.0)], [(0.0, 9.0), (15, 3.0)], [(0.0, 3.0), (6, 2), (9, 2), (13, 2), (16, 2.0)], [(0.0, 4.0), (6, 2), (10, 2), (16, 2.0)], [(0.0, 8.0), (9, 2), (12, 1), (16, 1)], [(0.0, 8.0)], [(0.0, 18.0)]]","[[18.0], [6.0], [3.0], [3.0], [6.0, 1, 2, 1.0], [9.0, 3.0], [3.0, 2, 2, 2, 2.0], [4.0, 2, 2, 2.0], [8.0, 2, 1, 1], [8.0], [18.0]]","[(0, 0.0, 0.0), (1, 12, 0.6666666666666666), (2, 15, 0.8333333333333334), (3, 15, 0.8333333333333334), (4, 8, 0.4444444444444444), (5, 6, 0.3333333333333333), (6, 7, 0.3888888888888889), (7, 8, 0.4444444444444444), (8, 6, 0.3333333333333333), (9, 10, 0.5555555555555556), (10, 0.0, 0.0)]","[(1, 12.0, 12.0, 1.0, 0, 12), (2, 15.0, 15.0, 1.0, 0, 15), (3, 15.0, 15.0, 1.0, 0, 15), (4, 8.0, 11.0, 0.7272727272727273, 6, 17), (5, 6.0, 6.0, 1.0, 9, 15), (6, 7.0, 13.0, 0.5384615384615384, 3, 16), (7, 8.0, 12.0, 0.6666666666666666, 4, 16), (8, 6.0, 10.0, 0.6, 8, 18), (9, 10.0, 10.0, 1.0, 8, 18)]",87,2,3.736999988555908,0.0
231,Experiment 3,6 Layers,12,14.0,"[[(0.0, 14.0)], [(6, 8.0)], [(2, 1), (6, 8.0)], [(4, 10.0)], [(0.0, 1.0), (7, 1), (11, 3.0)], [(0.0, 1.0), (9, 5.0)], [(0.0, 1.0), (11, 3.0)], [(0.0, 3.0), (6, 1), (10, 1), (12, 2.0)], [(0.0, 2.0), (4, 2), (8, 1), (13, 1.0)], [(0.0, 4.0), (7, 1), (10, 1), (12, 2.0)], [(0.0, 4.0)], [(0.0, 6.0), (7, 1), (9, 1)], [(0.0, 5.0), (11, 1)], [(0.0, 14.0)]]","[[14.0], [8.0], [1, 8.0], [10.0], [1.0, 1, 3.0], [1.0, 5.0], [1.0, 3.0], [3.0, 1, 1, 2.0], [2.0, 2, 1, 1.0], [4.0, 1, 1, 2.0], [4.0], [6.0, 1, 1], [5.0, 1], [14.0]]","[(0, 0.0, 0.0), (1, 6, 0.42857142857142855), (2, 5, 0.35714285714285715), (3, 4, 0.2857142857142857), (4, 9, 0.6428571428571429), (5, 8, 0.5714285714285714), (6, 10, 0.7142857142857143), (7, 7, 0.5), (8, 8, 0.5714285714285714), (9, 6, 0.42857142857142855), (10, 10, 0.7142857142857143), (11, 6, 0.42857142857142855), (12, 8, 0.5714285714285714), (13, 0.0, 0.0)]","[(1, 6.0, 6.0, 1.0, 0, 6), (2, 5.0, 6.0, 0.8333333333333334, 0, 6), (3, 4.0, 4.0, 1.0, 0, 4), (4, 9.0, 10.0, 0.9, 1, 11), (5, 8.0, 8.0, 1.0, 1, 9), (6, 10.0, 10.0, 1.0, 1, 11), (7, 7.0, 9.0, 0.7777777777777778, 3, 12), (8, 8.0, 11.0, 0.7272727272727273, 2, 13), (9, 6.0, 8.0, 0.75, 4, 12), (10, 10.0, 10.0, 1.0, 4, 14), (11, 6.0, 8.0, 0.75, 6, 14), (12, 8.0, 9.0, 0.8888888888888888, 5, 14)]",87,2,3.1459999084472656,0.0
232,Experiment 3,3 Layers,13,31.0,"[[(0.0, 31.0)], [(0.0, 31.0)], [(29, 2.0)], [(0.0, 31.0)], [(0.0, 31.0)]]","[[31.0], [], [2.0], [], [31.0]]","[(0, 0.0, 0.0), (1, 31, 1.0), (2, 29, 0.9354838709677419), (3, 31, 1.0), (4, 0.0, 0.0)]","[(1, 31.0, 31.0, 1.0, 0, 31), (2, 29.0, 29.0, 1.0, 0, 29), (3, 31.0, 31.0, 1.0, 0, 31)]",91,2,3.9030001163482666,0.0
233,Experiment 3,4 Layers,13,26.0,"[[(0.0, 26.0)], [(6, 1), (9, 2), (15, 11.0)], [(10, 16.0)], [(4, 2), (10, 16.0)], [(0.0, 2.0), (18, 2), (24, 2.0)], [(0.0, 2.0)], [(0.0, 2.0), (7, 1), (13, 1), (21, 5.0)], [(0.0, 26.0)]]","[[26.0], [1, 2, 11.0], [16.0], [2, 16.0], [2.0, 2, 2.0], [2.0], [2.0, 1, 1, 5.0], [26.0]]","[(0, 0.0, 0.0), (1, 12, 0.46153846153846156), (2, 10, 0.38461538461538464), (3, 8, 0.3076923076923077), (4, 20, 0.7692307692307693), (5, 24, 0.9230769230769231), (6, 17, 0.6538461538461539), (7, 0.0, 0.0)]","[(1, 12.0, 15.0, 0.8, 0, 15), (2, 10.0, 10.0, 1.0, 0, 10), (3, 8.0, 10.0, 0.8, 0, 10), (4, 20.0, 22.0, 0.9090909090909091, 2, 24), (5, 24.0, 24.0, 1.0, 2, 26), (6, 17.0, 19.0, 0.8947368421052632, 2, 21)]",91,2,0.7980000972747803,0.0
234,Experiment 3,5 Layers,13,21.0,"[[(0.0, 21.0)], [(2, 1), (11, 10.0)], [(12, 9.0)], [(6, 2), (10, 11.0)], [(0.0, 2.0), (20, 1.0)], [(0.0, 5.0), (20, 1.0)], [(0.0, 2.0), (3, 1), (13, 8.0)], [(0.0, 14.0), (15, 2), (19, 1)], [(0.0, 8.0), (14, 2), (17, 2)], [(0.0, 4.0), (5, 6), (15, 6.0)], [(0.0, 21.0)]]","[[21.0], [1, 10.0], [9.0], [2, 11.0], [2.0, 1.0], [5.0, 1.0], [2.0, 1, 8.0], [14.0, 2, 1], [8.0, 2, 2], [4.0, 6, 6.0], [21.0]]","[(0, 0.0, 0.0), (1, 10, 0.47619047619047616), (2, 12, 0.5714285714285714), (3, 8, 0.38095238095238093), (4, 18, 0.8571428571428571), (5, 15, 0.7142857142857143), (6, 10, 0.47619047619047616), (7, 4, 0.19047619047619047), (8, 9, 0.42857142857142855), (9, 5, 0.23809523809523808), (10, 0.0, 0.0)]","[(1, 10.0, 11.0, 0.9090909090909091, 0, 11), (2, 12.0, 12.0, 1.0, 0, 12), (3, 8.0, 10.0, 0.8, 0, 10), (4, 18.0, 18.0, 1.0, 2, 20), (5, 15.0, 15.0, 1.0, 5, 20), (6, 10.0, 11.0, 0.9090909090909091, 2, 13), (7, 4.0, 7.0, 0.5714285714285714, 14, 21), (8, 9.0, 13.0, 0.6923076923076923, 8, 21), (9, 5.0, 11.0, 0.45454545454545453, 4, 15)]",91,2,2.1570000648498535,0.0
235,Experiment 3,6 Layers,13,21.0,"[[(0.0, 21.0)], [(3, 1), (6, 15.0)], [(3, 1), (6, 1), (8, 13.0)], [(3, 2), (6, 15.0)], [(0.0, 1.0), (7, 3), (12, 9.0)], [(0.0, 1.0), (3, 2), (7, 1), (9, 2), (12, 9.0)], [(0.0, 3.0), (4, 17.0)], [(0.0, 2.0), (17, 4.0)], [(0.0, 2.0), (20, 1.0)], [(0.0, 3.0), (13, 8.0)], [(0.0, 11.0), (12, 1), (14, 1), (18, 2)], [(0.0, 12.0), (19, 2.0)], [(0.0, 8.0), (10, 3), (14, 1), (17, 4.0)], [(0.0, 21.0)]]","[[21.0], [1, 15.0], [1, 1, 13.0], [2, 15.0], [1.0, 3, 9.0], [1.0, 2, 1, 2, 9.0], [3.0, 17.0], [2.0, 4.0], [2.0, 1.0], [3.0, 8.0], [11.0, 1, 1, 2], [12.0, 2.0], [8.0, 3, 1, 4.0], [21.0]]","[(0, 0.0, 0.0), (1, 5, 0.23809523809523808), (2, 6, 0.2857142857142857), (3, 4, 0.19047619047619047), (4, 8, 0.38095238095238093), (5, 6, 0.2857142857142857), (6, 1, 0.047619047619047616), (7, 15, 0.7142857142857143), (8, 18, 0.8571428571428571), (9, 10, 0.47619047619047616), (10, 6, 0.2857142857142857), (11, 7, 0.3333333333333333), (12, 5, 0.23809523809523808), (13, 0.0, 0.0)]","[(1, 5.0, 6.0, 0.8333333333333334, 0, 6), (2, 6.0, 8.0, 0.75, 0, 8), (3, 4.0, 6.0, 0.6666666666666666, 0, 6), (4, 8.0, 11.0, 0.7272727272727273, 1, 12), (5, 6.0, 11.0, 0.5454545454545454, 1, 12), (6, 1.0, 1.0, 1.0, 3, 4), (7, 15.0, 15.0, 1.0, 2, 17), (8, 18.0, 18.0, 1.0, 2, 20), (9, 10.0, 10.0, 1.0, 3, 13), (10, 6.0, 10.0, 0.6, 11, 21), (11, 7.0, 7.0, 1.0, 12, 19), (12, 5.0, 9.0, 0.5555555555555556, 8, 17)]",91,2,2.23799991607666,0.0
236,Experiment 3,3 Layers,14,26.0,"[[(0.0, 26.0)], [(25, 1.0)], [(0.0, 26.0)], [(0.0, 26.0)], [(0.0, 26.0)]]","[[26.0], [1.0], [], [], [26.0]]","[(0, 0.0, 0.0), (1, 25, 0.9615384615384616), (2, 26, 1.0), (3, 26, 1.0), (4, 0.0, 0.0)]","[(1, 25.0, 25.0, 1.0, 0, 25), (2, 26.0, 26.0, 1.0, 0, 26), (3, 26.0, 26.0, 1.0, 0, 26)]",77,2,6.319000005722046,0.0
237,Experiment 3,4 Layers,14,17.0,"[[(0.0, 17.0)], [(11, 1), (15, 2.0)], [(15, 2.0)], [(14, 3.0)], [(0.0, 7.0)], [(0.0, 2.0), (14, 1)], [(0.0, 5.0), (8, 1), (16, 1.0)], [(0.0, 17.0)]]","[[17.0], [1, 2.0], [2.0], [3.0], [7.0], [2.0, 1], [5.0, 1, 1.0], [17.0]]","[(0, 0.0, 0.0), (1, 14, 0.8235294117647058), (2, 15, 0.8823529411764706), (3, 14, 0.8235294117647058), (4, 10, 0.5882352941176471), (5, 14, 0.8235294117647058), (6, 10, 0.5882352941176471), (7, 0.0, 0.0)]","[(1, 14.0, 15.0, 0.9333333333333333, 0, 15), (2, 15.0, 15.0, 1.0, 0, 15), (3, 14.0, 14.0, 1.0, 0, 14), (4, 10.0, 10.0, 1.0, 7, 17), (5, 14.0, 15.0, 0.9333333333333333, 2, 17), (6, 10.0, 11.0, 0.9090909090909091, 5, 16)]",77,2,4.138000011444092,0.0
238,Experiment 3,5 Layers,14,17.0,"[[(0.0, 17.0)], [(14, 3.0)], [(15, 2.0)], [(12, 1), (15, 2.0)], [(0.0, 3.0), (4, 3), (8, 1), (10, 3), (15, 2.0)], [(0.0, 7.0), (9, 1), (11, 4), (16, 1.0)], [(0.0, 4.0), (5, 3), (9, 1), (13, 2), (16, 1.0)], [(0.0, 6.0), (7, 6)], [(0.0, 9.0), (15, 1)], [(0.0, 8.0), (11, 1), (15, 1)], [(0.0, 17.0)]]","[[17.0], [3.0], [2.0], [1, 2.0], [3.0, 3, 1, 3, 2.0], [7.0, 1, 4, 1.0], [4.0, 3, 1, 2, 1.0], [6.0, 6], [9.0, 1], [8.0, 1, 1], [17.0]]","[(0, 0.0, 0.0), (1, 14, 0.8235294117647058), (2, 15, 0.8823529411764706), (3, 14, 0.8235294117647058), (4, 5, 0.29411764705882354), (5, 4, 0.23529411764705882), (6, 6, 0.35294117647058826), (7, 5, 0.29411764705882354), (8, 7, 0.4117647058823529), (9, 7, 0.4117647058823529), (10, 0.0, 0.0)]","[(1, 14.0, 14.0, 1.0, 0, 14), (2, 15.0, 15.0, 1.0, 0, 15), (3, 14.0, 15.0, 0.9333333333333333, 0, 15), (4, 5.0, 12.0, 0.4166666666666667, 3, 15), (5, 4.0, 9.0, 0.4444444444444444, 7, 16), (6, 6.0, 12.0, 0.5, 4, 16), (7, 5.0, 11.0, 0.45454545454545453, 6, 17), (8, 7.0, 8.0, 0.875, 9, 17), (9, 7.0, 9.0, 0.7777777777777778, 8, 17)]",77,2,2.8289999961853027,0.0
239,Experiment 3,6 Layers,14,11.0,"[[(0.0, 11.0)], [(8, 3.0)], [(8, 3.0)], [(8, 3.0)], [(0.0, 2.0), (9, 2.0)], [(0.0, 1.0), (3, 1), (6, 2), (9, 2.0)], [(0.0, 2.0), (9, 2.0)], [(0.0, 4.0), (10, 1.0)], [(0.0, 4.0), (5, 1), (8, 1), (10, 1.0)], [(0.0, 3.0), (5, 1), (7, 1), (10, 1.0)], [(0.0, 5.0)], [(0.0, 5.0)], [(0.0, 4.0)], [(0.0, 11.0)]]","[[11.0], [3.0], [3.0], [3.0], [2.0, 2.0], [1.0, 1, 2, 2.0], [2.0, 2.0], [4.0, 1.0], [4.0, 1, 1, 1.0], [3.0, 1, 1, 1.0], [5.0], [5.0], [4.0], [11.0]]","[(0, 0.0, 0.0), (1, 8, 0.7272727272727273), (2, 8, 0.7272727272727273), (3, 8, 0.7272727272727273), (4, 7, 0.6363636363636364), (5, 5, 0.45454545454545453), (6, 7, 0.6363636363636364), (7, 6, 0.5454545454545454), (8, 4, 0.36363636363636365), (9, 5, 0.45454545454545453), (10, 6, 0.5454545454545454), (11, 6, 0.5454545454545454), (12, 7, 0.6363636363636364), (13, 0.0, 0.0)]","[(1, 8.0, 8.0, 1.0, 0, 8), (2, 8.0, 8.0, 1.0, 0, 8), (3, 8.0, 8.0, 1.0, 0, 8), (4, 7.0, 7.0, 1.0, 2, 9), (5, 5.0, 8.0, 0.625, 1, 9), (6, 7.0, 7.0, 1.0, 2, 9), (7, 6.0, 6.0, 1.0, 4, 10), (8, 4.0, 6.0, 0.6666666666666666, 4, 10), (9, 5.0, 7.0, 0.7142857142857143, 3, 10), (10, 6.0, 6.0, 1.0, 5, 11), (11, 6.0, 6.0, 1.0, 5, 11), (12, 7.0, 7.0, 1.0, 4, 11)]",77,2,3.3389999866485596,0.0
240,Experiment 3,3 Layers,15,29.0,"[[(0.0, 29.0)], [(0.0, 29.0)], [(0.0, 29.0)], [(0.0, 29.0)], [(0.0, 29.0)]]","[[29.0], [], [], [], [29.0]]","[(0, 0.0, 0.0), (1, 29, 1.0), (2, 29, 1.0), (3, 29, 1.0), (4, 0.0, 0.0)]","[(1, 29.0, 29.0, 1.0, 0, 29), (2, 29.0, 29.0, 1.0, 0, 29), (3, 29.0, 29.0, 1.0, 0, 29)]",87,2,3.0209999084472656,0.0
241,Experiment 3,4 Layers,15,19.0,"[[(0.0, 19.0)], [(6, 2), (13, 6.0)], [(10, 1), (13, 6.0)], [(15, 4.0)], [(0.0, 3.0)], [(0.0, 2.0)], [(0.0, 2.0), (5, 1)], [(0.0, 19.0)]]","[[19.0], [2, 6.0], [1, 6.0], [4.0], [3.0], [2.0], [2.0, 1], [19.0]]","[(0, 0.0, 0.0), (1, 11, 0.5789473684210527), (2, 12, 0.631578947368421), (3, 15, 0.7894736842105263), (4, 16, 0.8421052631578947), (5, 17, 0.8947368421052632), (6, 16, 0.8421052631578947), (7, 0.0, 0.0)]","[(1, 11.0, 13.0, 0.8461538461538461, 0, 13), (2, 12.0, 13.0, 0.9230769230769231, 0, 13), (3, 15.0, 15.0, 1.0, 0, 15), (4, 16.0, 16.0, 1.0, 3, 19), (5, 17.0, 17.0, 1.0, 2, 19), (6, 16.0, 17.0, 0.9411764705882353, 2, 19)]",87,2,2.9019999504089355,0.0
242,Experiment 3,5 Layers,15,16.0,"[[(0.0, 16.0)], [(12, 4.0)], [(13, 3.0)], [(13, 3.0)], [(0.0, 3.0), (5, 4), (11, 2), (14, 2.0)], [(0.0, 5.0), (6, 3), (10, 1), (12, 1), (14, 2.0)], [(0.0, 2.0), (10, 1), (14, 2.0)], [(0.0, 5.0), (9, 1), (15, 1.0)], [(0.0, 3.0), (5, 2), (11, 1)], [(0.0, 6.0)], [(0.0, 16.0)]]","[[16.0], [4.0], [3.0], [3.0], [3.0, 4, 2, 2.0], [5.0, 3, 1, 1, 2.0], [2.0, 1, 2.0], [5.0, 1, 1.0], [3.0, 2, 1], [6.0], [16.0]]","[(0, 0.0, 0.0), (1, 12, 0.75), (2, 13, 0.8125), (3, 13, 0.8125), (4, 5, 0.3125), (5, 4, 0.25), (6, 11, 0.6875), (7, 9, 0.5625), (8, 10, 0.625), (9, 10, 0.625), (10, 0.0, 0.0)]","[(1, 12.0, 12.0, 1.0, 0, 12), (2, 13.0, 13.0, 1.0, 0, 13), (3, 13.0, 13.0, 1.0, 0, 13), (4, 5.0, 11.0, 0.45454545454545453, 3, 14), (5, 4.0, 9.0, 0.4444444444444444, 5, 14), (6, 11.0, 12.0, 0.9166666666666666, 2, 14), (7, 9.0, 10.0, 0.9, 5, 15), (8, 10.0, 13.0, 0.7692307692307693, 3, 16), (9, 10.0, 10.0, 1.0, 6, 16)]",87,2,4.446000099182129,0.0
243,Experiment 3,6 Layers,15,14.0,"[[(0.0, 14.0)], [(7, 7.0)], [(4, 1), (6, 8.0)], [(5, 1), (7, 7.0)], [(0.0, 1.0), (5, 1), (8, 1), (10, 4.0)], [(0.0, 1.0), (6, 1), (8, 6.0)], [(0.0, 1.0), (8, 6.0)], [(0.0, 3.0), (7, 1), (11, 3.0)], [(0.0, 3.0), (7, 1), (10, 4.0)], [(0.0, 2.0), (8, 1), (10, 4.0)], [(0.0, 5.0), (13, 1.0)], [(0.0, 3.0)], [(0.0, 4.0)], [(0.0, 14.0)]]","[[14.0], [7.0], [1, 8.0], [1, 7.0], [1.0, 1, 1, 4.0], [1.0, 1, 6.0], [1.0, 6.0], [3.0, 1, 3.0], [3.0, 1, 4.0], [2.0, 1, 4.0], [5.0, 1.0], [3.0], [4.0], [14.0]]","[(0, 0.0, 0.0), (1, 7, 0.5), (2, 5, 0.35714285714285715), (3, 6, 0.42857142857142855), (4, 7, 0.5), (5, 6, 0.42857142857142855), (6, 7, 0.5), (7, 7, 0.5), (8, 6, 0.42857142857142855), (9, 7, 0.5), (10, 8, 0.5714285714285714), (11, 11, 0.7857142857142857), (12, 10, 0.7142857142857143), (13, 0.0, 0.0)]","[(1, 7.0, 7.0, 1.0, 0, 7), (2, 5.0, 6.0, 0.8333333333333334, 0, 6), (3, 6.0, 7.0, 0.8571428571428571, 0, 7), (4, 7.0, 9.0, 0.7777777777777778, 1, 10), (5, 6.0, 7.0, 0.8571428571428571, 1, 8), (6, 7.0, 7.0, 1.0, 1, 8), (7, 7.0, 8.0, 0.875, 3, 11), (8, 6.0, 7.0, 0.8571428571428571, 3, 10), (9, 7.0, 8.0, 0.875, 2, 10), (10, 8.0, 8.0, 1.0, 5, 13), (11, 11.0, 11.0, 1.0, 3, 14), (12, 10.0, 10.0, 1.0, 4, 14)]",87,2,4.613999843597412,0.0
244,Experiment 3,3 Layers,16,34.0,"[[(0.0, 34.0)], [(7, 1)], [(0.0, 34.0)], [(14, 1)], [(0.0, 34.0)]]","[[34.0], [1], [], [1], [34.0]]","[(0, 0.0, 0.0), (1, 33, 0.9705882352941176), (2, 34, 1.0), (3, 33, 0.9705882352941176), (4, 0.0, 0.0)]","[(1, 33.0, 34.0, 0.9705882352941176, 0, 34), (2, 34.0, 34.0, 1.0, 0, 34), (3, 33.0, 34.0, 0.9705882352941176, 0, 34)]",100,2,4.189000129699707,0.0
245,Experiment 3,4 Layers,16,22.0,"[[(0.0, 22.0)], [(7, 1), (18, 4.0)], [(14, 8.0)], [(20, 2.0)], [(0.0, 2.0), (6, 1), (9, 2), (17, 3)], [(0.0, 2.0), (11, 2), (17, 1)], [(0.0, 4.0)], [(0.0, 22.0)]]","[[22.0], [1, 4.0], [8.0], [2.0], [2.0, 1, 2, 3], [2.0, 2, 1], [4.0], [22.0]]","[(0, 0.0, 0.0), (1, 17, 0.7727272727272727), (2, 14, 0.6363636363636364), (3, 20, 0.9090909090909091), (4, 14, 0.6363636363636364), (5, 17, 0.7727272727272727), (6, 18, 0.8181818181818182), (7, 0.0, 0.0)]","[(1, 17.0, 18.0, 0.9444444444444444, 0, 18), (2, 14.0, 14.0, 1.0, 0, 14), (3, 20.0, 20.0, 1.0, 0, 20), (4, 14.0, 20.0, 0.7, 2, 22), (5, 17.0, 20.0, 0.85, 2, 22), (6, 18.0, 18.0, 1.0, 4, 22)]",100,2,2.2639999389648438,0.0
246,Experiment 3,5 Layers,16,22.0,"[[(0.0, 22.0)], [(2, 1), (20, 2.0)], [(10, 2), (14, 8.0)], [(20, 2.0)], [(0.0, 6.0), (8, 1), (11, 2), (16, 1), (18, 2), (21, 1.0)], [(0.0, 2.0), (4, 2), (11, 11.0)], [(0.0, 3.0), (6, 1), (8, 4), (17, 3), (21, 1.0)], [(0.0, 9.0), (10, 2), (14, 3)], [(0.0, 5.0), (7, 2), (13, 3), (18, 4.0)], [(0.0, 12.0), (16, 2), (19, 1)], [(0.0, 22.0)]]","[[22.0], [1, 2.0], [2, 8.0], [2.0], [6.0, 1, 2, 1, 2, 1.0], [2.0, 2, 11.0], [3.0, 1, 4, 3, 1.0], [9.0, 2, 3], [5.0, 2, 3, 4.0], [12.0, 2, 1], [22.0]]","[(0, 0.0, 0.0), (1, 19, 0.8636363636363636), (2, 12, 0.5454545454545454), (3, 20, 0.9090909090909091), (4, 9, 0.4090909090909091), (5, 7, 0.3181818181818182), (6, 10, 0.45454545454545453), (7, 8, 0.36363636363636365), (8, 8, 0.36363636363636365), (9, 7, 0.3181818181818182), (10, 0.0, 0.0)]","[(1, 19.0, 20.0, 0.95, 0, 20), (2, 12.0, 14.0, 0.8571428571428571, 0, 14), (3, 20.0, 20.0, 1.0, 0, 20), (4, 9.0, 15.0, 0.6, 6, 21), (5, 7.0, 9.0, 0.7777777777777778, 2, 11), (6, 10.0, 18.0, 0.5555555555555556, 3, 21), (7, 8.0, 13.0, 0.6153846153846154, 9, 22), (8, 8.0, 13.0, 0.6153846153846154, 5, 18), (9, 7.0, 10.0, 0.7, 12, 22)]",100,2,2.2360000610351562,0.0
247,Experiment 3,6 Layers,16,19.0,"[[(0.0, 19.0)], [(15, 4.0)], [(4, 2), (7, 12.0)], [(16, 3.0)], [(0.0, 2.0), (4, 1), (6, 1), (8, 1), (10, 1), (12, 2), (15, 1), (17, 2.0)], [(0.0, 2.0), (3, 2), (6, 13.0)], [(0.0, 1.0), (2, 1), (4, 3), (8, 4), (13, 3), (17, 2.0)], [(0.0, 4.0), (10, 2), (15, 2), (18, 1.0)], [(0.0, 3.0), (5, 1), (11, 8.0)], [(0.0, 3.0), (6, 1), (11, 5), (18, 1.0)], [(0.0, 9.0), (13, 1), (15, 2)], [(0.0, 6.0), (12, 1), (15, 1), (18, 1.0)], [(0.0, 11.0), (16, 2)], [(0.0, 19.0)]]","[[19.0], [4.0], [2, 12.0], [3.0], [2.0, 1, 1, 1, 1, 2, 1, 2.0], [2.0, 2, 13.0], [1.0, 1, 3, 4, 3, 2.0], [4.0, 2, 2, 1.0], [3.0, 1, 8.0], [3.0, 1, 5, 1.0], [9.0, 1, 2], [6.0, 1, 1, 1.0], [11.0, 2], [19.0]]","[(0, 0.0, 0.0), (1, 15, 0.7894736842105263), (2, 5, 0.2631578947368421), (3, 16, 0.8421052631578947), (4, 8, 0.42105263157894735), (5, 2, 0.10526315789473684), (6, 5, 0.2631578947368421), (7, 10, 0.5263157894736842), (8, 7, 0.3684210526315789), (9, 9, 0.47368421052631576), (10, 7, 0.3684210526315789), (11, 10, 0.5263157894736842), (12, 6, 0.3157894736842105), (13, 0.0, 0.0)]","[(1, 15.0, 15.0, 1.0, 0, 15), (2, 5.0, 7.0, 0.7142857142857143, 0, 7), (3, 16.0, 16.0, 1.0, 0, 16), (4, 8.0, 15.0, 0.5333333333333333, 2, 17), (5, 2.0, 4.0, 0.5, 2, 6), (6, 5.0, 16.0, 0.3125, 1, 17), (7, 10.0, 14.0, 0.7142857142857143, 4, 18), (8, 7.0, 8.0, 0.875, 3, 11), (9, 9.0, 15.0, 0.6, 3, 18), (10, 7.0, 10.0, 0.7, 9, 19), (11, 10.0, 12.0, 0.8333333333333334, 6, 18), (12, 6.0, 8.0, 0.75, 11, 19)]",100,2,3.194000005722046,0.0
248,Experiment 3,3 Layers,17,32.0,"[[(0.0, 32.0)], [(19, 1)], [(6, 1)], [(0.0, 32.0)], [(0.0, 32.0)]]","[[32.0], [1], [1], [], [32.0]]","[(0, 0.0, 0.0), (1, 31, 0.96875), (2, 31, 0.96875), (3, 32, 1.0), (4, 0.0, 0.0)]","[(1, 31.0, 32.0, 0.96875, 0, 32), (2, 31.0, 32.0, 0.96875, 0, 32), (3, 32.0, 32.0, 1.0, 0, 32)]",94,2,4.389000177383423,0.0
249,Experiment 3,4 Layers,17,22.0,"[[(0.0, 22.0)], [(6, 1), (9, 3), (14, 8.0)], [(5, 1), (12, 2), (16, 6.0)], [(11, 11.0)], [(0.0, 2.0)], [(0.0, 2.0)], [(0.0, 2.0)], [(0.0, 22.0)]]","[[22.0], [1, 3, 8.0], [1, 2, 6.0], [11.0], [2.0], [2.0], [2.0], [22.0]]","[(0, 0.0, 0.0), (1, 10, 0.45454545454545453), (2, 13, 0.5909090909090909), (3, 11, 0.5), (4, 20, 0.9090909090909091), (5, 20, 0.9090909090909091), (6, 20, 0.9090909090909091), (7, 0.0, 0.0)]","[(1, 10.0, 14.0, 0.7142857142857143, 0, 14), (2, 13.0, 16.0, 0.8125, 0, 16), (3, 11.0, 11.0, 1.0, 0, 11), (4, 20.0, 20.0, 1.0, 2, 22), (5, 20.0, 20.0, 1.0, 2, 22), (6, 20.0, 20.0, 1.0, 2, 22)]",94,2,1.8359999656677246,0.0
250,Experiment 3,5 Layers,17,16.0,"[[(0.0, 16.0)], [(12, 4.0)], [(11, 5.0)], [(11, 5.0)], [(0.0, 2.0), (15, 1.0)], [(0.0, 2.0), (5, 1), (15, 1.0)], [(0.0, 3.0), (13, 3.0)], [(0.0, 6.0)], [(0.0, 6.0), (8, 1), (11, 1)], [(0.0, 9.0)], [(0.0, 16.0)]]","[[16.0], [4.0], [5.0], [5.0], [2.0, 1.0], [2.0, 1, 1.0], [3.0, 3.0], [6.0], [6.0, 1, 1], [9.0], [16.0]]","[(0, 0.0, 0.0), (1, 12, 0.75), (2, 11, 0.6875), (3, 11, 0.6875), (4, 13, 0.8125), (5, 12, 0.75), (6, 10, 0.625), (7, 10, 0.625), (8, 8, 0.5), (9, 7, 0.4375), (10, 0.0, 0.0)]","[(1, 12.0, 12.0, 1.0, 0, 12), (2, 11.0, 11.0, 1.0, 0, 11), (3, 11.0, 11.0, 1.0, 0, 11), (4, 13.0, 13.0, 1.0, 2, 15), (5, 12.0, 13.0, 0.9230769230769231, 2, 15), (6, 10.0, 10.0, 1.0, 3, 13), (7, 10.0, 10.0, 1.0, 6, 16), (8, 8.0, 10.0, 0.8, 6, 16), (9, 7.0, 7.0, 1.0, 9, 16)]",94,2,7.0899999141693115,0.0
251,Experiment 3,6 Layers,17,15.0,"[[(0.0, 15.0)], [(3, 2), (6, 9.0)], [(7, 8.0)], [(2, 1), (4, 1), (6, 9.0)], [(0.0, 1.0), (5, 1), (9, 6.0)], [(0.0, 1.0), (3, 1), (6, 1), (8, 1), (11, 4.0)], [(0.0, 1.0), (4, 1), (7, 8.0)], [(0.0, 2.0), (14, 1.0)], [(0.0, 2.0), (14, 1.0)], [(0.0, 2.0), (13, 2.0)], [(0.0, 5.0), (6, 2), (10, 1)], [(0.0, 7.0), (9, 1)], [(0.0, 4.0)], [(0.0, 15.0)]]","[[15.0], [2, 9.0], [8.0], [1, 1, 9.0], [1.0, 1, 6.0], [1.0, 1, 1, 1, 4.0], [1.0, 1, 8.0], [2.0, 1.0], [2.0, 1.0], [2.0, 2.0], [5.0, 2, 1], [7.0, 1], [4.0], [15.0]]","[(0, 0.0, 0.0), (1, 4, 0.26666666666666666), (2, 7, 0.4666666666666667), (3, 4, 0.26666666666666666), (4, 7, 0.4666666666666667), (5, 7, 0.4666666666666667), (6, 5, 0.3333333333333333), (7, 12, 0.8), (8, 12, 0.8), (9, 11, 0.7333333333333333), (10, 7, 0.4666666666666667), (11, 7, 0.4666666666666667), (12, 11, 0.7333333333333333), (13, 0.0, 0.0)]","[(1, 4.0, 6.0, 0.6666666666666666, 0, 6), (2, 7.0, 7.0, 1.0, 0, 7), (3, 4.0, 6.0, 0.6666666666666666, 0, 6), (4, 7.0, 8.0, 0.875, 1, 9), (5, 7.0, 10.0, 0.7, 1, 11), (6, 5.0, 6.0, 0.8333333333333334, 1, 7), (7, 12.0, 12.0, 1.0, 2, 14), (8, 12.0, 12.0, 1.0, 2, 14), (9, 11.0, 11.0, 1.0, 2, 13), (10, 7.0, 10.0, 0.7, 5, 15), (11, 7.0, 8.0, 0.875, 7, 15), (12, 11.0, 11.0, 1.0, 4, 15)]",94,2,4.435999870300293,0.0
252,Experiment 3,3 Layers,18,30.0,"[[(0.0, 30.0)], [(0.0, 30.0)], [(0.0, 30.0)], [(0.0, 30.0)], [(0.0, 30.0)]]","[[30.0], [], [], [], [30.0]]","[(0, 0.0, 0.0), (1, 30, 1.0), (2, 30, 1.0), (3, 30, 1.0), (4, 0.0, 0.0)]","[(1, 30.0, 30.0, 1.0, 0, 30), (2, 30.0, 30.0, 1.0, 0, 30), (3, 30.0, 30.0, 1.0, 0, 30)]",90,2,3.5989999771118164,0.0
253,Experiment 3,4 Layers,18,27.0,"[[(0.0, 27.0)], [(20, 7.0)], [(12, 15.0)], [(25, 2.0)], [(0.0, 5.0), (7, 1), (11, 5), (22, 3)], [(0.0, 4.0), (6, 1), (13, 1), (16, 11.0)], [(0.0, 5.0), (7, 1), (10, 1), (13, 2), (17, 4), (23, 4.0)], [(0.0, 27.0)]]","[[27.0], [7.0], [15.0], [2.0], [5.0, 1, 5, 3], [4.0, 1, 1, 11.0], [5.0, 1, 1, 2, 4, 4.0], [27.0]]","[(0, 0.0, 0.0), (1, 20, 0.7407407407407407), (2, 12, 0.4444444444444444), (3, 25, 0.9259259259259259), (4, 13, 0.48148148148148145), (5, 10, 0.37037037037037035), (6, 10, 0.37037037037037035), (7, 0.0, 0.0)]","[(1, 20.0, 20.0, 1.0, 0, 20), (2, 12.0, 12.0, 1.0, 0, 12), (3, 25.0, 25.0, 1.0, 0, 25), (4, 13.0, 22.0, 0.5909090909090909, 5, 27), (5, 10.0, 12.0, 0.8333333333333334, 4, 16), (6, 10.0, 18.0, 0.5555555555555556, 5, 23)]",90,2,0.746999979019165,0.0
254,Experiment 3,5 Layers,18,27.0,"[[(0.0, 27.0)], [(25, 2.0)], [(10, 3), (15, 12.0)], [(20, 7.0)], [(0.0, 5.0), (6, 3), (11, 2), (14, 1), (16, 2), (19, 4), (24, 3.0)], [(0.0, 8.0), (12, 7), (20, 7.0)], [(0.0, 2.0), (3, 2), (6, 3), (10, 3), (14, 7), (22, 3), (26, 1.0)], [(0.0, 8.0), (9, 1), (11, 6), (18, 2), (21, 1), (23, 4.0)], [(0.0, 10.0), (11, 1), (13, 3), (17, 9)], [(0.0, 10.0), (11, 2), (14, 8), (24, 1)], [(0.0, 27.0)]]","[[27.0], [2.0], [3, 12.0], [7.0], [5.0, 3, 2, 1, 2, 4, 3.0], [8.0, 7, 7.0], [2.0, 2, 3, 3, 7, 3, 1.0], [8.0, 1, 6, 2, 1, 4.0], [10.0, 1, 3, 9], [10.0, 2, 8, 1], [27.0]]","[(0, 0.0, 0.0), (1, 25, 0.9259259259259259), (2, 12, 0.4444444444444444), (3, 20, 0.7407407407407407), (4, 7, 0.25925925925925924), (5, 5, 0.18518518518518517), (6, 6, 0.2222222222222222), (7, 5, 0.18518518518518517), (8, 4, 0.14814814814814814), (9, 6, 0.2222222222222222), (10, 0.0, 0.0)]","[(1, 25.0, 25.0, 1.0, 0, 25), (2, 12.0, 15.0, 0.8, 0, 15), (3, 20.0, 20.0, 1.0, 0, 20), (4, 7.0, 19.0, 0.3684210526315789, 5, 24), (5, 5.0, 12.0, 0.4166666666666667, 8, 20), (6, 6.0, 24.0, 0.25, 2, 26), (7, 5.0, 15.0, 0.3333333333333333, 8, 23), (8, 4.0, 17.0, 0.23529411764705882, 10, 27), (9, 6.0, 17.0, 0.35294117647058826, 10, 27)]",90,2,1.5,0.0
255,Experiment 3,6 Layers,18,23.0,"[[(0.0, 23.0)], [(16, 7.0)], [(6, 17.0)], [(20, 3.0)], [(0.0, 4.0), (5, 4), (13, 10.0)], [(0.0, 1.0), (2, 1), (6, 17.0)], [(0.0, 2.0), (3, 1), (5, 7), (13, 3), (17, 1), (19, 1), (21, 2.0)], [(0.0, 13.0), (16, 1), (18, 1), (20, 1), (22, 1.0)], [(0.0, 5.0), (10, 13.0)], [(0.0, 4.0), (8, 4), (15, 8.0)], [(0.0, 13.0), (14, 1), (16, 2)], [(0.0, 7.0), (8, 1), (11, 5), (17, 3), (21, 2.0)], [(0.0, 6.0), (7, 2), (10, 6), (17, 6.0)], [(0.0, 23.0)]]","[[23.0], [7.0], [17.0], [3.0], [4.0, 4, 10.0], [1.0, 1, 17.0], [2.0, 1, 7, 3, 1, 1, 2.0], [13.0, 1, 1, 1, 1.0], [5.0, 13.0], [4.0, 4, 8.0], [13.0, 1, 2], [7.0, 1, 5, 3, 2.0], [6.0, 2, 6, 6.0], [23.0]]","[(0, 0.0, 0.0), (1, 16, 0.6956521739130435), (2, 6, 0.2608695652173913), (3, 20, 0.8695652173913043), (4, 5, 0.21739130434782608), (5, 4, 0.17391304347826086), (6, 6, 0.2608695652173913), (7, 6, 0.2608695652173913), (8, 5, 0.21739130434782608), (9, 7, 0.30434782608695654), (10, 7, 0.30434782608695654), (11, 5, 0.21739130434782608), (12, 3, 0.13043478260869565), (13, 0.0, 0.0)]","[(1, 16.0, 16.0, 1.0, 0, 16), (2, 6.0, 6.0, 1.0, 0, 6), (3, 20.0, 20.0, 1.0, 0, 20), (4, 5.0, 9.0, 0.5555555555555556, 4, 13), (5, 4.0, 5.0, 0.8, 1, 6), (6, 6.0, 19.0, 0.3157894736842105, 2, 21), (7, 6.0, 9.0, 0.6666666666666666, 13, 22), (8, 5.0, 5.0, 1.0, 5, 10), (9, 7.0, 11.0, 0.6363636363636364, 4, 15), (10, 7.0, 10.0, 0.7, 13, 23), (11, 5.0, 14.0, 0.35714285714285715, 7, 21), (12, 3.0, 11.0, 0.2727272727272727, 6, 17)]",90,2,1.9830000400543213,0.0
256,Experiment 3,3 Layers,19,31.0,"[[(0.0, 31.0)], [(0.0, 31.0)], [(17, 1), (23, 1), (29, 2.0)], [(0.0, 31.0)], [(0.0, 31.0)]]","[[31.0], [], [1, 1, 2.0], [], [31.0]]","[(0, 0.0, 0.0), (1, 31, 1.0), (2, 27, 0.8709677419354839), (3, 31, 1.0), (4, 0.0, 0.0)]","[(1, 31.0, 31.0, 1.0, 0, 31), (2, 27.0, 29.0, 0.9310344827586207, 0, 29), (3, 31.0, 31.0, 1.0, 0, 31)]",89,2,4.039000034332275,0.0
257,Experiment 3,4 Layers,19,19.0,"[[(0.0, 19.0)], [(17, 2.0)], [(16, 3.0)], [(15, 4.0)], [(0.0, 6.0)], [(0.0, 2.0), (15, 1)], [(0.0, 3.0), (5, 3), (14, 1)], [(0.0, 19.0)]]","[[19.0], [2.0], [3.0], [4.0], [6.0], [2.0, 1], [3.0, 3, 1], [19.0]]","[(0, 0.0, 0.0), (1, 17, 0.8947368421052632), (2, 16, 0.8421052631578947), (3, 15, 0.7894736842105263), (4, 13, 0.6842105263157895), (5, 16, 0.8421052631578947), (6, 12, 0.631578947368421), (7, 0.0, 0.0)]","[(1, 17.0, 17.0, 1.0, 0, 17), (2, 16.0, 16.0, 1.0, 0, 16), (3, 15.0, 15.0, 1.0, 0, 15), (4, 13.0, 13.0, 1.0, 6, 19), (5, 16.0, 17.0, 0.9411764705882353, 2, 19), (6, 12.0, 16.0, 0.75, 3, 19)]",89,2,4.913000106811523,0.0
258,Experiment 3,5 Layers,19,19.0,"[[(0.0, 19.0)], [(17, 2.0)], [(14, 5.0)], [(17, 2.0)], [(0.0, 8.0), (9, 1), (11, 1), (16, 1), (18, 1.0)], [(0.0, 5.0), (9, 1), (16, 3.0)], [(0.0, 5.0), (7, 4), (12, 2), (15, 2), (18, 1.0)], [(0.0, 9.0), (10, 3), (15, 2)], [(0.0, 7.0), (10, 3), (14, 2)], [(0.0, 9.0), (12, 1), (14, 1), (16, 1)], [(0.0, 19.0)]]","[[19.0], [2.0], [5.0], [2.0], [8.0, 1, 1, 1, 1.0], [5.0, 1, 3.0], [5.0, 4, 2, 2, 1.0], [9.0, 3, 2], [7.0, 3, 2], [9.0, 1, 1, 1], [19.0]]","[(0, 0.0, 0.0), (1, 17, 0.8947368421052632), (2, 14, 0.7368421052631579), (3, 17, 0.8947368421052632), (4, 7, 0.3684210526315789), (5, 10, 0.5263157894736842), (6, 5, 0.2631578947368421), (7, 5, 0.2631578947368421), (8, 7, 0.3684210526315789), (9, 7, 0.3684210526315789), (10, 0.0, 0.0)]","[(1, 17.0, 17.0, 1.0, 0, 17), (2, 14.0, 14.0, 1.0, 0, 14), (3, 17.0, 17.0, 1.0, 0, 17), (4, 7.0, 10.0, 0.7, 8, 18), (5, 10.0, 11.0, 0.9090909090909091, 5, 16), (6, 5.0, 13.0, 0.38461538461538464, 5, 18), (7, 5.0, 10.0, 0.5, 9, 19), (8, 7.0, 12.0, 0.5833333333333334, 7, 19), (9, 7.0, 10.0, 0.7, 9, 19)]",89,2,5.01800012588501,0.0
259,Experiment 3,6 Layers,19,15.0,"[[(0.0, 15.0)], [(12, 3.0)], [(10, 5.0)], [(11, 4.0)], [(0.0, 2.0), (3, 1), (5, 2), (8, 1), (12, 3.0)], [(0.0, 4.0), (5, 2), (8, 7.0)], [(0.0, 1.0), (3, 1), (5, 1), (7, 1), (9, 2), (13, 2.0)], [(0.0, 3.0), (4, 1), (7, 1), (10, 2), (14, 1.0)], [(0.0, 3.0), (7, 1), (10, 1), (13, 2.0)], [(0.0, 6.0), (10, 1), (14, 1.0)], [(0.0, 4.0), (5, 2), (8, 2), (11, 2)], [(0.0, 7.0), (8, 2)], [(0.0, 6.0), (11, 1)], [(0.0, 15.0)]]","[[15.0], [3.0], [5.0], [4.0], [2.0, 1, 2, 1, 3.0], [4.0, 2, 7.0], [1.0, 1, 1, 1, 2, 2.0], [3.0, 1, 1, 2, 1.0], [3.0, 1, 1, 2.0], [6.0, 1, 1.0], [4.0, 2, 2, 2], [7.0, 2], [6.0, 1], [15.0]]","[(0, 0.0, 0.0), (1, 12, 0.8), (2, 10, 0.6666666666666666), (3, 11, 0.7333333333333333), (4, 6, 0.4), (5, 2, 0.13333333333333333), (6, 7, 0.4666666666666667), (7, 7, 0.4666666666666667), (8, 8, 0.5333333333333333), (9, 7, 0.4666666666666667), (10, 5, 0.3333333333333333), (11, 6, 0.4), (12, 8, 0.5333333333333333), (13, 0.0, 0.0)]","[(1, 12.0, 12.0, 1.0, 0, 12), (2, 10.0, 10.0, 1.0, 0, 10), (3, 11.0, 11.0, 1.0, 0, 11), (4, 6.0, 10.0, 0.6, 2, 12), (5, 2.0, 4.0, 0.5, 4, 8), (6, 7.0, 12.0, 0.5833333333333334, 1, 13), (7, 7.0, 11.0, 0.6363636363636364, 3, 14), (8, 8.0, 10.0, 0.8, 3, 13), (9, 7.0, 8.0, 0.875, 6, 14), (10, 5.0, 11.0, 0.45454545454545453, 4, 15), (11, 6.0, 8.0, 0.75, 7, 15), (12, 8.0, 9.0, 0.8888888888888888, 6, 15)]",89,2,6.801000118255615,0.0
260,Experiment 3,3 Layers,20,32.0,"[[(0.0, 32.0)], [(0.0, 32.0)], [(0.0, 32.0)], [(0.0, 32.0)], [(0.0, 32.0)]]","[[32.0], [], [], [], [32.0]]","[(0, 0.0, 0.0), (1, 32, 1.0), (2, 32, 1.0), (3, 32, 1.0), (4, 0.0, 0.0)]","[(1, 32.0, 32.0, 1.0, 0, 32), (2, 32.0, 32.0, 1.0, 0, 32), (3, 32.0, 32.0, 1.0, 0, 32)]",96,2,4.814000129699707,0.0
261,Experiment 3,4 Layers,20,22.0,"[[(0.0, 22.0)], [(16, 6.0)], [(20, 2.0)], [(18, 4.0)], [(0.0, 4.0), (10, 2), (18, 2)], [(0.0, 2.0), (10, 2), (20, 2.0)], [(0.0, 8.0), (17, 1), (21, 1.0)], [(0.0, 22.0)]]","[[22.0], [6.0], [2.0], [4.0], [4.0, 2, 2], [2.0, 2, 2.0], [8.0, 1, 1.0], [22.0]]","[(0, 0.0, 0.0), (1, 16, 0.7272727272727273), (2, 20, 0.9090909090909091), (3, 18, 0.8181818181818182), (4, 14, 0.6363636363636364), (5, 16, 0.7272727272727273), (6, 12, 0.5454545454545454), (7, 0.0, 0.0)]","[(1, 16.0, 16.0, 1.0, 0, 16), (2, 20.0, 20.0, 1.0, 0, 20), (3, 18.0, 18.0, 1.0, 0, 18), (4, 14.0, 18.0, 0.7777777777777778, 4, 22), (5, 16.0, 18.0, 0.8888888888888888, 2, 20), (6, 12.0, 13.0, 0.9230769230769231, 8, 21)]",96,2,2.613999843597412,0.0
262,Experiment 3,5 Layers,20,22.0,"[[(0.0, 22.0)], [(12, 3), (19, 3.0)], [(20, 2.0)], [(18, 4.0)], [(0.0, 11.0), (13, 1), (18, 1), (21, 1.0)], [(0.0, 2.0), (3, 4), (8, 3), (13, 1), (15, 5), (21, 1.0)], [(0.0, 4.0), (7, 3), (12, 6), (20, 2.0)], [(0.0, 6.0), (7, 6), (14, 1), (18, 1)], [(0.0, 9.0), (12, 1), (14, 3), (19, 2)], [(0.0, 3.0), (6, 1), (10, 12.0)], [(0.0, 22.0)]]","[[22.0], [3, 3.0], [2.0], [4.0], [11.0, 1, 1, 1.0], [2.0, 4, 3, 1, 5, 1.0], [4.0, 3, 6, 2.0], [6.0, 6, 1, 1], [9.0, 1, 3, 2], [3.0, 1, 12.0], [22.0]]","[(0, 0.0, 0.0), (1, 16, 0.7272727272727273), (2, 20, 0.9090909090909091), (3, 18, 0.8181818181818182), (4, 8, 0.36363636363636365), (5, 6, 0.2727272727272727), (6, 7, 0.3181818181818182), (7, 8, 0.36363636363636365), (8, 7, 0.3181818181818182), (9, 6, 0.2727272727272727), (10, 0.0, 0.0)]","[(1, 16.0, 19.0, 0.8421052631578947, 0, 19), (2, 20.0, 20.0, 1.0, 0, 20), (3, 18.0, 18.0, 1.0, 0, 18), (4, 8.0, 10.0, 0.8, 11, 21), (5, 6.0, 19.0, 0.3157894736842105, 2, 21), (6, 7.0, 16.0, 0.4375, 4, 20), (7, 8.0, 16.0, 0.5, 6, 22), (8, 7.0, 13.0, 0.5384615384615384, 9, 22), (9, 6.0, 7.0, 0.8571428571428571, 3, 10)]",96,2,2.494999885559082,0.0
263,Experiment 3,6 Layers,20,14.0,"[[(0.0, 14.0)], [(10, 4.0)], [(6, 1), (8, 6.0)], [(10, 4.0)], [(0.0, 1.0), (11, 3.0)], [(0.0, 1.0), (2, 1), (12, 2.0)], [(0.0, 1.0), (3, 1), (5, 1), (9, 1), (11, 3.0)], [(0.0, 4.0), (5, 3), (10, 1), (13, 1.0)], [(0.0, 2.0), (3, 5), (13, 1.0)], [(0.0, 2.0), (4, 1), (13, 1.0)], [(0.0, 10.0)], [(0.0, 3.0), (7, 4)], [(0.0, 3.0), (6, 1)], [(0.0, 14.0)]]","[[14.0], [4.0], [1, 6.0], [4.0], [1.0, 3.0], [1.0, 1, 2.0], [1.0, 1, 1, 1, 3.0], [4.0, 3, 1, 1.0], [2.0, 5, 1.0], [2.0, 1, 1.0], [10.0], [3.0, 4], [3.0, 1], [14.0]]","[(0, 0.0, 0.0), (1, 10, 0.7142857142857143), (2, 7, 0.5), (3, 10, 0.7142857142857143), (4, 10, 0.7142857142857143), (5, 10, 0.7142857142857143), (6, 7, 0.5), (7, 5, 0.35714285714285715), (8, 6, 0.42857142857142855), (9, 10, 0.7142857142857143), (10, 4, 0.2857142857142857), (11, 7, 0.5), (12, 10, 0.7142857142857143), (13, 0.0, 0.0)]","[(1, 10.0, 10.0, 1.0, 0, 10), (2, 7.0, 8.0, 0.875, 0, 8), (3, 10.0, 10.0, 1.0, 0, 10), (4, 10.0, 10.0, 1.0, 1, 11), (5, 10.0, 11.0, 0.9090909090909091, 1, 12), (6, 7.0, 10.0, 0.7, 1, 11), (7, 5.0, 9.0, 0.5555555555555556, 4, 13), (8, 6.0, 11.0, 0.5454545454545454, 2, 13), (9, 10.0, 11.0, 0.9090909090909091, 2, 13), (10, 4.0, 4.0, 1.0, 10, 14), (11, 7.0, 11.0, 0.6363636363636364, 3, 14), (12, 10.0, 11.0, 0.9090909090909091, 3, 14)]",96,2,6.700000047683716,0.0
264,Experiment 3,3 Layers,21,35.0,"[[(0.0, 35.0)], [(0.0, 35.0)], [(0.0, 35.0)], [(0.0, 35.0)], [(0.0, 35.0)]]","[[35.0], [], [], [], [35.0]]","[(0, 0.0, 0.0), (1, 35, 1.0), (2, 35, 1.0), (3, 35, 1.0), (4, 0.0, 0.0)]","[(1, 35.0, 35.0, 1.0, 0, 35), (2, 35.0, 35.0, 1.0, 0, 35), (3, 35.0, 35.0, 1.0, 0, 35)]",105,2,3.803999900817871,0.0
265,Experiment 3,4 Layers,21,22.0,"[[(0.0, 22.0)], [(18, 4.0)], [(14, 8.0)], [(4, 1), (17, 5.0)], [(0.0, 2.0), (18, 1)], [(0.0, 2.0)], [(0.0, 4.0)], [(0.0, 22.0)]]","[[22.0], [4.0], [8.0], [1, 5.0], [2.0, 1], [2.0], [4.0], [22.0]]","[(0, 0.0, 0.0), (1, 18, 0.8181818181818182), (2, 14, 0.6363636363636364), (3, 16, 0.7272727272727273), (4, 19, 0.8636363636363636), (5, 20, 0.9090909090909091), (6, 18, 0.8181818181818182), (7, 0.0, 0.0)]","[(1, 18.0, 18.0, 1.0, 0, 18), (2, 14.0, 14.0, 1.0, 0, 14), (3, 16.0, 17.0, 0.9411764705882353, 0, 17), (4, 19.0, 20.0, 0.95, 2, 22), (5, 20.0, 20.0, 1.0, 2, 22), (6, 18.0, 18.0, 1.0, 4, 22)]",105,2,2.5139999389648438,0.0
266,Experiment 3,5 Layers,21,19.0,"[[(0.0, 19.0)], [(16, 3.0)], [(16, 3.0)], [(16, 3.0)], [(0.0, 2.0), (5, 1), (12, 2), (15, 1), (17, 2.0)], [(0.0, 2.0), (11, 1), (13, 1), (15, 1), (17, 2.0)], [(0.0, 4.0), (5, 3), (9, 5), (15, 1), (17, 2.0)], [(0.0, 11.0)], [(0.0, 6.0), (10, 1)], [(0.0, 5.0), (7, 2), (11, 2)], [(0.0, 19.0)]]","[[19.0], [3.0], [3.0], [3.0], [2.0, 1, 2, 1, 2.0], [2.0, 1, 1, 1, 2.0], [4.0, 3, 5, 1, 2.0], [11.0], [6.0, 1], [5.0, 2, 2], [19.0]]","[(0, 0.0, 0.0), (1, 16, 0.8421052631578947), (2, 16, 0.8421052631578947), (3, 16, 0.8421052631578947), (4, 11, 0.5789473684210527), (5, 12, 0.631578947368421), (6, 4, 0.21052631578947367), (7, 8, 0.42105263157894735), (8, 12, 0.631578947368421), (9, 10, 0.5263157894736842), (10, 0.0, 0.0)]","[(1, 16.0, 16.0, 1.0, 0, 16), (2, 16.0, 16.0, 1.0, 0, 16), (3, 16.0, 16.0, 1.0, 0, 16), (4, 11.0, 15.0, 0.7333333333333333, 2, 17), (5, 12.0, 15.0, 0.8, 2, 17), (6, 4.0, 13.0, 0.3076923076923077, 4, 17), (7, 8.0, 8.0, 1.0, 11, 19), (8, 12.0, 13.0, 0.9230769230769231, 6, 19), (9, 10.0, 14.0, 0.7142857142857143, 5, 19)]",105,2,3.6670000553131104,0.0
267,Experiment 3,6 Layers,21,16.0,"[[(0.0, 16.0)], [(2, 1), (6, 10.0)], [(4, 2), (7, 9.0)], [(2, 1), (5, 2), (8, 8.0)], [(0.0, 1.0), (8, 1), (12, 4.0)], [(0.0, 1.0), (12, 4.0)], [(0.0, 1.0), (13, 3.0)], [(0.0, 3.0), (14, 2.0)], [(0.0, 2.0), (11, 5.0)], [(0.0, 4.0), (6, 1), (11, 1), (13, 3.0)], [(0.0, 5.0), (7, 1)], [(0.0, 5.0), (15, 1.0)], [(0.0, 6.0)], [(0.0, 16.0)]]","[[16.0], [1, 10.0], [2, 9.0], [1, 2, 8.0], [1.0, 1, 4.0], [1.0, 4.0], [1.0, 3.0], [3.0, 2.0], [2.0, 5.0], [4.0, 1, 1, 3.0], [5.0, 1], [5.0, 1.0], [6.0], [16.0]]","[(0, 0.0, 0.0), (1, 5, 0.3125), (2, 5, 0.3125), (3, 5, 0.3125), (4, 10, 0.625), (5, 11, 0.6875), (6, 12, 0.75), (7, 11, 0.6875), (8, 9, 0.5625), (9, 7, 0.4375), (10, 10, 0.625), (11, 10, 0.625), (12, 10, 0.625), (13, 0.0, 0.0)]","[(1, 5.0, 6.0, 0.8333333333333334, 0, 6), (2, 5.0, 7.0, 0.7142857142857143, 0, 7), (3, 5.0, 8.0, 0.625, 0, 8), (4, 10.0, 11.0, 0.9090909090909091, 1, 12), (5, 11.0, 11.0, 1.0, 1, 12), (6, 12.0, 12.0, 1.0, 1, 13), (7, 11.0, 11.0, 1.0, 3, 14), (8, 9.0, 9.0, 1.0, 2, 11), (9, 7.0, 9.0, 0.7777777777777778, 4, 13), (10, 10.0, 11.0, 0.9090909090909091, 5, 16), (11, 10.0, 10.0, 1.0, 5, 15), (12, 10.0, 10.0, 1.0, 6, 16)]",105,2,10.885999917984009,0.0
268,Experiment 3,3 Layers,22,32.0,"[[(0.0, 32.0)], [(31, 1.0)], [(0.0, 32.0)], [(0.0, 32.0)], [(0.0, 32.0)]]","[[32.0], [1.0], [], [], [32.0]]","[(0, 0.0, 0.0), (1, 31, 0.96875), (2, 32, 1.0), (3, 32, 1.0), (4, 0.0, 0.0)]","[(1, 31.0, 31.0, 1.0, 0, 31), (2, 32.0, 32.0, 1.0, 0, 32), (3, 32.0, 32.0, 1.0, 0, 32)]",95,2,5.242000102996826,0.0
269,Experiment 3,4 Layers,22,25.0,"[[(0.0, 25.0)], [(6, 3), (11, 14.0)], [(4, 3), (13, 12.0)], [(10, 4), (16, 9.0)], [(0.0, 2.0), (12, 1), (23, 2.0)], [(0.0, 2.0)], [(0.0, 2.0), (24, 1.0)], [(0.0, 25.0)]]","[[25.0], [3, 14.0], [3, 12.0], [4, 9.0], [2.0, 1, 2.0], [2.0], [2.0, 1.0], [25.0]]","[(0, 0.0, 0.0), (1, 8, 0.32), (2, 10, 0.4), (3, 12, 0.48), (4, 20, 0.8), (5, 23, 0.92), (6, 22, 0.88), (7, 0.0, 0.0)]","[(1, 8.0, 11.0, 0.7272727272727273, 0, 11), (2, 10.0, 13.0, 0.7692307692307693, 0, 13), (3, 12.0, 16.0, 0.75, 0, 16), (4, 20.0, 21.0, 0.9523809523809523, 2, 23), (5, 23.0, 23.0, 1.0, 2, 25), (6, 22.0, 22.0, 1.0, 2, 24)]",95,2,1.2829999923706055,0.0
270,Experiment 3,5 Layers,22,19.0,"[[(0.0, 19.0)], [(12, 7.0)], [(4, 3), (11, 8.0)], [(8, 2), (12, 7.0)], [(0.0, 2.0), (3, 1), (5, 2), (8, 2), (11, 1), (13, 4), (18, 1.0)], [(0.0, 2.0), (3, 2), (7, 3), (11, 1), (14, 5.0)], [(0.0, 2.0), (6, 2), (14, 5.0)], [(0.0, 3.0)], [(0.0, 3.0)], [(0.0, 5.0), (7, 1), (16, 2)], [(0.0, 19.0)]]","[[19.0], [7.0], [3, 8.0], [2, 7.0], [2.0, 1, 2, 2, 1, 4, 1.0], [2.0, 2, 3, 1, 5.0], [2.0, 2, 5.0], [3.0], [3.0], [5.0, 1, 2], [19.0]]","[(0, 0.0, 0.0), (1, 12, 0.631578947368421), (2, 8, 0.42105263157894735), (3, 10, 0.5263157894736842), (4, 6, 0.3157894736842105), (5, 6, 0.3157894736842105), (6, 10, 0.5263157894736842), (7, 16, 0.8421052631578947), (8, 16, 0.8421052631578947), (9, 11, 0.5789473684210527), (10, 0.0, 0.0)]","[(1, 12.0, 12.0, 1.0, 0, 12), (2, 8.0, 11.0, 0.7272727272727273, 0, 11), (3, 10.0, 12.0, 0.8333333333333334, 0, 12), (4, 6.0, 16.0, 0.375, 2, 18), (5, 6.0, 12.0, 0.5, 2, 14), (6, 10.0, 12.0, 0.8333333333333334, 2, 14), (7, 16.0, 16.0, 1.0, 3, 19), (8, 16.0, 16.0, 1.0, 3, 19), (9, 11.0, 14.0, 0.7857142857142857, 5, 19)]",95,2,2.2799999713897705,0.0
271,Experiment 3,6 Layers,22,19.0,"[[(0.0, 19.0)], [(3, 3), (7, 12.0)], [(6, 13.0)], [(3, 1), (6, 13.0)], [(0.0, 1.0), (4, 15.0)], [(0.0, 1.0), (4, 1), (6, 1), (8, 2), (11, 8.0)], [(0.0, 1.0), (2, 1), (6, 1), (9, 10.0)], [(0.0, 2.0), (3, 1), (6, 2), (9, 3), (13, 6.0)], [(0.0, 2.0), (4, 2), (11, 8.0)], [(0.0, 2.0), (4, 1), (7, 1), (14, 5.0)], [(0.0, 3.0)], [(0.0, 3.0), (7, 1), (14, 1)], [(0.0, 5.0), (18, 1.0)], [(0.0, 19.0)]]","[[19.0], [3, 12.0], [13.0], [1, 13.0], [1.0, 15.0], [1.0, 1, 1, 2, 8.0], [1.0, 1, 1, 10.0], [2.0, 1, 2, 3, 6.0], [2.0, 2, 8.0], [2.0, 1, 1, 5.0], [3.0], [3.0, 1, 1], [5.0, 1.0], [19.0]]","[(0, 0.0, 0.0), (1, 4, 0.21052631578947367), (2, 6, 0.3157894736842105), (3, 5, 0.2631578947368421), (4, 3, 0.15789473684210525), (5, 6, 0.3157894736842105), (6, 6, 0.3157894736842105), (7, 5, 0.2631578947368421), (8, 7, 0.3684210526315789), (9, 10, 0.5263157894736842), (10, 16, 0.8421052631578947), (11, 14, 0.7368421052631579), (12, 13, 0.6842105263157895), (13, 0.0, 0.0)]","[(1, 4.0, 7.0, 0.5714285714285714, 0, 7), (2, 6.0, 6.0, 1.0, 0, 6), (3, 5.0, 6.0, 0.8333333333333334, 0, 6), (4, 3.0, 3.0, 1.0, 1, 4), (5, 6.0, 10.0, 0.6, 1, 11), (6, 6.0, 8.0, 0.75, 1, 9), (7, 5.0, 11.0, 0.45454545454545453, 2, 13), (8, 7.0, 9.0, 0.7777777777777778, 2, 11), (9, 10.0, 12.0, 0.8333333333333334, 2, 14), (10, 16.0, 16.0, 1.0, 3, 19), (11, 14.0, 16.0, 0.875, 3, 19), (12, 13.0, 13.0, 1.0, 5, 18)]",95,2,2.2750000953674316,0.0
272,Experiment 3,3 Layers,23,27.0,"[[(0.0, 27.0)], [(11, 1)], [(0.0, 27.0)], [(16, 1)], [(0.0, 27.0)]]","[[27.0], [1], [], [1], [27.0]]","[(0, 0.0, 0.0), (1, 26, 0.9629629629629629), (2, 27, 1.0), (3, 26, 0.9629629629629629), (4, 0.0, 0.0)]","[(1, 26.0, 27.0, 0.9629629629629629, 0, 27), (2, 27.0, 27.0, 1.0, 0, 27), (3, 26.0, 27.0, 0.9629629629629629, 0, 27)]",79,2,3.2130000591278076,0.0
273,Experiment 3,4 Layers,23,20.0,"[[(0.0, 20.0)], [(12, 8.0)], [(7, 2), (13, 7.0)], [(8, 1), (15, 5.0)], [(0.0, 2.0)], [(0.0, 5.0), (10, 4), (16, 4.0)], [(0.0, 2.0), (10, 1)], [(0.0, 20.0)]]","[[20.0], [8.0], [2, 7.0], [1, 5.0], [2.0], [5.0, 4, 4.0], [2.0, 1], [20.0]]","[(0, 0.0, 0.0), (1, 12, 0.6), (2, 11, 0.55), (3, 14, 0.7), (4, 18, 0.9), (5, 7, 0.35), (6, 17, 0.85), (7, 0.0, 0.0)]","[(1, 12.0, 12.0, 1.0, 0, 12), (2, 11.0, 13.0, 0.8461538461538461, 0, 13), (3, 14.0, 15.0, 0.9333333333333333, 0, 15), (4, 18.0, 18.0, 1.0, 2, 20), (5, 7.0, 11.0, 0.6363636363636364, 5, 16), (6, 17.0, 18.0, 0.9444444444444444, 2, 20)]",79,2,0.8409998416900635,0.0
274,Experiment 3,5 Layers,23,16.0,"[[(0.0, 16.0)], [(13, 3.0)], [(4, 1), (13, 3.0)], [(12, 4.0)], [(0.0, 3.0), (15, 1.0)], [(0.0, 4.0), (5, 7), (14, 2.0)], [(0.0, 2.0), (14, 2.0)], [(0.0, 10.0), (12, 1), (14, 1)], [(0.0, 13.0), (15, 1.0)], [(0.0, 5.0), (8, 1), (10, 1)], [(0.0, 16.0)]]","[[16.0], [3.0], [1, 3.0], [4.0], [3.0, 1.0], [4.0, 7, 2.0], [2.0, 2.0], [10.0, 1, 1], [13.0, 1.0], [5.0, 1, 1], [16.0]]","[(0, 0.0, 0.0), (1, 13, 0.8125), (2, 12, 0.75), (3, 12, 0.75), (4, 12, 0.75), (5, 3, 0.1875), (6, 12, 0.75), (7, 4, 0.25), (8, 2, 0.125), (9, 9, 0.5625), (10, 0.0, 0.0)]","[(1, 13.0, 13.0, 1.0, 0, 13), (2, 12.0, 13.0, 0.9230769230769231, 0, 13), (3, 12.0, 12.0, 1.0, 0, 12), (4, 12.0, 12.0, 1.0, 3, 15), (5, 3.0, 10.0, 0.3, 4, 14), (6, 12.0, 12.0, 1.0, 2, 14), (7, 4.0, 6.0, 0.6666666666666666, 10, 16), (8, 2.0, 2.0, 1.0, 13, 15), (9, 9.0, 11.0, 0.8181818181818182, 5, 16)]",79,2,3.5969998836517334,0.0
275,Experiment 3,6 Layers,23,15.0,"[[(0.0, 15.0)], [(7, 8.0)], [(7, 8.0)], [(7, 8.0)], [(0.0, 2.0), (7, 2), (10, 5.0)], [(0.0, 7.0), (8, 1), (11, 4.0)], [(0.0, 1.0), (5, 1), (8, 1), (10, 5.0)], [(0.0, 3.0), (7, 1), (14, 1.0)], [(0.0, 8.0), (11, 1), (14, 1.0)], [(0.0, 2.0), (14, 1.0)], [(0.0, 8.0), (9, 1), (11, 1)], [(0.0, 10.0), (11, 2)], [(0.0, 5.0), (7, 2), (11, 1)], [(0.0, 15.0)]]","[[15.0], [8.0], [8.0], [8.0], [2.0, 2, 5.0], [7.0, 1, 4.0], [1.0, 1, 1, 5.0], [3.0, 1, 1.0], [8.0, 1, 1.0], [2.0, 1.0], [8.0, 1, 1], [10.0, 2], [5.0, 2, 1], [15.0]]","[(0, 0.0, 0.0), (1, 7, 0.4666666666666667), (2, 7, 0.4666666666666667), (3, 7, 0.4666666666666667), (4, 6, 0.4), (5, 3, 0.2), (6, 7, 0.4666666666666667), (7, 10, 0.6666666666666666), (8, 5, 0.3333333333333333), (9, 12, 0.8), (10, 5, 0.3333333333333333), (11, 3, 0.2), (12, 7, 0.4666666666666667), (13, 0.0, 0.0)]","[(1, 7.0, 7.0, 1.0, 0, 7), (2, 7.0, 7.0, 1.0, 0, 7), (3, 7.0, 7.0, 1.0, 0, 7), (4, 6.0, 8.0, 0.75, 2, 10), (5, 3.0, 4.0, 0.75, 7, 11), (6, 7.0, 9.0, 0.7777777777777778, 1, 10), (7, 10.0, 11.0, 0.9090909090909091, 3, 14), (8, 5.0, 6.0, 0.8333333333333334, 8, 14), (9, 12.0, 12.0, 1.0, 2, 14), (10, 5.0, 7.0, 0.7142857142857143, 8, 15), (11, 3.0, 5.0, 0.6, 10, 15), (12, 7.0, 10.0, 0.7, 5, 15)]",79,2,2.9100000858306885,0.0
276,Experiment 3,3 Layers,24,26.0,"[[(0.0, 26.0)], [(0.0, 26.0)], [(0.0, 26.0)], [(25, 1.0)], [(0.0, 26.0)]]","[[26.0], [], [], [1.0], [26.0]]","[(0, 0.0, 0.0), (1, 26, 1.0), (2, 26, 1.0), (3, 25, 0.9615384615384616), (4, 0.0, 0.0)]","[(1, 26.0, 26.0, 1.0, 0, 26), (2, 26.0, 26.0, 1.0, 0, 26), (3, 25.0, 25.0, 1.0, 0, 25)]",77,2,3.509999990463257,0.0
277,Experiment 3,4 Layers,24,23.0,"[[(0.0, 23.0)], [(12, 1), (15, 8.0)], [(4, 1), (11, 1), (14, 9.0)], [(3, 1), (8, 15.0)], [(0.0, 2.0), (14, 1), (21, 2.0)], [(0.0, 2.0)], [(0.0, 3.0), (6, 3), (11, 12.0)], [(0.0, 23.0)]]","[[23.0], [1, 8.0], [1, 1, 9.0], [1, 15.0], [2.0, 1, 2.0], [2.0], [3.0, 3, 12.0], [23.0]]","[(0, 0.0, 0.0), (1, 14, 0.6086956521739131), (2, 12, 0.5217391304347826), (3, 7, 0.30434782608695654), (4, 18, 0.782608695652174), (5, 21, 0.9130434782608695), (6, 5, 0.21739130434782608), (7, 0.0, 0.0)]","[(1, 14.0, 15.0, 0.9333333333333333, 0, 15), (2, 12.0, 14.0, 0.8571428571428571, 0, 14), (3, 7.0, 8.0, 0.875, 0, 8), (4, 18.0, 19.0, 0.9473684210526315, 2, 21), (5, 21.0, 21.0, 1.0, 2, 23), (6, 5.0, 8.0, 0.625, 3, 11)]",77,2,0.6510000228881836,0.0
278,Experiment 3,5 Layers,24,17.0,"[[(0.0, 17.0)], [(14, 3.0)], [(12, 5.0)], [(7, 10.0)], [(0.0, 2.0), (16, 1.0)], [(0.0, 2.0), (14, 3.0)], [(0.0, 4.0), (5, 2), (9, 8.0)], [(0.0, 4.0), (5, 1), (7, 1), (10, 3), (15, 1)], [(0.0, 6.0), (7, 1), (9, 2), (15, 2.0)], [(0.0, 5.0), (6, 6), (13, 4.0)], [(0.0, 17.0)]]","[[17.0], [3.0], [5.0], [10.0], [2.0, 1.0], [2.0, 3.0], [4.0, 2, 8.0], [4.0, 1, 1, 3, 1], [6.0, 1, 2, 2.0], [5.0, 6, 4.0], [17.0]]","[(0, 0.0, 0.0), (1, 14, 0.8235294117647058), (2, 12, 0.7058823529411765), (3, 7, 0.4117647058823529), (4, 14, 0.8235294117647058), (5, 12, 0.7058823529411765), (6, 3, 0.17647058823529413), (7, 7, 0.4117647058823529), (8, 6, 0.35294117647058826), (9, 2, 0.11764705882352941), (10, 0.0, 0.0)]","[(1, 14.0, 14.0, 1.0, 0, 14), (2, 12.0, 12.0, 1.0, 0, 12), (3, 7.0, 7.0, 1.0, 0, 7), (4, 14.0, 14.0, 1.0, 2, 16), (5, 12.0, 12.0, 1.0, 2, 14), (6, 3.0, 5.0, 0.6, 4, 9), (7, 7.0, 13.0, 0.5384615384615384, 4, 17), (8, 6.0, 9.0, 0.6666666666666666, 6, 15), (9, 2.0, 8.0, 0.25, 5, 13)]",77,2,2.1559998989105225,0.0
279,Experiment 3,6 Layers,24,17.0,"[[(0.0, 17.0)], [(3, 1), (7, 1), (9, 8.0)], [(6, 11.0)], [(4, 13.0)], [(0.0, 1.0), (3, 2), (6, 1), (8, 2), (11, 6.0)], [(0.0, 1.0), (6, 1), (9, 1), (11, 6.0)], [(0.0, 1.0), (3, 1), (5, 12.0)], [(0.0, 2.0), (8, 1), (15, 2.0)], [(0.0, 2.0), (16, 1.0)], [(0.0, 3.0), (6, 11.0)], [(0.0, 9.0), (10, 2), (13, 1)], [(0.0, 8.0), (10, 1)], [(0.0, 6.0), (7, 2), (10, 7.0)], [(0.0, 17.0)]]","[[17.0], [1, 1, 8.0], [11.0], [13.0], [1.0, 2, 1, 2, 6.0], [1.0, 1, 1, 6.0], [1.0, 1, 12.0], [2.0, 1, 2.0], [2.0, 1.0], [3.0, 11.0], [9.0, 2, 1], [8.0, 1], [6.0, 2, 7.0], [17.0]]","[(0, 0.0, 0.0), (1, 7, 0.4117647058823529), (2, 6, 0.35294117647058826), (3, 4, 0.23529411764705882), (4, 5, 0.29411764705882354), (5, 8, 0.47058823529411764), (6, 3, 0.17647058823529413), (7, 12, 0.7058823529411765), (8, 14, 0.8235294117647058), (9, 3, 0.17647058823529413), (10, 5, 0.29411764705882354), (11, 8, 0.47058823529411764), (12, 2, 0.11764705882352941), (13, 0.0, 0.0)]","[(1, 7.0, 9.0, 0.7777777777777778, 0, 9), (2, 6.0, 6.0, 1.0, 0, 6), (3, 4.0, 4.0, 1.0, 0, 4), (4, 5.0, 10.0, 0.5, 1, 11), (5, 8.0, 10.0, 0.8, 1, 11), (6, 3.0, 4.0, 0.75, 1, 5), (7, 12.0, 13.0, 0.9230769230769231, 2, 15), (8, 14.0, 14.0, 1.0, 2, 16), (9, 3.0, 3.0, 1.0, 3, 6), (10, 5.0, 8.0, 0.625, 9, 17), (11, 8.0, 9.0, 0.8888888888888888, 8, 17), (12, 2.0, 4.0, 0.5, 6, 10)]",77,2,2.4040000438690186,0.0
280,Experiment 3,3 Layers,25,25.0,"[[(0.0, 25.0)], [(0.0, 25.0)], [(0.0, 25.0)], [(0.0, 25.0)], [(0.0, 25.0)]]","[[25.0], [], [], [], [25.0]]","[(0, 0.0, 0.0), (1, 25, 1.0), (2, 25, 1.0), (3, 25, 1.0), (4, 0.0, 0.0)]","[(1, 25.0, 25.0, 1.0, 0, 25), (2, 25.0, 25.0, 1.0, 0, 25), (3, 25.0, 25.0, 1.0, 0, 25)]",75,2,3.8610000610351562,0.0
281,Experiment 3,4 Layers,25,16.0,"[[(0.0, 16.0)], [(6, 1), (13, 3.0)], [(13, 3.0)], [(14, 2.0)], [(0.0, 3.0), (6, 1), (10, 1)], [(0.0, 3.0)], [(0.0, 4.0)], [(0.0, 16.0)]]","[[16.0], [1, 3.0], [3.0], [2.0], [3.0, 1, 1], [3.0], [4.0], [16.0]]","[(0, 0.0, 0.0), (1, 12, 0.75), (2, 13, 0.8125), (3, 14, 0.875), (4, 11, 0.6875), (5, 13, 0.8125), (6, 12, 0.75), (7, 0.0, 0.0)]","[(1, 12.0, 13.0, 0.9230769230769231, 0, 13), (2, 13.0, 13.0, 1.0, 0, 13), (3, 14.0, 14.0, 1.0, 0, 14), (4, 11.0, 13.0, 0.8461538461538461, 3, 16), (5, 13.0, 13.0, 1.0, 3, 16), (6, 12.0, 12.0, 1.0, 4, 16)]",75,2,4.110000133514404,0.0
282,Experiment 3,5 Layers,25,16.0,"[[(0.0, 16.0)], [(12, 4.0)], [(13, 3.0)], [(14, 2.0)], [(0.0, 5.0), (6, 1), (13, 3.0)], [(0.0, 3.0), (6, 2), (10, 3), (15, 1.0)], [(0.0, 5.0), (6, 2), (9, 1), (15, 1.0)], [(0.0, 6.0), (8, 1), (12, 3)], [(0.0, 11.0), (12, 1), (14, 1)], [(0.0, 6.0), (7, 1), (10, 2), (13, 1)], [(0.0, 16.0)]]","[[16.0], [4.0], [3.0], [2.0], [5.0, 1, 3.0], [3.0, 2, 3, 1.0], [5.0, 2, 1, 1.0], [6.0, 1, 3], [11.0, 1, 1], [6.0, 1, 2, 1], [16.0]]","[(0, 0.0, 0.0), (1, 12, 0.75), (2, 13, 0.8125), (3, 14, 0.875), (4, 7, 0.4375), (5, 7, 0.4375), (6, 7, 0.4375), (7, 6, 0.375), (8, 3, 0.1875), (9, 6, 0.375), (10, 0.0, 0.0)]","[(1, 12.0, 12.0, 1.0, 0, 12), (2, 13.0, 13.0, 1.0, 0, 13), (3, 14.0, 14.0, 1.0, 0, 14), (4, 7.0, 8.0, 0.875, 5, 13), (5, 7.0, 12.0, 0.5833333333333334, 3, 15), (6, 7.0, 10.0, 0.7, 5, 15), (7, 6.0, 10.0, 0.6, 6, 16), (8, 3.0, 5.0, 0.6, 11, 16), (9, 6.0, 10.0, 0.6, 6, 16)]",75,2,3.4049999713897705,0.0
283,Experiment 3,6 Layers,25,11.0,"[[(0.0, 11.0)], [(3, 1), (7, 4.0)], [(3, 1), (6, 5.0)], [(7, 4.0)], [(0.0, 1.0), (8, 3.0)], [(0.0, 1.0), (7, 4.0)], [(0.0, 1.0), (9, 2.0)], [(0.0, 3.0), (10, 1.0)], [(0.0, 2.0), (10, 1.0)], [(0.0, 4.0), (10, 1.0)], [(0.0, 7.0)], [(0.0, 5.0)], [(0.0, 5.0), (6, 1)], [(0.0, 11.0)]]","[[11.0], [1, 4.0], [1, 5.0], [4.0], [1.0, 3.0], [1.0, 4.0], [1.0, 2.0], [3.0, 1.0], [2.0, 1.0], [4.0, 1.0], [7.0], [5.0], [5.0, 1], [11.0]]","[(0, 0.0, 0.0), (1, 6, 0.5454545454545454), (2, 5, 0.45454545454545453), (3, 7, 0.6363636363636364), (4, 7, 0.6363636363636364), (5, 6, 0.5454545454545454), (6, 8, 0.7272727272727273), (7, 7, 0.6363636363636364), (8, 8, 0.7272727272727273), (9, 6, 0.5454545454545454), (10, 4, 0.36363636363636365), (11, 6, 0.5454545454545454), (12, 5, 0.45454545454545453), (13, 0.0, 0.0)]","[(1, 6.0, 7.0, 0.8571428571428571, 0, 7), (2, 5.0, 6.0, 0.8333333333333334, 0, 6), (3, 7.0, 7.0, 1.0, 0, 7), (4, 7.0, 7.0, 1.0, 1, 8), (5, 6.0, 6.0, 1.0, 1, 7), (6, 8.0, 8.0, 1.0, 1, 9), (7, 7.0, 7.0, 1.0, 3, 10), (8, 8.0, 8.0, 1.0, 2, 10), (9, 6.0, 6.0, 1.0, 4, 10), (10, 4.0, 4.0, 1.0, 7, 11), (11, 6.0, 6.0, 1.0, 5, 11), (12, 5.0, 6.0, 0.8333333333333334, 5, 11)]",75,2,4.441999912261963,0.0
284,Experiment 3,3 Layers,26,28.0,"[[(0.0, 28.0)], [(0.0, 28.0)], [(0.0, 28.0)], [(0.0, 28.0)], [(0.0, 28.0)]]","[[28.0], [], [], [], [28.0]]","[(0, 0.0, 0.0), (1, 28, 1.0), (2, 28, 1.0), (3, 28, 1.0), (4, 0.0, 0.0)]","[(1, 28.0, 28.0, 1.0, 0, 28), (2, 28.0, 28.0, 1.0, 0, 28), (3, 28.0, 28.0, 1.0, 0, 28)]",84,2,4.29800009727478,0.0
285,Experiment 3,4 Layers,26,21.0,"[[(0.0, 21.0)], [(19, 2.0)], [(16, 5.0)], [(18, 3.0)], [(0.0, 7.0), (9, 1), (16, 1)], [(0.0, 5.0), (8, 2), (12, 1), (17, 1), (20, 1.0)], [(0.0, 11.0), (13, 1), (18, 1)], [(0.0, 21.0)]]","[[21.0], [2.0], [5.0], [3.0], [7.0, 1, 1], [5.0, 2, 1, 1, 1.0], [11.0, 1, 1], [21.0]]","[(0, 0.0, 0.0), (1, 19, 0.9047619047619048), (2, 16, 0.7619047619047619), (3, 18, 0.8571428571428571), (4, 12, 0.5714285714285714), (5, 11, 0.5238095238095238), (6, 8, 0.38095238095238093), (7, 0.0, 0.0)]","[(1, 19.0, 19.0, 1.0, 0, 19), (2, 16.0, 16.0, 1.0, 0, 16), (3, 18.0, 18.0, 1.0, 0, 18), (4, 12.0, 14.0, 0.8571428571428571, 7, 21), (5, 11.0, 15.0, 0.7333333333333333, 5, 20), (6, 8.0, 10.0, 0.8, 11, 21)]",84,2,1.4069998264312744,0.0
286,Experiment 3,5 Layers,26,21.0,"[[(0.0, 21.0)], [(18, 3.0)], [(4, 2), (18, 3.0)], [(19, 2.0)], [(0.0, 8.0), (9, 3), (15, 1), (17, 4.0)], [(0.0, 7.0), (8, 4), (13, 6), (20, 1.0)], [(0.0, 7.0), (10, 4), (15, 1), (20, 1.0)], [(0.0, 10.0), (11, 1), (15, 1), (17, 2)], [(0.0, 12.0), (14, 4)], [(0.0, 18.0)], [(0.0, 21.0)]]","[[21.0], [3.0], [2, 3.0], [2.0], [8.0, 3, 1, 4.0], [7.0, 4, 6, 1.0], [7.0, 4, 1, 1.0], [10.0, 1, 1, 2], [12.0, 4], [18.0], [21.0]]","[(0, 0.0, 0.0), (1, 18, 0.8571428571428571), (2, 16, 0.7619047619047619), (3, 19, 0.9047619047619048), (4, 5, 0.23809523809523808), (5, 3, 0.14285714285714285), (6, 8, 0.38095238095238093), (7, 7, 0.3333333333333333), (8, 5, 0.23809523809523808), (9, 3, 0.14285714285714285), (10, 0.0, 0.0)]","[(1, 18.0, 18.0, 1.0, 0, 18), (2, 16.0, 18.0, 0.8888888888888888, 0, 18), (3, 19.0, 19.0, 1.0, 0, 19), (4, 5.0, 9.0, 0.5555555555555556, 8, 17), (5, 3.0, 13.0, 0.23076923076923078, 7, 20), (6, 8.0, 13.0, 0.6153846153846154, 7, 20), (7, 7.0, 11.0, 0.6363636363636364, 10, 21), (8, 5.0, 9.0, 0.5555555555555556, 12, 21), (9, 3.0, 3.0, 1.0, 18, 21)]",84,2,3.6570000648498535,0.0
287,Experiment 3,6 Layers,26,16.0,"[[(0.0, 16.0)], [(13, 3.0)], [(12, 4.0)], [(13, 3.0)], [(0.0, 2.0), (3, 1), (5, 2), (9, 1), (12, 4.0)], [(0.0, 5.0), (7, 3), (11, 1), (14, 2.0)], [(0.0, 2.0), (3, 6), (11, 2), (14, 2.0)], [(0.0, 3.0), (5, 1), (14, 2.0)], [(0.0, 12.0), (13, 1), (15, 1.0)], [(0.0, 9.0), (11, 1), (13, 1), (15, 1.0)], [(0.0, 7.0), (8, 1), (10, 1), (12, 1), (15, 1.0)], [(0.0, 10.0), (11, 1)], [(0.0, 9.0), (13, 2)], [(0.0, 16.0)]]","[[16.0], [3.0], [4.0], [3.0], [2.0, 1, 2, 1, 4.0], [5.0, 3, 1, 2.0], [2.0, 6, 2, 2.0], [3.0, 1, 2.0], [12.0, 1, 1.0], [9.0, 1, 1, 1.0], [7.0, 1, 1, 1, 1.0], [10.0, 1], [9.0, 2], [16.0]]","[(0, 0.0, 0.0), (1, 13, 0.8125), (2, 12, 0.75), (3, 13, 0.8125), (4, 6, 0.375), (5, 5, 0.3125), (6, 4, 0.25), (7, 10, 0.625), (8, 2, 0.125), (9, 4, 0.25), (10, 5, 0.3125), (11, 5, 0.3125), (12, 5, 0.3125), (13, 0.0, 0.0)]","[(1, 13.0, 13.0, 1.0, 0, 13), (2, 12.0, 12.0, 1.0, 0, 12), (3, 13.0, 13.0, 1.0, 0, 13), (4, 6.0, 10.0, 0.6, 2, 12), (5, 5.0, 9.0, 0.5555555555555556, 5, 14), (6, 4.0, 12.0, 0.3333333333333333, 2, 14), (7, 10.0, 11.0, 0.9090909090909091, 3, 14), (8, 2.0, 3.0, 0.6666666666666666, 12, 15), (9, 4.0, 6.0, 0.6666666666666666, 9, 15), (10, 5.0, 8.0, 0.625, 7, 15), (11, 5.0, 6.0, 0.8333333333333334, 10, 16), (12, 5.0, 7.0, 0.7142857142857143, 9, 16)]",84,2,6.174000024795532,0.0
288,Experiment 3,3 Layers,27,32.0,"[[(0.0, 32.0)], [(0.0, 32.0)], [(0.0, 32.0)], [(0.0, 32.0)], [(0.0, 32.0)]]","[[32.0], [], [], [], [32.0]]","[(0, 0.0, 0.0), (1, 32, 1.0), (2, 32, 1.0), (3, 32, 1.0), (4, 0.0, 0.0)]","[(1, 32.0, 32.0, 1.0, 0, 32), (2, 32.0, 32.0, 1.0, 0, 32), (3, 32.0, 32.0, 1.0, 0, 32)]",96,2,4.922999858856201,0.0
289,Experiment 3,4 Layers,27,21.0,"[[(0.0, 21.0)], [(19, 2.0)], [(12, 2), (18, 3.0)], [(19, 2.0)], [(0.0, 3.0)], [(0.0, 4.0), (6, 3), (13, 2)], [(0.0, 8.0), (10, 1)], [(0.0, 21.0)]]","[[21.0], [2.0], [2, 3.0], [2.0], [3.0], [4.0, 3, 2], [8.0, 1], [21.0]]","[(0, 0.0, 0.0), (1, 19, 0.9047619047619048), (2, 16, 0.7619047619047619), (3, 19, 0.9047619047619048), (4, 18, 0.8571428571428571), (5, 12, 0.5714285714285714), (6, 12, 0.5714285714285714), (7, 0.0, 0.0)]","[(1, 19.0, 19.0, 1.0, 0, 19), (2, 16.0, 18.0, 0.8888888888888888, 0, 18), (3, 19.0, 19.0, 1.0, 0, 19), (4, 18.0, 18.0, 1.0, 3, 21), (5, 12.0, 17.0, 0.7058823529411765, 4, 21), (6, 12.0, 13.0, 0.9230769230769231, 8, 21)]",96,2,2.883000135421753,0.0
290,Experiment 3,5 Layers,27,21.0,"[[(0.0, 21.0)], [(19, 2.0)], [(16, 5.0)], [(19, 2.0)], [(0.0, 3.0), (6, 3), (18, 3.0)], [(0.0, 5.0), (6, 6), (13, 3), (17, 2), (20, 1.0)], [(0.0, 4.0), (5, 3), (13, 2), (20, 1.0)], [(0.0, 13.0), (15, 3)], [(0.0, 16.0), (19, 1)], [(0.0, 13.0), (17, 1), (19, 1)], [(0.0, 21.0)]]","[[21.0], [2.0], [5.0], [2.0], [3.0, 3, 3.0], [5.0, 6, 3, 2, 1.0], [4.0, 3, 2, 1.0], [13.0, 3], [16.0, 1], [13.0, 1, 1], [21.0]]","[(0, 0.0, 0.0), (1, 19, 0.9047619047619048), (2, 16, 0.7619047619047619), (3, 19, 0.9047619047619048), (4, 12, 0.5714285714285714), (5, 4, 0.19047619047619047), (6, 11, 0.5238095238095238), (7, 5, 0.23809523809523808), (8, 4, 0.19047619047619047), (9, 6, 0.2857142857142857), (10, 0.0, 0.0)]","[(1, 19.0, 19.0, 1.0, 0, 19), (2, 16.0, 16.0, 1.0, 0, 16), (3, 19.0, 19.0, 1.0, 0, 19), (4, 12.0, 15.0, 0.8, 3, 18), (5, 4.0, 15.0, 0.26666666666666666, 5, 20), (6, 11.0, 16.0, 0.6875, 4, 20), (7, 5.0, 8.0, 0.625, 13, 21), (8, 4.0, 5.0, 0.8, 16, 21), (9, 6.0, 8.0, 0.75, 13, 21)]",96,2,4.638000011444092,0.0
291,Experiment 3,6 Layers,27,17.0,"[[(0.0, 17.0)], [(10, 1), (13, 4.0)], [(12, 5.0)], [(14, 3.0)], [(0.0, 5.0), (8, 3), (12, 1), (15, 2.0)], [(0.0, 6.0), (7, 1), (9, 2), (13, 4.0)], [(0.0, 2.0), (5, 3), (9, 1), (11, 3), (15, 2.0)], [(0.0, 3.0), (16, 1.0)], [(0.0, 5.0), (8, 1), (10, 1), (12, 1), (15, 2.0)], [(0.0, 8.0), (11, 1), (16, 1.0)], [(0.0, 10.0), (11, 4)], [(0.0, 6.0), (7, 2), (12, 1), (15, 1)], [(0.0, 9.0), (10, 2), (13, 1)], [(0.0, 17.0)]]","[[17.0], [1, 4.0], [5.0], [3.0], [5.0, 3, 1, 2.0], [6.0, 1, 2, 4.0], [2.0, 3, 1, 3, 2.0], [3.0, 1.0], [5.0, 1, 1, 1, 2.0], [8.0, 1, 1.0], [10.0, 4], [6.0, 2, 1, 1], [9.0, 2, 1], [17.0]]","[(0, 0.0, 0.0), (1, 12, 0.7058823529411765), (2, 12, 0.7058823529411765), (3, 14, 0.8235294117647058), (4, 6, 0.35294117647058826), (5, 4, 0.23529411764705882), (6, 6, 0.35294117647058826), (7, 13, 0.7647058823529411), (8, 7, 0.4117647058823529), (9, 7, 0.4117647058823529), (10, 3, 0.17647058823529413), (11, 7, 0.4117647058823529), (12, 5, 0.29411764705882354), (13, 0.0, 0.0)]","[(1, 12.0, 13.0, 0.9230769230769231, 0, 13), (2, 12.0, 12.0, 1.0, 0, 12), (3, 14.0, 14.0, 1.0, 0, 14), (4, 6.0, 10.0, 0.6, 5, 15), (5, 4.0, 7.0, 0.5714285714285714, 6, 13), (6, 6.0, 13.0, 0.46153846153846156, 2, 15), (7, 13.0, 13.0, 1.0, 3, 16), (8, 7.0, 10.0, 0.7, 5, 15), (9, 7.0, 8.0, 0.875, 8, 16), (10, 3.0, 7.0, 0.42857142857142855, 10, 17), (11, 7.0, 11.0, 0.6363636363636364, 6, 17), (12, 5.0, 8.0, 0.625, 9, 17)]",96,2,6.0950000286102295,0.0
292,Experiment 3,3 Layers,28,27.0,"[[(0.0, 27.0)], [(0.0, 27.0)], [(0.0, 27.0)], [(16, 1)], [(0.0, 27.0)]]","[[27.0], [], [], [1], [27.0]]","[(0, 0.0, 0.0), (1, 27, 1.0), (2, 27, 1.0), (3, 26, 0.9629629629629629), (4, 0.0, 0.0)]","[(1, 27.0, 27.0, 1.0, 0, 27), (2, 27.0, 27.0, 1.0, 0, 27), (3, 26.0, 27.0, 0.9629629629629629, 0, 27)]",80,2,2.7269999980926514,0.0
293,Experiment 3,4 Layers,28,18.0,"[[(0.0, 18.0)], [(15, 3.0)], [(16, 2.0)], [(6, 2), (16, 2.0)], [(0.0, 6.0)], [(0.0, 2.0), (11, 1)], [(0.0, 7.0), (9, 1), (12, 2)], [(0.0, 18.0)]]","[[18.0], [3.0], [2.0], [2, 2.0], [6.0], [2.0, 1], [7.0, 1, 2], [18.0]]","[(0, 0.0, 0.0), (1, 15, 0.8333333333333334), (2, 16, 0.8888888888888888), (3, 14, 0.7777777777777778), (4, 12, 0.6666666666666666), (5, 15, 0.8333333333333334), (6, 8, 0.4444444444444444), (7, 0.0, 0.0)]","[(1, 15.0, 15.0, 1.0, 0, 15), (2, 16.0, 16.0, 1.0, 0, 16), (3, 14.0, 16.0, 0.875, 0, 16), (4, 12.0, 12.0, 1.0, 6, 18), (5, 15.0, 16.0, 0.9375, 2, 18), (6, 8.0, 11.0, 0.7272727272727273, 7, 18)]",80,2,3.749000072479248,0.0
294,Experiment 3,5 Layers,28,18.0,"[[(0.0, 18.0)], [(9, 1), (15, 3.0)], [(16, 2.0)], [(15, 3.0)], [(0.0, 7.0), (8, 2), (11, 3), (16, 2.0)], [(0.0, 4.0), (5, 3), (9, 3), (13, 3), (17, 1.0)], [(0.0, 6.0), (8, 1), (10, 1), (13, 1), (15, 1), (17, 1.0)], [(0.0, 8.0), (11, 2), (15, 1), (17, 1.0)], [(0.0, 7.0), (11, 1), (13, 2)], [(0.0, 9.0), (10, 2), (14, 1)], [(0.0, 18.0)]]","[[18.0], [1, 3.0], [2.0], [3.0], [7.0, 2, 3, 2.0], [4.0, 3, 3, 3, 1.0], [6.0, 1, 1, 1, 1, 1.0], [8.0, 2, 1, 1.0], [7.0, 1, 2], [9.0, 2, 1], [18.0]]","[(0, 0.0, 0.0), (1, 14, 0.7777777777777778), (2, 16, 0.8888888888888888), (3, 15, 0.8333333333333334), (4, 4, 0.2222222222222222), (5, 4, 0.2222222222222222), (6, 7, 0.3888888888888889), (7, 6, 0.3333333333333333), (8, 8, 0.4444444444444444), (9, 6, 0.3333333333333333), (10, 0.0, 0.0)]","[(1, 14.0, 15.0, 0.9333333333333333, 0, 15), (2, 16.0, 16.0, 1.0, 0, 16), (3, 15.0, 15.0, 1.0, 0, 15), (4, 4.0, 9.0, 0.4444444444444444, 7, 16), (5, 4.0, 13.0, 0.3076923076923077, 4, 17), (6, 7.0, 11.0, 0.6363636363636364, 6, 17), (7, 6.0, 9.0, 0.6666666666666666, 8, 17), (8, 8.0, 11.0, 0.7272727272727273, 7, 18), (9, 6.0, 9.0, 0.6666666666666666, 9, 18)]",80,2,2.93500018119812,0.0
295,Experiment 3,6 Layers,28,13.0,"[[(0.0, 13.0)], [(10, 3.0)], [(10, 3.0)], [(10, 3.0)], [(0.0, 3.0), (4, 2), (9, 1), (11, 2.0)], [(0.0, 1.0), (3, 1), (5, 1), (8, 2), (11, 2.0)], [(0.0, 2.0), (3, 1), (5, 2), (8, 2), (11, 2.0)], [(0.0, 2.0), (3, 2), (6, 1), (8, 1), (10, 1), (12, 1.0)], [(0.0, 3.0), (4, 1), (6, 1), (10, 1), (12, 1.0)], [(0.0, 3.0), (4, 1), (6, 2), (9, 2), (12, 1.0)], [(0.0, 5.0), (10, 1)], [(0.0, 4.0), (8, 1), (11, 1)], [(0.0, 7.0)], [(0.0, 13.0)]]","[[13.0], [3.0], [3.0], [3.0], [3.0, 2, 1, 2.0], [1.0, 1, 1, 2, 2.0], [2.0, 1, 2, 2, 2.0], [2.0, 2, 1, 1, 1, 1.0], [3.0, 1, 1, 1, 1.0], [3.0, 1, 2, 2, 1.0], [5.0, 1], [4.0, 1, 1], [7.0], [13.0]]","[(0, 0.0, 0.0), (1, 10, 0.7692307692307693), (2, 10, 0.7692307692307693), (3, 10, 0.7692307692307693), (4, 5, 0.38461538461538464), (5, 6, 0.46153846153846156), (6, 4, 0.3076923076923077), (7, 5, 0.38461538461538464), (8, 6, 0.46153846153846156), (9, 4, 0.3076923076923077), (10, 7, 0.5384615384615384), (11, 7, 0.5384615384615384), (12, 6, 0.46153846153846156), (13, 0.0, 0.0)]","[(1, 10.0, 10.0, 1.0, 0, 10), (2, 10.0, 10.0, 1.0, 0, 10), (3, 10.0, 10.0, 1.0, 0, 10), (4, 5.0, 8.0, 0.625, 3, 11), (5, 6.0, 10.0, 0.6, 1, 11), (6, 4.0, 9.0, 0.4444444444444444, 2, 11), (7, 5.0, 10.0, 0.5, 2, 12), (8, 6.0, 9.0, 0.6666666666666666, 3, 12), (9, 4.0, 9.0, 0.4444444444444444, 3, 12), (10, 7.0, 8.0, 0.875, 5, 13), (11, 7.0, 9.0, 0.7777777777777778, 4, 13), (12, 6.0, 6.0, 1.0, 7, 13)]",80,2,5.293999910354614,0.0
296,Experiment 3,3 Layers,29,29.0,"[[(0.0, 29.0)], [(0.0, 29.0)], [(11, 1)], [(0.0, 29.0)], [(0.0, 29.0)]]","[[29.0], [], [1], [], [29.0]]","[(0, 0.0, 0.0), (1, 29, 1.0), (2, 28, 0.9655172413793104), (3, 29, 1.0), (4, 0.0, 0.0)]","[(1, 29.0, 29.0, 1.0, 0, 29), (2, 28.0, 29.0, 0.9655172413793104, 0, 29), (3, 29.0, 29.0, 1.0, 0, 29)]",86,2,2.868000030517578,0.0
297,Experiment 3,4 Layers,29,18.0,"[[(0.0, 18.0)], [(14, 4.0)], [(15, 3.0)], [(15, 3.0)], [(0.0, 3.0), (7, 1), (16, 2.0)], [(0.0, 3.0)], [(0.0, 3.0)], [(0.0, 18.0)]]","[[18.0], [4.0], [3.0], [3.0], [3.0, 1, 2.0], [3.0], [3.0], [18.0]]","[(0, 0.0, 0.0), (1, 14, 0.7777777777777778), (2, 15, 0.8333333333333334), (3, 15, 0.8333333333333334), (4, 12, 0.6666666666666666), (5, 15, 0.8333333333333334), (6, 15, 0.8333333333333334), (7, 0.0, 0.0)]","[(1, 14.0, 14.0, 1.0, 0, 14), (2, 15.0, 15.0, 1.0, 0, 15), (3, 15.0, 15.0, 1.0, 0, 15), (4, 12.0, 13.0, 0.9230769230769231, 3, 16), (5, 15.0, 15.0, 1.0, 3, 18), (6, 15.0, 15.0, 1.0, 3, 18)]",86,2,1.7709999084472656,0.0
298,Experiment 3,5 Layers,29,18.0,"[[(0.0, 18.0)], [(0.0, 1.0), (9, 1), (16, 2.0)], [(15, 3.0)], [(15, 3.0)], [(0.0, 4.0), (5, 1), (7, 5), (13, 1), (15, 1), (17, 1.0)], [(0.0, 3.0), (5, 1), (8, 1), (17, 1.0)], [(0.0, 4.0), (6, 4), (12, 1), (17, 1.0)], [(0.0, 7.0), (8, 1), (12, 5)], [(0.0, 8.0), (10, 3), (16, 1)], [(0.0, 10.0), (11, 1), (14, 1)], [(0.0, 18.0)]]","[[18.0], [1.0, 1, 2.0], [3.0], [3.0], [4.0, 1, 5, 1, 1, 1.0], [3.0, 1, 1, 1.0], [4.0, 4, 1, 1.0], [7.0, 1, 5], [8.0, 3, 1], [10.0, 1, 1], [18.0]]","[(0, 0.0, 0.0), (1, 14, 0.7777777777777778), (2, 15, 0.8333333333333334), (3, 15, 0.8333333333333334), (4, 5, 0.2777777777777778), (5, 12, 0.6666666666666666), (6, 8, 0.4444444444444444), (7, 5, 0.2777777777777778), (8, 6, 0.3333333333333333), (9, 6, 0.3333333333333333), (10, 0.0, 0.0)]","[(1, 14.0, 15.0, 0.9333333333333333, 1, 16), (2, 15.0, 15.0, 1.0, 0, 15), (3, 15.0, 15.0, 1.0, 0, 15), (4, 5.0, 13.0, 0.38461538461538464, 4, 17), (5, 12.0, 14.0, 0.8571428571428571, 3, 17), (6, 8.0, 13.0, 0.6153846153846154, 4, 17), (7, 5.0, 11.0, 0.45454545454545453, 7, 18), (8, 6.0, 10.0, 0.6, 8, 18), (9, 6.0, 8.0, 0.75, 10, 18)]",86,2,2.7009999752044678,0.0
299,Experiment 3,6 Layers,29,14.0,"[[(0.0, 14.0)], [(4, 10.0)], [(1, 1), (6, 8.0)], [(3, 1), (5, 1), (7, 1), (9, 5.0)], [(0.0, 1.0), (2, 1), (11, 3.0)], [(0.0, 1.0), (11, 3.0)], [(0.0, 1.0), (11, 3.0)], [(0.0, 2.0), (3, 3), (8, 1), (10, 1), (12, 2.0)], [(0.0, 3.0), (13, 1.0)], [(0.0, 3.0), (13, 1.0)], [(0.0, 7.0), (8, 1), (11, 1), (13, 1.0)], [(0.0, 7.0), (10, 1)], [(0.0, 3.0), (6, 2), (9, 2)], [(0.0, 14.0)]]","[[14.0], [10.0], [1, 8.0], [1, 1, 1, 5.0], [1.0, 1, 3.0], [1.0, 3.0], [1.0, 3.0], [2.0, 3, 1, 1, 2.0], [3.0, 1.0], [3.0, 1.0], [7.0, 1, 1, 1.0], [7.0, 1], [3.0, 2, 2], [14.0]]","[(0, 0.0, 0.0), (1, 4, 0.2857142857142857), (2, 5, 0.35714285714285715), (3, 6, 0.42857142857142855), (4, 9, 0.6428571428571429), (5, 10, 0.7142857142857143), (6, 10, 0.7142857142857143), (7, 5, 0.35714285714285715), (8, 10, 0.7142857142857143), (9, 10, 0.7142857142857143), (10, 4, 0.2857142857142857), (11, 6, 0.42857142857142855), (12, 7, 0.5), (13, 0.0, 0.0)]","[(1, 4.0, 4.0, 1.0, 0, 4), (2, 5.0, 6.0, 0.8333333333333334, 0, 6), (3, 6.0, 9.0, 0.6666666666666666, 0, 9), (4, 9.0, 10.0, 0.9, 1, 11), (5, 10.0, 10.0, 1.0, 1, 11), (6, 10.0, 10.0, 1.0, 1, 11), (7, 5.0, 10.0, 0.5, 2, 12), (8, 10.0, 10.0, 1.0, 3, 13), (9, 10.0, 10.0, 1.0, 3, 13), (10, 4.0, 6.0, 0.6666666666666666, 7, 13), (11, 6.0, 7.0, 0.8571428571428571, 7, 14), (12, 7.0, 11.0, 0.6363636363636364, 3, 14)]",86,2,0.7740001678466797,0.0
